orig.ident,nCount_RNA,nFeature_RNA
control,2344,874
control,3125,896
control,2578,725
control,3261,979
control,746,362
control,3519,866
control,3328,1137
control,484,281
control,1991,650
control,1186,447
control,889,452
control,1606,561
control,762,493
control,835,402
control,2863,998
control,1439,596
control,811,309
control,311,162
control,2352,903
control,1003,440
control,2596,676
control,5056,1356
control,2373,883
control,1071,491
control,585,270
control,1531,567
control,1031,384
control,1409,480
control,266,192
control,1768,747
control,1335,492
control,832,385
control,886,397
control,1370,597
control,564,301
control,1252,617
control,1428,572
control,1108,462
control,1408,557
control,880,436
control,3718,940
control,516,309
control,2088,850
control,1896,649
control,532,341
control,3676,928
control,1071,586
control,3718,942
control,1227,486
control,1339,551
control,1209,538
control,1139,584
control,1964,782
control,1157,549
control,3076,870
control,1502,525
control,994,433
control,1425,594
control,333,117
control,1967,736
control,1027,336
control,2450,919
control,623,289
control,1330,582
control,3698,984
control,1317,531
control,434,240
control,4111,1261
control,1543,762
control,1032,378
control,850,332
control,2357,831
control,1510,583
control,1343,480
control,984,434
control,1134,409
control,1938,611
control,1100,511
control,1093,528
control,1332,524
control,2287,785
control,1125,404
control,1246,559
control,1718,609
control,1618,600
control,1729,604
control,1462,621
control,1496,495
control,1430,595
control,802,498
control,732,378
control,1132,572
control,1170,644
control,1095,631
control,1999,677
control,2651,741
control,616,289
control,2439,913
control,998,407
control,1034,423
control,1182,455
control,2125,568
control,1261,529
control,1338,663
control,1102,424
control,1006,465
control,992,380
control,2900,883
control,749,381
control,2131,836
control,1785,555
control,539,284
control,582,309
control,1188,481
control,808,366
control,832,414
control,1666,566
control,2399,912
control,1192,494
control,1199,559
control,990,446
control,759,330
control,990,437
control,3104,890
control,864,404
control,1233,510
control,765,304
control,3179,955
control,1020,432
control,804,433
control,699,244
control,713,332
control,2034,725
control,1829,618
control,400,274
control,1401,506
control,1474,628
control,987,468
control,1194,536
control,2771,924
control,1474,585
control,935,366
control,1046,400
control,1380,536
control,2801,811
control,655,288
control,1472,568
control,2755,904
control,2041,685
control,1020,478
control,2593,914
control,1094,501
control,873,431
control,1594,587
control,991,407
control,1094,643
control,681,362
control,1923,677
control,1552,545
control,4554,1493
control,252,166
control,2022,864
control,1271,497
control,1683,585
control,1493,492
control,1235,419
control,1627,478
control,3708,1024
control,3689,1118
control,4299,1124
control,3362,1046
control,982,501
control,267,150
control,1180,492
control,3149,980
control,2728,956
control,3040,844
control,1842,776
control,444,224
control,1121,493
control,453,251
control,1301,453
control,1935,748
control,2640,969
control,479,302
control,2494,631
control,718,376
control,5778,1692
control,841,378
control,1244,485
control,916,323
control,397,198
control,835,409
control,2538,838
control,1507,616
control,3727,1046
control,2715,782
control,930,354
control,1240,449
control,2586,752
control,1097,485
control,2859,946
control,1421,500
control,1183,521
control,3616,1011
control,1189,524
control,2262,665
control,1074,569
control,1037,513
control,1283,564
control,998,414
control,1037,442
control,2350,895
control,683,340
control,1017,498
control,2934,937
control,1134,525
control,1317,567
control,2975,895
control,629,303
control,1006,353
control,809,389
control,910,465
control,1739,642
control,1276,489
control,1001,483
control,1826,768
control,4982,1299
control,1505,608
control,1607,625
control,1196,447
control,1807,544
control,1279,546
control,1688,529
control,2270,762
control,1693,920
control,844,393
control,1011,407
control,1357,649
control,2548,811
control,950,514
control,1005,472
control,1958,631
control,2004,733
control,1073,416
control,1369,466
control,476,182
control,1001,414
control,1062,479
control,3396,850
control,992,424
control,1438,511
control,1520,560
control,2413,951
control,403,220
control,852,436
control,1239,502
control,2011,708
control,952,392
control,742,467
control,930,426
control,739,403
control,1008,417
control,2004,689
control,1952,734
control,1187,450
control,1243,654
control,1004,513
control,1853,660
control,4001,1061
control,3056,847
control,843,471
control,1826,825
control,1127,433
control,3917,1150
control,2485,897
control,1201,535
control,1171,477
control,1495,656
control,1137,473
control,360,202
control,2741,1023
control,1106,467
control,2955,1247
control,1809,614
control,4732,1182
control,742,433
control,946,478
control,4252,1001
control,217,101
control,1003,528
control,863,470
control,975,451
control,2259,797
control,1813,660
control,1250,525
control,1269,471
control,2615,857
control,1245,501
control,1109,402
control,1380,622
control,357,224
control,1426,540
control,629,349
control,4759,1982
control,2468,891
control,920,481
control,1193,517
control,1089,433
control,1405,544
control,3062,791
control,2887,1235
control,657,346
control,1382,553
control,2609,727
control,2416,771
control,2818,821
control,607,298
control,3271,978
control,468,290
control,1841,643
control,1594,567
control,1473,626
control,1422,568
control,487,269
control,874,424
control,1003,535
control,2875,1039
control,980,483
control,1374,561
control,1100,405
control,2644,822
control,1803,552
control,1484,578
control,1443,615
control,1431,582
control,3111,974
control,890,423
control,4206,1237
control,1013,470
control,2423,763
control,1014,412
control,896,432
control,1696,510
control,1070,447
control,575,353
control,658,284
control,286,170
control,2433,968
control,1734,499
control,1473,569
control,1258,621
control,1014,470
control,2217,698
control,1142,489
control,3535,916
control,1226,464
control,1043,413
control,1212,586
control,1054,504
control,778,465
control,2268,744
control,721,363
control,3334,1060
control,1646,594
control,1257,498
control,882,395
control,995,516
control,5011,1530
control,2451,788
control,3101,1001
control,981,462
control,1123,444
control,1094,528
control,1301,488
control,1711,608
control,2118,669
control,523,289
control,1155,549
control,1844,599
control,1627,814
control,4011,1159
control,459,229
control,5066,1335
control,1139,443
control,1495,463
control,1601,547
control,748,278
control,716,380
control,1149,460
control,1393,748
control,506,278
control,1780,747
control,2372,642
control,1656,662
control,815,435
control,1216,488
control,1588,544
control,1631,508
control,929,477
control,1915,704
control,1087,527
control,297,229
control,4518,1429
control,269,129
control,967,434
control,1496,458
control,2321,1022
control,1470,615
control,558,272
control,1364,539
control,1668,587
control,341,196
control,1032,497
control,1375,521
control,983,439
control,1125,555
control,4267,1252
control,1696,788
control,1409,564
control,1859,674
control,1501,535
control,1065,469
control,715,410
control,2866,935
control,1077,485
control,938,379
control,1132,569
control,650,374
control,779,446
control,851,489
control,3249,852
control,941,459
control,1405,516
control,2093,877
control,1352,446
control,1098,442
control,650,376
control,523,334
control,1205,580
control,975,469
control,3956,1148
control,1243,453
control,1210,468
control,1445,520
control,3781,1155
control,2004,752
control,1159,531
control,3042,889
control,1380,411
control,1546,609
control,786,423
control,3446,1118
control,1387,570
control,634,280
control,524,248
control,612,326
control,989,441
control,863,415
control,1420,509
control,1012,446
control,944,515
control,1196,667
control,3895,1303
control,1719,597
control,1206,505
control,2637,938
control,1005,442
control,2689,764
control,421,188
control,966,449
control,2645,823
control,871,408
control,1090,518
control,2465,988
control,2229,679
control,706,361
control,342,241
control,3354,1222
control,240,125
control,1809,547
control,1115,398
control,3526,1166
control,2206,705
control,1121,476
control,1202,462
control,1126,439
control,1671,600
control,1134,479
control,1150,519
control,1771,654
control,1248,459
control,416,182
control,516,221
control,810,371
control,1998,572
control,2361,805
control,3318,906
control,1158,513
control,1375,616
control,3702,1153
control,2083,780
control,1939,716
control,996,426
control,547,259
control,3476,963
control,208,125
control,1015,419
control,1976,1058
control,1232,449
control,648,355
control,1572,572
control,1345,559
control,1023,430
control,3585,1027
control,1066,465
control,685,330
control,2278,765
control,1495,563
control,994,500
control,1522,573
control,1437,656
control,1794,658
control,1444,621
control,1576,646
control,970,422
control,922,387
control,2147,601
control,2303,805
control,713,360
control,1497,686
control,882,448
control,2755,732
control,2796,931
control,1728,717
control,1050,465
control,2004,748
control,915,445
control,3032,932
control,753,386
control,3489,1040
control,1842,692
control,1089,536
control,1956,753
control,2327,787
control,1829,705
control,2790,852
control,1402,571
control,1168,418
control,362,172
control,1295,528
control,4929,1287
control,1075,454
control,1405,587
control,1175,529
control,478,261
control,1147,442
control,1234,492
control,1322,491
control,1547,732
control,1301,572
control,788,409
control,996,465
control,1067,409
control,1331,533
control,3935,1083
control,3111,991
control,3310,935
control,2509,925
control,526,264
control,2744,824
control,798,433
control,1123,638
control,1171,508
control,185,130
control,3480,1093
control,1065,444
control,1867,676
control,2306,660
control,2904,962
control,1141,463
control,1415,551
control,1315,515
control,2142,673
control,836,375
control,1285,498
control,1649,601
control,1046,491
control,3444,1015
control,1444,512
control,1113,574
control,1010,456
control,2057,656
control,1121,507
control,856,388
control,5141,1339
control,1287,447
control,2487,717
control,997,456
control,1112,443
control,2503,682
control,983,479
control,1827,631
control,709,379
control,775,361
control,3209,1047
control,2125,868
control,1240,594
control,2168,599
control,536,296
control,1364,514
control,1183,538
control,1161,520
control,1168,582
control,2576,1144
control,5619,1182
control,1509,577
control,1005,514
control,1013,528
control,1320,493
control,1311,532
control,1087,428
control,902,413
control,3652,1065
control,405,197
control,1480,514
control,1568,654
control,972,433
control,1047,511
control,869,447
control,2190,735
control,852,440
control,1231,575
control,743,392
control,2732,736
control,682,379
control,1319,563
control,2959,998
control,373,238
control,1419,534
control,1763,670
control,3941,1109
control,1257,575
control,2172,856
control,976,482
control,1109,451
control,1379,498
control,1350,526
control,998,478
control,2312,649
control,1488,480
control,727,408
control,792,313
control,1161,589
control,2674,839
control,972,476
control,2255,1069
control,2965,1027
control,1567,626
control,2349,1160
control,1844,644
control,814,431
control,272,187
control,951,481
control,1110,505
control,1172,511
control,509,295
control,1398,550
control,680,338
control,1198,484
control,443,270
control,1179,388
control,206,113
control,4536,1265
control,1330,660
control,941,413
control,2594,816
control,2306,705
control,1323,544
control,780,397
control,1814,607
control,1572,539
control,1849,715
control,435,265
control,1311,491
control,2338,796
control,880,417
control,3637,1247
control,1820,568
control,2198,792
control,538,261
control,1505,621
control,1257,444
control,1492,661
control,281,141
control,1122,441
control,1665,681
control,2707,885
control,4233,1142
control,1822,714
control,2654,806
control,3572,1026
control,1729,594
control,1158,539
control,1061,482
control,1359,566
control,2251,909
control,1160,428
control,1154,471
control,1896,660
control,1156,407
control,923,426
control,1166,512
control,1230,486
control,1352,529
control,575,301
control,1970,791
control,1341,567
control,1226,508
control,1000,452
control,1168,508
control,1839,931
control,1196,460
control,277,103
control,717,366
control,1953,864
control,1171,454
control,849,415
control,447,274
control,2223,865
control,1065,476
control,2036,633
control,3114,1005
control,3758,903
control,1418,604
control,1085,564
control,885,434
control,2109,784
control,790,404
control,705,394
control,3850,1068
control,980,430
control,2917,972
control,1033,439
control,3666,918
control,3258,975
control,1344,545
control,877,387
control,382,235
control,2169,889
control,3795,957
control,787,450
control,1014,439
control,894,402
control,1572,577
control,852,339
control,735,426
control,1560,544
control,1401,402
control,1053,594
control,763,368
control,1545,693
control,1291,546
control,1318,538
control,1118,657
control,981,431
control,1673,641
control,693,401
control,1699,725
control,1022,490
control,761,428
control,1483,614
control,873,340
control,2526,859
control,1301,510
control,855,427
control,795,370
control,980,466
control,1861,590
control,2926,939
control,1851,645
control,1405,510
control,821,360
control,1147,440
control,1468,622
control,419,229
control,2772,885
control,2346,629
control,2144,947
control,939,442
control,982,409
control,1289,542
control,1235,555
control,640,283
control,1788,549
control,2585,833
control,730,460
control,1967,556
control,2388,689
control,607,303
control,1127,392
control,1163,535
control,1690,578
control,833,521
control,1875,710
control,1076,456
control,1223,439
control,6147,1594
control,1112,383
control,1600,673
control,1920,597
control,3254,849
control,2510,804
control,1012,410
control,1169,479
control,1341,577
control,2457,728
control,1112,479
control,1319,534
control,3044,820
control,777,369
control,1214,540
control,1665,680
control,2553,808
control,1828,537
control,374,186
control,1213,473
control,839,395
control,3369,822
control,774,399
control,1531,551
control,275,162
control,1252,576
control,593,256
control,848,399
control,449,223
control,2193,715
control,1475,506
control,1114,502
control,1207,448
control,1177,523
control,1113,489
control,1007,431
control,1246,490
control,4357,1083
control,1748,631
control,1590,755
control,1170,568
control,316,192
control,2806,876
control,1213,543
control,1501,584
control,1594,647
control,973,489
control,1155,472
control,683,412
control,1051,405
control,1168,523
control,1071,535
control,1471,503
control,2020,728
control,1660,593
control,905,388
control,1341,466
control,870,400
control,3067,864
control,1655,591
control,1184,480
control,1145,486
control,5550,1473
control,1596,519
control,2198,885
control,2727,876
control,1043,455
control,1652,649
control,578,326
control,1832,622
control,1939,911
control,1149,571
control,921,481
control,1250,525
control,3764,1056
control,1289,502
control,1609,471
control,596,294
control,635,338
control,2484,827
control,2433,796
control,3754,1147
control,3758,1004
control,671,340
control,754,408
control,322,195
control,941,410
control,3449,984
control,2398,678
control,2107,825
control,331,196
control,348,213
control,1079,382
control,1256,452
control,764,462
control,835,396
control,1797,593
control,889,353
control,3609,1086
control,1071,479
control,1285,550
control,1068,426
control,2005,755
control,957,393
control,664,383
control,1899,723
control,1228,432
control,1461,572
control,2870,1002
control,657,359
control,2010,733
control,1598,597
control,3571,1262
control,1942,614
control,1067,447
control,3034,794
control,1170,472
control,4145,964
control,2026,709
control,1228,508
control,2930,926
control,1218,505
control,582,341
control,1328,495
control,866,422
control,1322,537
control,3233,1091
control,988,501
control,991,452
control,1226,559
control,2913,932
control,1216,542
control,1537,525
control,2831,969
control,2498,1033
control,1276,618
control,1276,469
control,1226,457
control,762,360
control,1189,496
control,911,435
control,1066,422
control,2857,876
control,785,343
control,854,460
control,1692,659
control,880,360
control,2578,755
control,1873,732
control,1045,637
control,1115,437
control,1125,503
control,1229,421
control,963,441
control,1041,531
control,1173,500
control,987,381
control,1195,466
control,1200,404
control,890,477
control,1193,516
control,884,489
control,2044,646
control,961,565
control,1228,465
control,977,452
control,1087,407
control,1296,525
control,3765,1160
control,557,349
control,1690,827
control,1014,508
control,1161,607
control,906,473
control,459,256
control,1760,692
control,377,166
control,3549,1057
control,955,408
control,573,203
control,1026,436
control,2429,799
control,1185,475
control,952,442
control,733,370
control,1141,453
control,905,431
control,1253,508
control,819,322
control,854,431
control,1267,614
control,1178,401
control,2301,729
control,1041,477
control,1852,613
control,1077,641
control,1059,559
control,255,120
control,894,396
control,545,300
control,1030,480
control,877,416
control,3770,775
control,1144,433
control,831,416
control,2874,868
control,1447,511
control,1393,537
control,2042,832
control,1376,580
control,947,405
control,1005,441
control,2312,719
control,1110,491
control,1237,493
control,1355,551
control,1588,614
control,1346,447
control,1938,583
control,2630,873
control,1893,770
control,1245,501
control,5314,641
control,946,527
control,2523,779
control,2828,1002
control,696,388
control,912,469
control,834,454
control,662,437
control,1641,547
control,1274,471
control,160,106
control,637,353
control,1875,644
control,1785,675
control,873,438
control,2531,652
control,3375,1026
control,1112,446
control,644,348
control,1557,568
control,1305,481
control,1755,618
control,3221,1240
control,1489,579
control,1468,596
control,972,390
control,674,293
control,2836,808
control,2806,900
control,1257,544
control,1232,453
control,1656,574
control,970,579
control,494,311
control,1338,560
control,1779,671
control,188,120
control,3271,1055
control,1742,750
control,1027,452
control,2384,851
control,4302,1038
control,1430,560
control,1195,434
control,2547,1039
control,1058,418
control,1047,506
control,1440,561
control,765,365
control,1593,428
control,2887,993
control,887,461
control,1181,449
control,565,346
control,2342,764
control,2651,892
control,854,440
control,1941,540
control,880,433
control,2648,822
control,1239,518
control,1951,671
control,1665,592
control,2337,657
control,897,416
control,1128,468
control,1715,554
control,1432,734
control,4395,1158
control,1258,563
control,1055,450
control,2939,1085
control,903,364
control,428,179
control,1887,842
control,869,500
control,1433,475
control,1797,539
control,1073,526
control,3656,1027
control,2967,920
control,1153,431
control,844,368
control,801,415
control,1000,471
control,2760,968
control,1509,528
control,582,339
control,2436,710
control,1234,644
control,1003,456
control,1354,459
control,920,421
control,1134,525
control,1136,513
control,1116,537
control,980,396
control,1499,516
control,4078,1068
control,5445,1069
control,762,305
control,3115,1007
control,1545,557
control,657,365
control,1565,492
control,659,362
control,1231,472
control,2847,666
control,2033,614
control,1850,885
control,1426,447
control,2618,851
control,813,379
control,2538,869
control,1235,497
control,5389,1366
control,987,493
control,3216,1284
control,621,317
control,2340,799
control,1455,572
control,2638,773
control,1031,468
control,1355,524
control,2766,913
control,634,309
control,999,360
control,917,508
control,1362,483
control,1326,575
control,1971,699
control,464,261
control,1175,477
control,5960,1587
control,682,346
control,1215,434
control,3242,937
control,614,351
control,2035,631
control,830,449
control,2601,708
control,1390,484
control,947,385
control,1185,543
control,2044,886
control,1745,436
control,1543,529
control,1330,508
control,1899,632
control,2318,851
control,2876,942
control,1354,418
control,1657,737
control,914,451
control,703,434
control,2589,795
control,997,488
control,2851,1041
control,876,448
control,3241,816
control,1243,565
control,904,408
control,741,352
control,5307,1152
control,1290,487
control,794,434
control,3143,1058
control,1227,533
control,1251,439
control,2327,797
control,2863,831
control,2073,626
control,1500,516
control,944,437
control,1108,519
control,1092,446
control,4202,1151
control,908,446
control,4950,1467
control,847,351
control,7948,1862
control,1847,716
control,980,393
control,763,388
control,760,375
control,1600,582
control,2287,715
control,2525,777
control,1591,613
control,1489,530
control,1027,486
control,1679,652
control,1813,767
control,908,434
control,995,482
control,1808,878
control,897,393
control,3478,909
control,1042,465
control,1514,525
control,1044,634
control,582,322
control,922,464
control,2380,680
control,2649,937
control,845,369
control,640,376
control,1043,491
control,3987,1187
control,689,340
control,2525,835
control,1190,510
control,876,378
control,2180,846
control,1209,500
control,185,115
control,580,249
control,1599,567
control,2577,1007
control,3431,1006
control,828,415
control,3970,1095
control,1230,453
control,1371,535
control,1070,450
control,896,412
control,1196,535
control,517,308
control,1352,469
control,683,390
control,382,149
control,2794,805
control,705,447
control,755,446
control,3487,881
control,1430,540
control,1155,449
control,2203,730
control,1768,575
control,928,403
control,693,309
control,589,255
control,888,421
control,978,441
control,937,440
control,2261,738
control,2437,754
control,2134,921
control,778,408
control,1425,511
control,1737,928
control,813,368
control,883,426
control,740,366
control,969,444
control,462,248
control,2352,766
control,965,500
control,4228,1126
control,1103,403
control,3037,831
control,4394,1098
control,3340,1010
control,1733,883
control,1587,577
control,762,487
control,1303,463
control,2129,675
control,881,377
control,3929,991
control,1003,537
control,1315,484
control,596,391
control,1221,520
control,1106,579
control,719,405
control,1018,606
control,415,263
control,964,391
control,1003,466
control,816,478
control,1560,539
control,1617,566
control,4095,1210
control,948,496
control,1485,506
control,1027,451
control,1484,470
control,865,406
control,1230,435
control,1263,546
control,322,197
control,966,461
control,406,226
control,1732,777
control,4052,1149
control,1531,644
control,1215,447
control,1459,684
control,6839,1552
control,3511,1044
control,1389,494
control,1114,490
control,1256,428
control,2755,885
control,2018,786
control,820,368
control,2689,704
control,864,383
control,1267,510
control,1854,574
control,839,440
control,358,204
control,1929,560
control,1832,594
control,1070,539
control,1138,495
control,1160,490
control,2615,1046
control,3902,444
control,1550,536
control,846,431
control,2428,736
control,1398,590
control,1229,510
control,2771,872
control,1138,609
control,943,371
control,2217,924
control,1333,613
control,4370,1298
control,4147,980
control,814,440
control,1180,509
control,1105,513
control,574,340
control,978,469
control,1304,531
control,195,108
control,1474,532
control,924,445
control,691,417
control,2086,769
control,1507,457
control,242,145
control,879,437
control,1027,436
control,857,412
control,1356,536
control,956,430
control,892,371
control,2419,922
control,1144,418
control,795,376
control,1266,470
control,1356,671
control,3183,983
control,1113,474
control,1915,650
control,1081,588
control,2152,710
control,687,406
control,1092,466
control,3578,994
control,1458,536
control,1578,687
control,1556,574
control,2389,998
control,695,326
control,1405,657
control,690,345
control,1278,509
control,273,133
control,2144,669
control,1383,643
control,1711,498
control,1555,502
control,3147,573
control,2137,654
control,1138,352
control,928,436
control,3989,1055
control,488,271
control,1122,580
control,2714,1124
control,2848,769
control,972,468
control,202,128
control,4702,1088
control,1430,559
control,977,422
control,1609,573
control,871,426
control,1282,645
control,3029,774
control,1124,477
control,4292,1286
control,1079,462
control,623,313
control,930,461
control,884,464
control,1395,485
control,2046,735
control,262,129
control,1032,505
control,2437,879
control,998,575
control,2934,888
control,1019,495
control,960,434
control,743,377
control,966,591
control,1487,741
control,2013,524
control,2053,694
control,619,259
control,864,395
control,1539,502
control,1096,445
control,1234,442
control,3161,828
control,1000,373
control,852,524
control,2206,763
control,1306,536
control,2385,750
control,937,370
control,2138,820
control,1895,681
control,1369,571
control,1830,708
control,2055,756
control,1239,524
control,1725,766
control,1387,503
control,496,298
control,1530,548
control,4520,1213
control,611,275
control,2055,784
control,931,435
control,1221,444
control,305,168
control,690,348
control,790,317
control,470,271
control,2076,718
control,1314,413
control,1227,453
control,2155,731
control,1250,639
control,795,395
control,2821,796
control,783,362
control,982,481
control,1720,685
control,3070,1022
control,894,519
control,1307,454
control,478,279
control,2921,1158
control,661,389
control,2430,882
control,928,444
control,3310,941
control,1210,429
control,1477,543
control,4409,1228
control,1363,605
control,661,400
control,965,424
control,807,424
control,6632,1733
control,1563,571
control,970,512
control,2540,741
control,1569,530
control,1145,469
control,1279,497
control,2519,842
control,1079,404
control,2014,707
control,790,380
control,940,342
control,1421,558
control,890,515
control,3950,1114
control,967,417
control,3676,907
control,1738,548
control,2468,818
control,1637,617
control,1172,587
control,795,361
control,3701,969
control,1998,679
control,2871,779
control,2353,849
control,1270,543
control,1673,573
control,1002,386
control,893,438
control,661,325
control,2120,773
control,1740,577
control,945,451
control,1496,627
control,916,387
control,523,264
control,2242,716
control,3206,943
control,1593,534
control,2352,677
control,5049,1244
control,1118,545
control,526,251
control,708,352
control,1056,428
control,248,136
control,1811,578
control,2194,847
control,913,436
control,3545,928
control,474,254
control,614,253
control,1882,743
control,504,311
control,864,455
control,851,450
control,2113,799
control,1174,498
control,1258,500
control,2636,876
control,647,345
control,1965,607
control,1489,610
control,1123,421
control,952,458
control,3599,1016
control,1147,457
control,1836,730
control,5003,1401
control,1055,417
control,1246,448
control,2399,892
control,1164,569
control,532,161
control,969,462
control,859,420
control,1334,500
control,959,459
control,850,363
control,1147,518
control,532,292
control,1663,599
control,1183,489
control,386,223
control,752,383
control,1795,667
control,150,101
control,957,419
control,307,195
control,982,354
control,1197,580
control,1592,687
control,1108,477
control,228,117
control,3198,800
control,1217,401
control,1534,696
control,802,378
control,1257,518
control,844,520
control,1009,460
control,1214,557
control,1855,698
control,1087,427
control,775,438
control,196,125
control,644,320
control,965,424
control,429,247
control,1098,491
control,1325,461
control,3297,1031
control,848,472
control,713,460
control,1165,515
control,2245,844
control,843,430
control,1003,454
control,3308,918
control,575,281
control,1167,510
control,1769,741
control,1135,611
control,1319,499
control,2248,667
control,812,423
control,1064,486
control,937,407
control,1241,506
control,2065,816
control,3527,1086
control,480,257
control,3422,812
control,497,264
control,738,338
control,1177,507
control,1460,501
control,1190,474
control,1304,484
control,3466,1040
control,1106,461
control,1725,647
control,727,394
control,702,326
control,1261,602
control,1431,547
control,1644,608
control,3316,883
control,524,290
control,3697,1090
control,2817,936
control,3527,996
control,764,410
control,1077,514
control,1171,508
control,671,363
control,4497,1158
control,1361,492
control,856,438
control,1420,759
control,971,475
control,1534,658
control,456,281
control,1221,503
control,2203,773
control,1407,710
control,303,170
control,1773,861
control,2631,1263
control,601,272
control,3885,1028
control,1037,422
control,869,496
control,1281,572
control,963,587
control,623,307
control,1076,510
control,1045,447
control,1175,546
control,1087,460
control,1522,573
control,2717,895
control,2925,772
control,323,163
control,1170,532
control,1267,507
control,924,459
control,1643,745
control,774,375
control,1014,510
control,1433,538
control,2543,831
control,886,505
control,1279,510
control,916,466
control,3290,966
control,1765,559
control,470,277
control,1125,585
control,4773,1185
control,714,381
control,4012,1159
control,4523,1151
control,737,388
control,464,261
control,307,191
control,1611,781
control,3055,865
control,1190,732
control,2725,876
control,1096,503
control,860,411
control,1066,460
control,1446,535
control,623,380
control,2875,989
control,204,100
control,1159,486
control,746,355
control,2880,880
control,1291,512
control,1692,653
control,1177,505
control,715,403
control,781,383
control,458,235
control,1026,495
control,1521,515
control,3259,977
control,2300,669
control,737,326
control,1891,688
control,2186,758
control,991,467
control,2737,808
control,1035,452
control,426,230
control,1829,545
control,712,363
control,747,362
control,1773,845
control,1769,746
control,1544,477
control,2847,960
control,1426,506
control,1343,531
control,596,316
control,466,260
control,1586,644
control,1942,682
control,896,434
control,1058,456
control,962,480
control,946,457
control,483,303
control,1469,497
control,2660,856
control,1644,729
control,1210,551
control,2948,755
control,1862,594
control,2103,736
control,2065,891
control,2249,692
control,806,349
control,1911,610
control,1662,468
control,1411,575
control,1014,476
control,1341,476
control,2536,672
control,1853,655
control,1010,424
control,2469,1023
control,2229,734
control,2426,757
control,1125,458
control,1469,722
control,289,181
control,1258,548
control,1990,685
control,1596,496
control,1245,448
control,1014,430
control,1100,527
control,3717,1104
control,1073,510
control,3306,1117
control,715,335
control,2754,964
control,3258,1035
control,996,445
control,1552,579
control,2271,832
control,1462,507
control,2848,795
control,148,112
control,1013,383
control,853,419
control,908,400
control,1322,530
control,1067,456
control,520,309
control,1665,583
control,828,448
control,1805,609
control,948,439
control,1207,516
control,1577,475
control,1479,544
control,1555,666
control,373,183
control,4160,1421
control,798,385
control,1072,392
control,908,366
control,2361,739
control,363,236
control,1021,489
control,650,351
control,2766,855
control,2323,839
control,2501,915
control,2877,997
control,986,483
control,1558,555
control,1704,536
control,1230,501
control,1828,643
control,2774,887
control,1824,723
control,1084,404
control,853,531
control,3342,1039
control,1593,636
control,2371,796
control,4350,1105
control,2520,735
control,3181,895
control,2794,893
control,1209,523
control,904,411
control,3459,834
control,2854,865
control,5040,1155
control,1911,667
control,3674,992
control,1653,630
control,780,370
control,876,469
control,803,403
control,1218,536
control,3047,655
control,788,394
control,3835,850
control,347,217
control,1433,507
control,223,114
control,1091,440
control,557,307
control,833,438
control,2512,770
control,1263,503
control,2894,959
control,411,234
control,1193,483
control,1090,475
control,2603,799
control,357,239
control,1286,501
control,724,406
control,1033,432
control,3009,900
control,1074,466
control,495,346
control,1013,583
control,4632,1266
control,887,397
control,1343,686
control,691,426
control,1001,501
control,1192,471
control,1100,467
control,1016,443
control,3515,1392
control,4882,1194
control,1396,698
control,1853,694
control,1354,532
control,987,446
control,722,391
control,1440,521
control,1945,614
control,1479,556
control,1622,588
control,204,111
control,934,511
control,854,354
control,1180,478
control,1745,593
control,1984,617
control,978,418
control,2218,733
control,1165,429
control,2251,712
control,876,418
control,2185,723
control,958,401
control,508,270
control,885,511
control,581,283
control,671,321
control,2005,691
control,1191,704
control,1083,381
control,1092,526
control,1665,690
control,2133,718
control,1115,591
control,1308,526
control,2351,738
control,872,412
control,1209,559
control,1532,543
control,5912,1682
control,1162,451
control,919,436
control,1409,473
control,803,494
control,1145,436
control,2577,633
control,3115,941
control,2084,691
control,1510,562
control,1008,482
control,1076,492
control,1073,440
control,1765,744
control,1045,519
control,2387,715
control,1190,469
control,2109,666
control,914,433
control,1071,434
control,1179,419
control,1095,435
control,719,385
control,1928,788
control,1207,584
control,1150,447
control,1042,436
control,2618,844
control,1352,482
control,2365,674
control,1425,525
control,1232,554
control,591,307
control,959,471
control,423,222
control,2893,848
control,3574,1104
control,3420,1362
control,1754,561
control,2189,976
control,1405,488
control,1519,554
control,1126,556
control,2743,850
control,1430,594
control,832,437
control,1378,585
control,1382,531
control,939,381
control,1102,489
control,658,311
control,1089,422
control,2428,742
control,727,389
control,950,409
control,1994,692
control,638,330
control,300,202
control,622,341
control,936,460
control,3185,945
control,1142,463
control,2669,826
control,1287,518
control,1631,596
control,1546,706
control,2795,885
control,1496,821
control,2894,927
control,933,502
control,1375,518
control,1608,781
control,911,422
control,1452,458
control,1682,640
control,642,320
control,976,576
control,1503,601
control,3754,893
control,1209,656
control,1187,537
control,2113,609
control,1683,565
control,1154,482
control,4676,1470
control,1025,426
control,1203,444
control,3504,957
control,790,321
control,1327,594
control,1111,470
control,1550,693
control,1119,497
control,467,254
control,1117,436
control,832,400
control,1059,420
control,1376,551
control,2205,1001
control,1365,606
control,2637,459
control,2378,791
control,1565,577
control,1228,513
control,1699,622
control,516,243
control,1230,491
control,2382,758
control,819,390
control,3844,1133
control,1295,539
control,2042,896
control,1086,471
control,2464,794
control,1329,531
control,2452,801
control,3083,1111
control,3200,893
control,844,321
control,473,259
control,1173,492
control,3016,919
control,671,368
control,2469,762
control,1860,697
control,899,458
control,245,101
control,717,396
control,1316,559
control,4216,1038
control,6686,1739
control,1169,556
control,1116,428
control,1089,397
control,1223,498
control,3904,1077
control,2184,719
control,1680,552
control,889,419
control,1051,395
control,979,528
control,944,467
control,641,428
control,874,409
control,1529,528
control,1229,449
control,1284,558
control,1691,539
control,1649,470
control,471,270
control,1350,524
control,1229,557
control,2793,830
control,1923,791
control,1417,599
control,2781,881
control,1268,463
control,940,410
control,943,386
control,343,232
control,572,314
control,1030,474
control,998,497
control,3397,1114
control,409,226
control,4053,1196
control,1163,503
control,1565,525
control,1551,582
control,901,393
control,1307,602
control,1387,608
control,1204,432
control,843,405
control,1516,482
control,710,425
control,2127,761
control,1162,456
control,1514,583
control,1308,505
control,1592,765
control,1569,672
control,935,527
control,457,231
control,1004,546
control,4033,1165
control,1367,666
control,2330,764
control,1515,668
control,1443,746
control,1264,525
control,2850,734
control,1575,770
control,1428,517
control,1233,483
control,1968,755
control,991,468
control,2233,616
control,975,405
control,641,268
control,1124,505
control,3082,861
control,618,358
control,1270,542
control,1329,605
control,1197,505
control,2655,710
control,560,323
control,1165,518
control,1442,486
control,4055,1302
control,1096,448
control,873,461
control,2776,828
control,237,129
control,1967,633
control,858,419
control,1299,567
control,1307,507
control,1190,565
control,1878,725
control,1262,502
control,692,378
control,882,365
control,273,203
control,471,290
control,893,405
control,788,435
control,3852,1053
control,1440,605
control,1284,547
control,1547,579
control,2125,750
control,1707,669
control,1060,414
control,1203,448
control,1184,560
control,438,239
control,5995,1501
control,4185,1156
control,1166,465
control,2720,893
control,1186,430
control,2838,851
control,3112,945
control,3709,1145
control,3441,913
control,1710,579
control,1159,499
control,4133,1034
control,887,359
control,2370,665
control,7163,2051
control,482,279
control,2136,754
control,1506,597
control,848,449
control,2022,920
control,1110,465
control,568,299
control,1737,702
control,570,302
control,1947,706
control,902,450
control,2552,783
control,937,404
control,538,321
control,835,451
control,644,342
control,2942,808
control,3239,926
control,1585,610
control,2312,1037
control,1073,419
control,2527,701
control,869,373
control,1464,564
control,1029,413
control,3952,1283
control,493,265
control,1131,493
control,690,392
control,2760,699
control,1375,527
control,1570,532
control,1632,715
control,1469,623
control,3972,1317
control,2942,947
control,4642,1174
control,1050,456
control,2635,874
control,1145,513
control,1382,517
control,4626,1297
control,2409,793
control,508,268
control,900,433
control,3022,901
control,855,340
control,5097,1285
control,1934,762
control,1283,469
control,1644,734
control,214,149
control,705,403
control,1199,472
control,2063,595
control,1159,474
control,1195,514
control,4319,977
control,1591,640
control,3532,1008
control,1383,492
control,4184,1352
control,1276,445
control,1186,481
control,1221,525
control,1973,853
control,610,349
control,256,145
control,802,384
control,1280,573
control,2456,843
control,542,269
control,4505,1056
control,675,448
control,1359,479
control,3852,1208
control,2935,889
control,2104,859
control,2122,846
control,1695,518
control,1532,565
control,2570,938
control,1755,600
control,3052,966
control,2030,615
control,867,537
control,1031,525
control,621,332
control,1278,504
control,777,458
control,2553,829
control,417,234
control,572,305
control,882,419
control,1252,502
control,1321,582
control,1142,530
control,2569,828
control,598,278
control,1133,599
control,3585,1021
control,1258,446
control,2628,868
control,839,388
control,1323,535
control,1327,505
control,1205,556
control,1155,423
control,2434,762
control,1061,451
control,1112,508
control,1093,443
control,708,343
control,734,389
control,2479,764
control,1718,599
control,1524,580
control,917,530
control,4445,1157
control,1307,536
control,935,426
control,3955,1143
control,731,371
control,330,243
control,1287,502
control,1733,568
control,2685,1010
control,3340,875
control,1004,449
control,1979,787
control,1135,475
control,866,405
control,1269,539
control,1061,553
control,2711,870
control,1138,531
control,1823,779
control,1646,535
control,1539,531
control,1787,648
control,1010,432
control,856,473
control,3111,1193
control,2057,584
control,1024,505
control,1360,546
control,850,437
control,1947,607
control,1270,489
control,1289,546
control,897,444
control,842,391
control,2166,710
control,3736,1085
control,1011,430
control,942,425
control,1018,428
control,1112,484
control,1097,444
control,1663,618
control,1066,622
control,531,232
control,922,414
control,1329,516
control,1486,442
control,1546,575
control,959,484
control,1419,515
control,3207,964
control,1153,464
control,1219,550
control,1283,578
control,2723,805
control,3430,1276
control,630,306
control,1024,447
control,1036,416
control,2728,1090
control,2254,775
control,4592,1287
control,923,467
control,2826,947
control,880,405
control,1699,557
control,1612,526
control,3704,871
control,2788,862
control,1618,543
control,827,434
control,2505,742
control,1089,451
control,1503,535
control,1707,617
control,891,476
control,701,391
control,3392,1247
control,883,407
control,455,264
control,1124,585
control,1504,599
control,738,388
control,1046,502
control,1258,456
control,701,350
control,480,270
control,490,212
control,2579,876
control,2429,857
control,1652,614
control,1475,558
control,1769,681
control,1223,485
control,1213,415
control,1204,518
control,587,361
control,1514,482
control,448,264
control,2357,815
control,1821,696
control,4092,1163
control,903,453
control,2455,806
control,2387,1014
control,824,393
control,1377,632
control,1766,594
control,780,423
control,583,337
control,3600,997
control,426,192
control,2513,650
control,3539,953
control,1054,469
control,1089,527
control,1220,609
control,2048,806
control,1160,451
control,1253,561
control,797,386
control,1044,452
control,1304,523
control,718,355
control,1036,505
control,638,249
control,2769,856
control,2466,602
control,1645,577
control,1245,517
control,1773,579
control,1119,542
control,1417,602
control,3733,1059
control,3328,983
control,1595,675
control,3720,1114
control,1377,570
control,1143,536
control,1272,603
control,2313,827
control,1114,484
control,1173,583
control,793,398
control,196,124
control,1599,488
control,3157,892
control,1344,486
control,1175,514
control,3098,885
control,903,530
control,1263,479
control,1194,434
control,1095,471
control,1099,505
control,1091,543
control,2046,846
control,1400,533
control,2990,912
control,2040,780
control,786,370
control,565,375
control,2639,1103
control,1181,460
control,932,595
control,899,529
control,2358,828
control,1081,465
control,1436,453
control,1463,541
control,1402,661
control,1994,655
control,2997,801
control,1165,611
control,1960,705
control,2975,1244
control,1281,551
control,895,415
control,1006,372
control,1898,726
control,985,425
control,836,456
control,2119,717
control,1354,484
control,1886,645
control,2443,709
control,1399,552
control,4003,1031
control,1266,551
control,1227,450
control,1151,407
control,1607,512
control,1242,396
control,885,381
control,594,314
control,1007,562
control,3266,892
control,1660,612
control,1178,543
control,2861,913
control,538,284
control,1737,573
control,1501,492
control,1113,452
control,768,414
control,926,513
control,1556,698
control,813,287
control,1182,454
control,818,439
control,1617,684
control,1407,561
control,782,359
control,4392,1204
control,1064,510
control,2017,607
control,1027,423
control,4943,1366
control,2747,671
control,266,122
control,2033,751
control,1653,535
control,1035,470
control,1023,550
control,1112,454
control,537,314
control,2861,805
control,2316,847
control,1019,455
control,1288,452
control,797,438
control,1527,597
control,918,449
control,2215,742
control,1465,600
control,1140,560
control,1020,512
control,3238,857
control,1148,455
control,2680,980
control,1395,650
control,1714,643
control,1291,496
control,1927,806
control,3535,1049
control,819,389
control,2163,778
control,1165,480
control,262,143
control,1632,649
control,1507,580
control,1405,520
control,1300,482
control,1450,567
control,3130,1097
control,3116,890
control,1208,577
control,3605,914
control,2881,899
control,1431,554
control,3777,1206
control,1133,421
control,644,321
control,2985,959
control,1246,520
control,2859,793
control,1552,476
control,1351,489
control,1065,480
control,1316,462
control,1309,551
control,2508,817
control,969,443
control,1457,700
control,1429,529
control,1296,484
control,1132,449
control,1161,533
control,365,211
control,4383,1192
control,1916,673
control,1168,481
control,2962,882
control,2491,773
control,1279,555
control,472,217
control,2177,574
control,730,346
control,1576,592
control,2798,862
control,805,340
control,1394,582
control,910,369
control,2425,857
control,4616,604
control,734,318
control,1530,673
control,1216,479
control,549,341
control,580,368
control,1509,549
control,620,399
control,588,385
control,1816,641
control,1745,629
control,1364,498
control,2262,847
control,1624,742
control,4254,1092
control,509,357
control,1546,551
control,255,124
control,951,443
control,939,492
control,2052,866
control,1186,519
control,2553,818
control,1259,540
control,216,135
control,2909,969
control,2649,1004
control,1037,407
control,1304,542
control,2001,566
control,1155,457
control,565,292
control,1950,757
control,4199,599
control,805,419
control,932,398
control,1163,500
control,1416,625
control,443,268
control,1479,543
control,2193,590
control,1075,463
control,1245,472
control,335,159
control,615,387
control,725,329
control,1437,472
control,3314,1028
control,683,391
control,1413,571
control,914,502
control,1365,651
control,1671,604
control,2045,590
control,1854,642
control,2130,820
control,522,347
control,1515,459
control,830,378
control,1339,545
control,3300,813
control,2174,698
control,1295,574
control,2735,852
control,1265,498
control,3112,1031
control,1089,420
control,3717,1057
control,1601,550
control,843,463
control,2464,980
control,623,385
control,1072,495
control,1099,393
control,1125,492
control,2776,1032
control,1374,473
control,904,437
control,1087,462
control,661,358
control,1243,546
control,2338,993
control,1129,424
control,3117,857
control,1023,442
control,2686,726
control,1386,505
control,931,387
control,1335,544
control,765,397
control,2522,650
control,3685,1129
control,779,407
control,3741,1022
control,686,327
control,1110,471
control,1194,481
control,2279,751
control,1676,616
control,881,511
control,2299,754
control,711,436
control,875,474
control,2415,778
control,2475,841
control,930,470
control,1051,396
control,1986,645
control,187,129
control,808,410
control,1100,420
control,329,176
control,303,149
control,967,456
control,182,114
control,1049,505
control,2744,872
control,1418,541
control,995,424
control,5849,1540
control,1883,624
control,742,310
control,688,388
control,3111,894
control,195,127
control,1739,718
control,5120,1373
control,1128,450
control,923,402
control,1451,543
control,1044,507
control,1156,543
control,1331,484
control,927,472
control,1989,555
control,1224,546
control,1218,551
control,247,133
control,3792,1091
control,4501,1371
control,699,389
control,1357,554
control,2979,1356
control,1338,586
control,1947,666
control,1682,491
control,3333,831
control,977,416
control,2887,951
control,161,100
control,2576,1084
control,594,289
control,989,467
control,1070,550
control,953,482
control,650,387
control,1494,631
control,4800,1590
control,1301,510
control,2800,795
control,1519,530
control,1176,536
control,510,284
control,1133,555
control,693,345
control,660,294
control,1174,446
control,2737,947
control,4749,1350
control,1444,569
control,1129,515
control,662,389
control,4145,1347
control,900,437
control,137,100
control,188,120
control,912,460
control,543,339
control,609,364
control,1030,596
control,2013,655
control,1964,770
control,1052,547
control,2033,625
control,552,259
control,2633,822
control,908,529
control,4162,1118
control,2304,795
control,2215,649
control,781,372
control,1414,472
control,950,380
control,2714,982
control,764,394
control,360,222
control,680,318
control,2139,817
control,1164,505
control,1530,539
control,1289,451
control,1150,454
control,1242,524
control,2297,772
control,940,585
control,613,309
control,2002,662
control,916,410
control,4981,997
control,2611,917
control,1021,538
control,1249,484
control,638,287
control,1208,411
control,1220,424
control,1700,608
control,994,460
control,359,206
control,559,298
control,2137,806
control,1768,743
control,638,219
control,2369,853
control,3948,1083
control,880,550
control,946,406
control,1024,499
control,1099,539
control,2119,612
control,3327,1092
control,2758,742
control,1136,399
control,2220,862
control,1453,615
control,1083,503
control,1219,577
control,4094,1144
control,2252,748
control,529,320
control,1533,734
control,1528,645
control,2231,592
control,832,384
control,2679,845
control,903,428
control,911,387
control,555,292
control,289,177
control,1166,460
control,554,258
control,1592,492
control,1376,560
control,1208,511
control,816,431
control,1520,619
control,1241,612
control,3106,1020
control,4505,1053
control,1134,503
control,1434,566
control,1877,618
control,954,423
control,866,426
control,2114,731
control,1197,540
control,3058,929
control,731,393
control,550,266
control,1471,521
control,879,388
control,848,340
control,2205,769
control,2154,729
control,3525,1030
control,645,283
control,1110,427
control,600,333
control,1163,507
control,3512,1261
control,2398,804
control,786,380
control,1179,675
control,2522,1017
control,2151,799
control,1690,660
control,1939,598
control,405,215
control,800,381
control,2304,861
control,957,454
control,1783,767
control,334,221
control,3859,1071
control,1221,509
control,3682,547
control,1930,676
control,961,456
control,2041,751
control,1068,531
control,818,370
control,1383,580
control,829,362
control,1517,533
control,1754,729
control,1448,507
control,1174,435
control,1134,628
control,3613,851
control,2554,800
control,4173,1027
control,1096,507
control,934,492
control,1130,505
control,1518,479
control,1178,452
control,434,207
control,1351,662
control,1738,661
control,311,198
control,574,271
control,3883,975
control,561,265
control,1204,541
control,2117,663
control,894,364
control,1729,648
control,4896,1078
control,917,529
control,1309,385
control,739,418
control,1271,513
control,804,431
control,528,343
control,789,426
control,4802,1204
control,3001,904
control,669,327
control,1704,661
control,833,418
control,1778,625
control,1306,471
control,1908,747
control,1071,457
control,1142,489
control,1374,505
control,1350,501
control,888,455
control,796,474
control,356,229
control,794,423
control,3668,1019
control,1660,530
control,1185,503
control,1281,645
control,393,246
control,790,423
control,1028,473
control,4187,1180
control,1337,541
control,1171,444
control,1301,460
control,1456,542
control,924,448
control,1765,612
control,210,120
control,2798,957
control,981,406
control,809,355
control,5069,1619
control,1811,670
control,3333,964
control,797,423
control,1086,446
control,782,424
control,1426,680
control,702,374
control,1089,477
control,661,299
control,1601,762
control,936,562
control,1574,535
control,3110,1026
control,1153,549
control,2283,984
control,1340,489
control,792,459
control,1766,586
control,2576,721
control,1388,505
control,1180,494
control,3500,937
control,1001,388
control,1144,504
control,3185,922
control,1193,455
control,972,454
control,2058,904
control,694,363
control,1294,532
control,986,487
control,1370,558
control,508,263
control,1457,516
control,1408,800
control,920,487
control,1946,586
control,1539,675
control,419,250
control,919,397
control,685,323
control,935,491
control,604,392
control,3475,996
control,1038,444
control,965,590
control,1554,535
control,1213,545
control,1139,440
control,1729,651
control,683,280
control,1368,544
control,1191,470
control,2030,829
control,2316,866
control,2567,690
control,294,141
control,1929,522
control,753,322
control,1503,636
control,2413,848
control,3330,1007
control,1249,448
control,1138,471
control,1005,524
control,2149,755
control,1809,664
control,1293,490
control,625,399
control,1053,449
control,459,274
control,464,262
control,1922,613
control,1327,530
control,1791,605
control,681,324
control,1346,568
control,1784,653
control,426,239
control,1033,508
control,1335,518
control,2586,902
control,3769,1014
control,908,487
control,6407,1627
control,1496,462
control,843,469
control,1367,513
control,1503,570
control,1017,394
control,1044,539
control,731,381
control,1148,417
control,1059,504
control,2687,834
control,1211,569
control,1165,453
control,1288,544
control,1768,590
control,865,391
control,993,402
control,462,221
control,1801,642
control,3236,997
control,887,412
control,1941,705
control,1119,487
control,2360,691
control,4080,1164
control,2426,767
control,1417,489
control,882,469
control,945,431
control,1503,513
control,1558,590
control,833,376
control,3315,1046
control,1020,418
control,3489,843
control,887,355
control,2261,825
control,2362,769
control,969,457
control,785,378
control,2405,690
control,1585,623
control,1032,518
control,991,415
control,1026,464
control,709,394
control,1802,636
control,3784,890
control,696,303
control,3355,1197
control,4200,1179
control,3431,953
control,2126,714
control,1299,606
control,1656,652
control,1070,571
control,1151,452
control,501,242
control,1809,743
control,1189,563
control,458,335
control,1316,585
control,373,206
control,1233,679
control,1172,497
control,842,398
control,814,470
control,896,354
control,1021,494
control,1575,596
control,1828,743
control,3862,1128
control,875,417
control,2714,997
control,2928,1101
control,926,473
control,1208,437
control,460,278
control,1078,471
control,1157,417
control,1178,507
control,4103,967
control,1016,475
control,1143,488
control,4107,1114
control,1021,322
control,2332,908
control,735,408
control,3209,850
control,1157,448
control,1097,546
control,1538,594
control,3316,1068
control,965,373
control,2034,765
control,2032,726
control,915,442
control,2044,780
control,1577,555
control,2179,684
control,3629,1003
control,1132,484
control,1265,568
control,1132,545
control,1187,602
control,2684,859
control,1429,574
control,816,342
control,940,532
control,1042,496
control,1138,456
control,4389,1251
control,3027,1199
control,1196,469
control,1289,480
control,1769,647
control,1019,483
control,1794,625
control,1505,587
control,1538,508
control,2054,652
control,3783,1242
control,1550,597
control,1865,681
control,1709,765
control,2484,799
control,720,375
control,2465,932
control,207,133
control,946,452
control,1295,499
control,678,324
control,5404,1539
control,1282,650
control,3452,1343
control,422,244
control,3382,1088
control,1315,515
control,1221,515
control,983,513
control,702,354
control,931,463
control,1430,606
control,2831,823
control,152,116
control,2876,880
control,1267,569
control,1164,453
control,3408,1011
control,908,347
control,1847,808
control,1542,546
control,764,332
control,917,476
control,927,412
control,944,428
control,1578,573
control,1339,563
control,1249,458
control,3548,1148
control,971,462
control,718,344
control,839,393
control,2482,968
control,650,307
control,947,555
control,1793,619
control,1710,589
control,2514,868
control,1169,438
control,971,462
control,1449,586
control,2371,880
control,1981,756
control,1342,606
control,2371,853
control,794,404
control,1284,579
control,2799,846
control,3322,1552
control,3490,1040
control,1489,533
control,1103,555
control,3783,1082
control,1254,550
control,1020,495
control,946,441
control,3446,1091
control,811,405
control,1382,500
control,834,358
control,1525,555
control,1074,563
control,2682,785
control,2713,897
control,3072,892
control,762,374
control,954,434
control,1857,749
control,1136,529
control,846,427
control,796,446
control,1173,568
control,1820,718
control,1929,663
control,1809,589
control,1629,699
control,853,410
control,1199,555
control,700,324
control,3033,958
control,1285,631
control,981,379
control,637,375
control,1479,607
control,2356,756
control,3032,1132
control,2527,884
control,2742,712
control,831,466
control,1619,640
control,612,363
control,856,475
control,966,422
control,1027,482
control,987,481
control,1340,492
control,1989,730
control,1191,463
control,524,330
control,695,393
control,2719,976
control,1733,626
control,1495,564
control,1275,485
control,1233,570
control,4415,1278
control,1764,638
control,1051,409
control,861,457
control,4348,1313
control,526,336
control,1850,652
control,2613,1000
control,2683,808
control,1047,443
control,1176,581
control,2065,950
control,1909,754
control,1359,528
control,1064,505
control,2861,707
control,1578,600
control,2220,907
control,504,290
control,2094,848
control,634,300
control,1126,532
control,3170,890
control,1314,467
control,1679,653
control,908,393
control,1022,442
control,907,456
control,1042,402
control,347,222
control,705,446
control,210,107
control,2074,812
control,276,163
control,1487,500
control,1273,547
control,1020,498
control,549,300
control,948,432
control,1091,502
control,1033,554
control,971,450
control,618,338
control,1406,593
control,1783,724
control,1495,729
control,544,252
control,2107,724
control,2480,733
control,996,396
control,1932,812
control,1210,499
control,1527,538
control,764,407
control,1091,487
control,1429,561
control,666,200
control,2791,783
control,3385,950
control,1108,462
control,595,358
control,1130,520
control,2175,810
control,1134,502
control,1406,732
control,967,401
control,867,483
control,3259,957
control,1727,507
control,570,314
control,1134,533
control,2576,957
control,1158,495
control,550,248
control,2552,723
control,1435,477
control,1216,598
control,1233,525
control,805,351
control,3103,921
control,318,144
control,1403,532
control,1192,480
control,4127,1044
control,1195,472
control,1147,475
control,992,427
control,1587,658
control,479,291
control,3426,1035
control,3200,968
control,2626,769
control,1443,516
control,2013,769
control,2178,666
control,8162,2068
control,2221,742
control,1088,436
control,1065,598
control,1963,629
control,981,489
control,1908,604
control,3604,1061
control,921,506
control,1944,707
control,1353,570
control,1609,644
control,1348,502
control,2961,855
control,1678,727
control,1376,451
control,2926,973
control,1075,484
control,2306,682
control,2453,730
control,1173,464
control,2776,866
control,1129,598
control,1570,511
control,826,405
control,833,505
control,1796,556
control,921,506
control,656,312
control,1508,553
control,1043,460
control,3950,1104
control,1517,522
control,1039,465
control,1097,422
control,1505,606
control,3013,966
control,1639,575
control,1201,489
control,488,259
control,961,464
control,627,326
control,1021,491
control,796,424
control,1217,533
control,3665,1132
control,1784,550
control,1324,525
control,3641,1119
control,747,382
control,2903,867
control,2188,646
control,850,425
control,1052,488
control,2963,893
control,1618,784
control,530,300
control,725,406
control,1011,461
control,1433,642
control,1255,561
control,1180,477
control,3426,942
control,1293,499
control,1178,400
control,1118,482
control,823,369
control,924,439
control,1569,580
control,1962,637
control,2251,800
control,1082,496
control,2773,978
control,1101,524
control,787,274
control,2146,834
control,3386,1123
control,1352,591
control,2200,1074
control,1288,588
control,802,397
control,1000,392
control,1834,663
control,1278,521
control,1117,434
control,1607,591
control,3618,1112
control,1187,494
control,3313,964
control,3083,961
control,1033,470
control,676,273
control,2611,829
control,1089,519
control,929,356
control,2017,654
control,1019,463
control,760,392
control,1142,415
control,907,517
control,1172,404
control,1241,517
control,1176,540
control,1337,470
control,2673,676
control,580,291
control,2340,950
control,897,353
control,4034,1186
control,1519,549
control,601,321
control,1346,463
control,2762,744
control,1010,491
control,700,386
control,1191,580
control,1125,483
control,1048,448
control,1524,565
control,2384,904
control,1098,418
control,856,388
control,923,418
control,821,464
control,1106,497
control,740,365
control,5808,1573
control,2567,843
control,1194,565
control,1326,561
control,1591,613
control,1132,480
control,1275,567
control,2867,1127
control,789,382
control,2899,979
control,1912,608
control,754,382
control,407,221
control,1404,496
control,1466,494
control,987,495
control,4013,103
control,1067,486
control,881,388
control,1524,564
control,2015,593
control,877,420
control,241,161
control,1997,506
control,1230,498
control,637,363
control,1089,508
control,2571,965
control,1109,401
control,738,419
control,2586,883
control,2691,810
control,1600,542
control,1128,533
control,845,455
control,1286,489
control,726,408
control,1271,584
control,928,355
control,1515,773
control,1131,427
control,1640,594
control,1152,445
control,881,361
control,1992,882
control,511,302
control,1214,505
control,846,399
control,2654,858
control,1674,632
control,705,426
control,3730,1097
control,545,329
control,1410,516
control,1440,526
control,1239,481
control,1069,531
control,216,154
control,1979,582
control,980,458
control,1636,597
control,1319,556
control,905,401
control,1444,565
control,1348,466
control,708,359
control,1836,671
control,803,400
control,2749,1075
control,2352,727
control,2777,975
control,3134,981
control,3065,1048
control,2563,708
control,1891,707
control,558,328
control,1114,449
control,2473,825
control,949,454
control,1428,590
control,2029,826
control,1566,539
control,1221,597
control,960,475
control,1271,601
control,835,366
control,1128,505
control,1573,612
control,1568,620
control,968,476
control,1564,527
control,212,117
control,1327,522
control,1470,686
control,691,383
control,1333,476
control,1612,609
control,1941,756
control,961,511
control,784,495
control,1447,513
control,2163,709
control,1272,430
control,1663,636
control,2086,773
control,1965,774
control,2185,767
control,1008,402
control,1251,544
control,4873,1429
control,6246,1461
control,2323,890
control,1016,414
control,941,499
control,3072,732
control,2092,604
control,976,419
control,1117,483
control,1236,563
control,1265,473
control,944,468
control,1521,618
control,1041,485
control,1329,550
control,1103,558
control,882,409
control,1226,509
control,922,473
control,668,401
control,1231,589
control,1010,551
control,1553,530
control,1047,452
control,905,477
control,1458,519
control,574,302
control,996,516
control,3138,946
control,1347,506
control,867,433
control,1127,434
control,1273,508
control,1826,622
control,1886,727
control,3525,1018
control,733,304
control,452,259
control,3743,977
control,1139,528
control,1356,467
control,1237,510
control,1113,515
control,2043,754
control,1710,558
control,405,239
control,1460,542
control,2008,668
control,1313,488
control,1765,692
control,2432,761
control,2940,796
control,861,524
control,1042,467
control,1633,557
control,500,259
control,1143,501
control,903,436
control,1399,486
control,4019,1342
control,1890,625
control,1686,731
control,763,338
control,1892,545
control,1399,611
control,2570,790
control,668,426
control,750,489
control,1394,550
control,1035,397
control,1506,618
control,3679,1006
control,184,116
control,896,415
control,1330,514
control,1081,490
control,1338,716
control,531,329
control,1210,481
control,572,301
control,1957,760
control,816,384
control,363,190
control,919,431
control,1258,543
control,1797,693
control,1700,640
control,765,393
control,1311,456
control,897,376
control,1433,463
control,587,283
control,902,386
control,1323,637
control,1512,626
control,819,364
control,617,363
control,364,179
control,2282,604
control,1031,441
control,1431,553
control,935,454
control,3035,990
control,980,409
control,1492,530
control,1524,576
control,242,163
control,2290,824
control,845,402
control,1275,464
control,1138,506
control,3703,1098
control,1278,466
control,847,430
control,2244,868
control,1163,489
control,698,362
control,2897,973
control,850,456
control,1007,466
control,1732,577
control,1083,542
control,3414,1014
control,1306,528
control,1877,569
control,798,403
control,2200,731
control,2346,695
control,1519,463
control,812,388
control,452,255
control,1391,574
control,717,335
control,1324,512
control,1697,712
control,2526,824
control,356,202
control,953,423
control,1000,466
control,5063,1494
control,3845,1279
control,1092,472
control,1023,435
control,2120,886
control,1045,553
control,3169,928
control,500,263
control,4208,913
control,1972,619
control,3807,985
control,697,327
control,1149,597
control,1229,508
control,1720,682
control,1063,514
control,1308,532
control,874,372
control,1859,893
control,805,430
control,840,413
control,1305,507
control,1269,520
control,3362,913
control,1604,536
control,856,476
control,1054,434
control,650,349
control,1111,406
control,1328,561
control,1018,513
control,632,327
control,1762,696
control,3040,996
control,2398,941
control,1557,535
control,699,401
control,1512,529
control,1462,608
control,2246,917
control,1253,429
control,489,237
control,1035,488
control,565,287
control,376,163
control,3078,881
control,837,362
control,1039,420
control,1110,443
control,4511,1258
control,462,236
control,1154,436
control,1804,803
control,5282,1257
control,1128,438
control,1164,540
control,893,347
control,795,449
control,732,349
control,1304,545
control,1166,561
control,1658,543
control,1740,495
control,1433,562
control,1734,579
control,1861,708
control,1762,637
control,2942,816
control,3780,1247
control,2198,848
control,4101,1468
control,706,477
control,1431,537
control,1178,508
control,3399,1171
control,1207,540
control,3194,1021
control,1624,664
control,1341,524
control,954,411
control,1810,675
control,1472,592
control,1767,741
control,1003,441
control,335,234
control,2281,753
control,3016,983
control,2549,1088
control,583,284
control,4180,1432
control,798,414
control,1413,487
control,3317,968
control,1145,549
control,3243,1006
control,1068,567
control,583,310
control,3595,1079
control,2101,745
control,1046,468
control,356,241
control,234,132
control,5719,1455
control,986,451
control,1609,656
control,265,124
control,2020,634
control,1307,481
control,1172,411
control,907,399
control,1099,527
control,491,341
control,1789,583
control,1198,486
control,1498,556
control,2359,704
control,994,573
control,1344,444
control,1472,549
control,1264,525
control,1382,655
control,1388,535
control,1063,411
control,207,116
control,3562,891
control,955,590
control,951,439
control,2108,768
control,2638,809
control,1794,737
control,682,307
control,800,398
control,2054,652
control,887,401
control,330,102
control,1309,535
control,577,313
control,862,392
control,604,294
control,939,423
control,881,375
control,1296,522
control,858,415
control,211,124
control,508,289
control,687,402
control,2662,861
control,1025,359
control,1032,467
control,957,445
control,3608,1353
control,878,449
control,5816,1448
control,1910,719
control,787,343
control,1755,614
control,671,301
control,772,427
control,2721,708
control,898,456
control,776,423
control,2418,622
control,1063,424
control,957,394
control,806,446
control,852,371
control,389,187
control,1274,449
control,559,223
control,1145,539
control,5059,1611
control,374,258
control,3913,1152
control,690,315
control,2084,642
control,2881,775
control,1295,594
control,2957,820
control,1805,601
control,1138,515
control,920,440
control,770,391
control,2376,976
control,5859,769
control,2386,789
control,1063,449
control,2327,939
control,586,375
control,1184,490
control,2632,843
control,1248,573
control,1521,549
control,1077,411
control,771,354
control,586,294
control,3505,1064
control,2984,999
control,1063,447
control,261,176
control,1253,495
control,1364,427
control,3574,1057
control,2950,899
control,3102,1271
control,935,406
control,2408,778
control,566,343
control,3257,855
control,1082,489
control,846,453
control,957,485
control,2687,956
control,879,399
control,1038,450
control,1144,627
control,1128,529
control,1092,472
control,1106,546
control,2103,687
control,935,430
control,748,380
control,644,328
control,794,504
control,1197,447
control,796,422
control,1454,527
control,3007,803
control,2677,775
control,1902,666
control,1692,632
control,3477,1079
control,828,339
control,3076,935
control,1634,483
control,953,503
control,619,326
control,460,288
control,2616,919
control,1245,493
control,3211,1001
control,976,469
control,850,429
control,938,494
control,1012,419
control,786,385
control,943,478
control,4079,1286
control,3751,1144
control,1435,518
control,2337,967
control,255,124
control,855,439
control,1541,608
control,2099,653
control,1554,589
control,721,363
control,4981,1306
control,1563,511
control,4418,1004
control,2974,957
control,1784,580
control,3352,981
control,1370,533
control,940,479
control,2970,837
control,1016,412
control,1725,704
control,162,114
control,1577,540
control,1235,548
control,1252,598
control,1515,548
control,724,400
control,984,512
control,1770,663
control,4026,1195
control,1257,629
control,2644,877
control,3121,945
control,496,328
control,513,314
control,3626,944
control,1209,411
control,1561,681
control,2497,859
control,4834,1336
control,646,337
control,525,315
control,2875,985
control,1220,493
control,1810,613
control,3060,878
control,1933,492
control,1369,497
control,1201,470
control,2303,747
control,966,434
control,896,339
control,895,421
control,467,221
control,1515,563
control,1758,641
control,867,388
control,1201,534
control,1293,542
control,1310,515
control,962,455
control,4573,1401
control,828,352
control,2866,847
control,1030,447
control,251,164
control,1347,605
control,1476,607
control,943,481
control,2047,653
control,1090,466
control,1296,515
control,1614,571
control,984,468
control,676,316
control,1100,507
control,993,404
control,2258,721
control,928,490
control,3410,1164
control,1925,625
control,920,475
control,975,387
control,829,479
control,1097,442
control,1332,579
control,3634,976
control,614,345
control,1564,613
control,1148,459
control,692,356
control,1393,512
control,1131,596
control,1636,600
control,985,469
control,973,365
control,1146,526
control,676,391
control,2910,827
control,1863,601
control,985,540
control,1961,521
control,1312,498
control,2768,913
control,944,344
control,2261,779
control,3068,1157
control,2128,637
control,1508,632
control,825,427
control,2222,774
control,966,448
control,2447,1064
control,769,420
control,825,429
control,3186,760
control,1114,505
control,1264,508
control,1143,586
control,1057,497
control,915,469
control,859,459
control,1030,453
control,1390,513
control,2298,769
control,1061,409
control,3165,1008
control,518,343
control,1063,414
control,1252,501
control,3215,905
control,1163,556
control,1317,609
control,2361,819
control,932,460
control,964,477
control,1169,558
control,933,447
control,2640,866
control,2465,924
control,1051,492
control,559,333
control,1268,493
control,2387,790
control,1177,570
control,1187,473
control,1004,475
control,6458,1352
control,6813,1623
control,2027,739
control,945,525
control,1374,525
control,609,299
control,859,404
control,1314,518
control,779,392
control,2026,684
control,1810,561
control,2613,648
control,1159,469
control,1251,490
control,2081,642
control,2115,794
control,2745,905
control,629,343
control,2964,1035
control,2631,850
control,3480,970
control,626,301
control,909,488
control,969,443
control,1193,437
control,2777,926
control,1187,480
control,2573,871
control,1409,539
control,3640,960
control,1296,529
control,335,226
control,1131,441
control,1731,588
control,3648,1053
control,1208,504
control,2649,833
control,2312,693
control,836,445
control,966,436
control,1132,435
control,935,388
control,1258,480
control,1343,486
control,1257,478
control,2851,1051
control,2463,917
control,1334,524
control,833,349
control,1884,653
control,843,437
control,1625,524
control,1459,508
control,898,383
control,416,212
control,1310,477
control,1231,542
control,819,441
control,3128,893
control,1791,660
control,1449,501
control,1061,476
control,1022,484
control,2259,838
control,1289,450
control,1328,544
control,1217,542
control,2881,1066
control,2787,774
control,997,472
control,1608,634
control,954,376
control,2548,792
control,1008,460
control,849,381
control,1159,507
control,1558,545
control,978,446
control,2364,941
control,4167,1206
control,2731,850
control,332,170
control,894,441
control,1850,636
control,2502,812
control,1558,537
control,902,460
control,898,423
control,2391,804
control,525,310
control,2665,789
control,1207,437
control,4000,509
control,640,375
control,1519,614
control,712,330
control,4394,1329
control,1218,663
control,1550,609
control,1368,583
control,2405,795
control,1974,669
control,3036,965
control,4281,429
control,2191,722
control,2118,703
control,1700,564
control,913,437
control,1308,522
control,1206,467
control,4361,1045
control,1201,471
control,775,447
control,1328,487
control,826,353
control,2968,1084
control,995,448
control,1148,440
control,1521,593
control,959,570
control,939,377
control,1089,523
control,750,414
control,2937,943
control,2697,952
control,2505,816
control,3496,915
control,548,262
control,1557,607
control,818,379
control,1066,444
control,870,410
control,1288,477
control,1139,509
control,1619,531
control,1603,505
control,2719,809
control,1679,656
control,3664,1035
control,933,387
control,1089,556
control,2847,986
control,964,593
control,1166,528
control,700,309
control,812,421
control,1358,477
control,1460,615
control,665,443
control,693,301
control,1952,800
control,1242,505
control,897,374
control,780,331
control,2216,812
control,746,352
control,3302,945
control,2043,721
control,2109,677
control,1043,450
control,686,401
control,2456,835
control,1531,651
control,2036,762
control,3160,800
control,1426,505
control,648,335
control,794,420
control,4418,1196
control,861,418
control,914,426
control,825,346
control,2016,623
control,1147,449
control,1124,507
control,4689,952
control,2673,841
control,1344,560
control,2467,791
control,816,414
control,958,411
control,1115,483
control,987,389
control,3576,993
control,680,334
control,1133,487
control,1488,488
control,1070,503
control,1121,511
control,989,440
control,1500,797
control,829,447
control,1412,510
control,1155,537
control,706,411
control,3467,967
control,2646,833
control,994,409
control,1409,565
control,1742,692
control,930,454
control,1079,339
control,877,414
control,2158,733
control,429,263
control,4919,1249
control,881,445
control,1708,781
control,797,420
control,276,143
control,1460,531
control,904,474
control,1244,509
control,732,402
control,902,439
control,888,436
control,1053,542
control,2187,654
control,1500,560
control,1204,648
control,694,358
control,2273,661
control,1031,463
control,932,540
control,1849,613
control,494,296
control,201,135
control,572,321
control,1501,561
control,2880,888
control,707,315
control,3195,1017
control,990,473
control,1087,528
control,187,115
control,1566,533
control,1532,520
control,941,429
control,3588,1248
control,1298,549
control,2323,826
control,735,340
control,4599,1062
control,1331,450
control,2018,745
control,3726,1185
control,1375,525
control,4275,1489
control,1105,460
control,1679,534
control,4123,1304
control,1647,571
control,1124,460
control,1087,496
control,964,456
control,790,402
control,1928,744
control,786,331
control,1149,479
control,1248,534
control,1341,495
control,931,428
control,2165,850
control,2266,815
control,1377,469
control,963,450
control,602,310
control,520,276
control,1039,388
control,3309,1083
control,1135,439
control,955,423
control,3136,1085
control,1192,459
control,1432,504
control,3063,663
control,1302,541
control,1681,573
control,1183,635
control,1994,707
control,3063,866
control,1391,506
control,681,302
control,2329,813
control,3635,1093
control,1070,479
control,1292,525
control,924,460
control,2266,798
control,1133,491
control,888,528
control,2374,686
control,1544,502
control,837,462
control,1137,636
control,1156,585
control,971,453
control,2422,733
control,915,519
control,2051,744
control,1850,730
control,3391,1014
control,4688,1373
control,359,190
control,1142,461
control,1197,587
control,989,499
control,1228,539
control,1182,546
control,1152,498
control,850,466
control,1313,677
control,1442,568
control,3400,904
control,1280,545
control,721,378
control,1090,443
control,1254,614
control,415,240
control,1519,520
control,1416,435
control,822,418
control,2279,798
control,905,380
control,992,429
control,3478,1037
control,2688,724
control,2176,766
control,1446,556
control,1714,697
control,1519,528
control,872,494
control,3817,1177
control,2118,666
control,1468,505
control,1131,489
control,674,389
control,631,378
control,4738,1072
control,5729,678
control,5914,1469
control,329,189
control,1000,466
control,890,425
control,953,437
control,1135,458
control,769,373
control,3213,832
control,668,367
control,1135,489
control,1141,481
control,1205,563
control,1166,486
control,652,323
control,933,476
control,1120,523
control,4542,1275
control,1269,503
control,934,437
control,1882,869
control,893,448
control,3406,1021
control,3105,928
control,2112,767
control,482,271
control,774,329
control,4111,1016
control,645,369
control,1122,588
control,1040,474
control,2502,767
control,1133,475
control,1598,517
control,441,205
control,3921,1076
control,969,435
control,1410,493
control,1281,476
control,911,481
control,1187,449
control,582,287
control,1518,650
control,988,368
control,3348,1203
control,920,515
control,911,452
control,3362,904
control,2095,656
control,1843,621
control,641,321
control,768,482
control,3129,801
control,1764,736
control,1718,666
control,660,306
control,177,100
control,685,362
control,1775,798
control,988,400
control,1238,441
control,988,399
control,1212,499
control,1191,660
control,1273,552
control,3870,665
control,3333,981
control,1179,458
control,1496,507
control,1202,522
control,646,342
control,1048,480
control,1231,417
control,587,240
control,1134,438
control,1023,514
control,1381,560
control,323,145
control,1368,453
control,1076,488
control,4267,1186
control,1195,522
control,919,501
control,3714,1065
control,3118,992
control,1500,557
control,710,401
control,1020,450
control,801,377
control,896,426
control,2910,895
control,2195,756
control,1864,612
control,1419,545
control,770,417
control,692,343
control,180,114
control,4812,1309
control,840,418
control,720,396
control,2131,652
control,1813,677
control,996,479
control,1385,567
control,4913,1344
control,1343,603
control,841,410
control,1548,588
control,1531,499
control,2024,821
control,2724,967
control,3910,1130
control,1029,555
control,999,413
control,1000,499
control,1214,501
control,1059,510
control,1500,474
control,1631,632
control,1348,538
control,1702,642
control,491,247
control,5064,1395
control,1266,608
control,1544,597
control,973,409
control,1033,393
control,863,504
control,3947,1075
control,2138,743
control,243,161
control,1261,523
control,866,411
control,4475,1153
control,4170,1252
control,1139,571
control,2974,872
control,860,454
control,987,460
control,1289,449
control,1719,647
control,2825,870
control,1435,506
control,1184,535
control,1208,455
control,1119,439
control,3558,1047
control,2330,776
control,172,105
control,895,459
control,995,522
control,850,422
control,1564,574
control,418,245
control,2566,956
control,1211,551
control,1265,479
control,1228,486
control,1808,725
control,846,429
control,1117,502
control,212,159
control,699,376
control,603,305
control,991,445
control,601,323
control,851,441
control,1254,700
control,869,334
control,1315,495
control,1950,629
control,980,456
control,807,427
control,1016,444
control,1522,546
control,996,474
control,5552,1378
control,3735,788
control,711,229
control,1436,527
control,3202,1052
control,3176,994
control,778,357
control,1271,546
control,2557,817
control,1431,455
control,4303,143
control,1790,662
control,3990,1136
control,989,363
control,1985,733
control,2042,697
control,1322,618
control,1771,511
control,4182,1062
control,365,185
control,1223,446
control,875,478
control,1294,637
control,2429,797
control,824,392
control,243,119
control,1029,518
control,1677,675
control,1147,585
control,1179,418
control,639,351
control,1080,468
control,2182,711
control,1346,663
control,1671,594
control,3300,916
control,2392,815
control,1769,629
control,809,412
control,1162,510
control,708,381
control,1033,459
control,1474,817
control,1422,529
control,2060,631
control,825,463
control,779,271
control,2849,819
control,1184,486
control,1002,510
control,796,355
control,939,478
control,1841,528
control,1504,577
control,4538,1290
control,2035,707
control,1800,634
control,1176,460
control,1219,477
control,1142,441
control,1132,529
control,1100,459
control,1372,472
control,942,445
control,1335,506
control,1095,437
control,1109,545
control,1132,523
control,883,414
control,523,274
control,481,213
control,863,535
control,290,155
control,1703,616
control,1957,603
control,1507,542
control,2364,847
control,1314,498
control,1429,499
control,766,440
control,1152,487
control,2216,821
control,1105,521
control,1363,435
control,658,390
control,2687,888
control,2134,617
control,496,272
control,1151,427
control,556,394
control,1049,480
control,232,131
control,149,110
control,2335,763
control,2888,792
control,3412,1004
control,1424,568
control,980,476
control,1518,544
control,1945,757
control,3469,1138
control,1247,583
control,1274,594
control,721,419
control,1534,509
control,1523,604
control,3996,1068
control,1430,494
control,537,252
control,781,356
control,1089,486
control,4582,1207
control,580,348
control,2076,601
control,854,425
control,1122,466
control,1099,607
control,1792,615
control,1425,579
control,1387,475
control,720,346
control,1135,510
control,1100,473
control,660,376
control,3900,1044
control,663,389
control,1584,607
control,1340,517
control,936,448
control,368,195
control,1101,504
control,945,455
control,782,363
control,810,401
control,1098,473
control,684,292
control,1308,452
control,1282,491
control,1137,580
control,907,389
control,1194,496
control,3006,785
control,916,384
control,891,355
control,1310,554
control,1961,517
control,634,277
control,2202,880
control,1216,564
control,1219,483
control,908,422
control,2261,619
control,1944,723
control,965,580
control,1325,591
control,767,350
control,1169,529
control,3079,893
control,243,143
control,999,415
control,1103,420
control,996,453
control,2311,1072
control,952,366
control,3485,903
control,3928,1230
control,1204,517
control,3088,1068
control,1518,646
control,1194,595
control,1024,440
control,1546,501
control,974,502
control,416,287
control,506,274
control,1462,605
control,1416,547
control,1394,526
control,1675,650
control,3099,1175
control,1476,601
control,1143,468
control,1468,577
control,2393,708
control,2119,822
control,2099,625
control,1186,484
control,1377,497
control,2139,687
control,1550,618
control,1983,676
control,1106,450
control,1894,773
control,1436,544
control,2472,762
control,854,474
control,589,316
control,157,114
control,2447,816
control,669,379
control,920,398
control,881,423
control,1096,495
control,4523,968
control,1854,585
control,1092,421
control,1289,673
control,877,491
control,3786,888
control,1410,502
control,1079,500
control,784,439
control,1451,544
control,2700,867
control,1808,594
control,1554,611
control,752,391
control,1153,474
control,4265,114
control,616,322
control,2067,711
control,2352,811
control,1818,780
control,580,300
control,493,261
control,1456,651
control,2690,883
control,1383,470
control,2931,956
control,828,433
control,1258,532
control,1983,768
control,757,364
control,939,446
control,471,291
control,1082,505
control,685,327
control,3091,922
control,1183,446
control,942,432
control,2851,858
control,3515,1141
control,2152,658
control,902,413
control,1323,592
control,5142,1386
control,1562,595
control,1578,648
control,827,418
control,1356,635
control,944,454
control,1285,478
control,4559,1121
control,2167,680
control,1507,496
control,1146,533
control,1064,446
control,1421,526
control,881,395
control,1774,859
control,1413,591
control,1857,840
control,1428,582
control,1562,561
control,1014,572
control,626,369
control,841,453
control,2421,755
control,814,427
control,1744,671
control,1426,474
control,5876,1582
control,578,321
control,335,209
control,1474,622
control,3711,1022
control,912,555
control,871,467
control,1065,474
control,1069,403
control,1447,598
control,7208,1518
control,1147,569
control,1782,632
control,1187,467
control,1724,609
control,1522,740
control,1372,557
control,1794,737
control,725,409
control,1129,407
control,1817,692
control,1220,551
control,2329,1054
control,2186,707
control,717,351
control,175,128
control,1461,648
control,732,386
control,1148,404
control,1352,542
control,1362,563
control,703,360
control,1195,491
control,2324,790
control,2194,652
control,827,431
control,619,338
control,652,312
control,3537,1081
control,989,489
control,1115,465
control,1922,748
control,2679,871
control,2249,720
control,2011,670
control,1327,478
control,924,434
control,3813,1034
control,1958,864
control,1102,511
control,2268,831
control,1222,556
control,883,388
control,1122,434
control,742,326
control,1157,415
control,1700,661
control,2287,796
control,597,342
control,1082,433
control,1227,504
control,1017,456
control,1311,508
control,820,442
control,1774,513
control,2705,790
control,2402,968
control,2910,974
control,744,415
control,2061,707
control,726,399
control,441,261
control,1061,600
control,1378,556
control,3021,1000
control,1091,471
control,515,241
control,719,315
control,2806,865
control,1545,781
control,1830,920
control,1171,415
control,873,533
control,928,401
control,1622,434
control,680,380
control,717,359
control,2311,1051
control,3301,1283
control,1062,571
control,2019,711
control,505,273
control,1185,504
control,1597,617
control,1287,463
control,1144,529
control,1408,595
control,1195,554
control,860,405
control,390,230
control,976,555
control,1509,543
control,1366,479
control,1169,508
control,1326,504
control,1555,584
control,1161,454
control,850,410
control,1446,507
control,2835,835
control,973,438
control,859,424
control,1346,541
control,1667,651
control,2336,887
control,2555,752
control,1126,466
control,3058,814
control,978,436
control,1378,519
control,1915,666
control,1040,492
control,1333,608
control,1086,576
control,1051,458
control,1714,641
control,1068,426
control,1440,552
control,1830,711
control,1477,504
control,949,443
control,1910,688
control,1411,506
control,1004,433
control,830,401
control,738,413
control,971,514
control,861,440
control,1466,482
control,895,430
control,1010,398
control,1531,761
control,1497,581
control,918,402
control,1617,603
control,3548,1177
control,2220,698
control,784,354
control,960,455
control,1886,580
control,731,356
control,1837,715
control,880,373
control,911,419
control,998,476
control,2795,856
control,1257,484
control,924,458
control,2530,778
control,1105,506
control,1003,388
control,3128,1085
control,4532,1360
control,1350,511
control,2353,775
control,866,445
control,1766,726
control,1491,528
control,1133,563
control,697,358
control,1339,600
control,1664,646
control,3356,958
control,477,273
control,3472,1005
control,596,340
control,1228,550
control,2431,835
control,2417,1100
control,1234,536
control,1621,671
control,1033,443
control,1577,659
control,2537,1006
control,699,442
control,1565,651
control,929,444
control,1454,562
control,999,466
control,2438,633
control,771,339
control,1776,610
control,4098,1325
control,2500,708
control,3293,1022
control,611,357
control,2297,807
control,1797,756
control,4360,1021
control,2231,645
control,782,397
control,3240,830
control,916,399
control,1536,602
control,1296,529
control,1703,612
control,288,135
control,2887,878
control,1324,537
control,1764,544
control,1132,468
control,848,447
control,1002,381
control,952,365
control,740,380
control,1721,618
control,1964,787
control,1130,620
control,1412,478
control,1028,467
control,1282,612
control,1057,340
control,851,448
control,2201,695
control,1039,420
control,2757,1027
control,1827,640
control,2144,736
control,1109,436
control,217,122
control,794,292
control,795,373
control,8445,2146
control,1417,532
control,1350,552
control,564,253
control,901,413
control,1210,497
control,735,408
control,1015,447
control,1286,522
control,616,394
control,1332,576
control,1089,577
control,2254,785
control,724,397
control,1867,724
control,2490,885
control,903,455
control,1347,578
control,2302,843
control,1259,506
control,517,309
control,1197,499
control,2595,781
control,1152,492
control,364,225
control,1258,546
control,1415,603
control,1525,507
control,1091,507
control,1006,441
control,1534,571
control,418,244
control,1961,696
control,1315,589
control,1033,485
control,2190,705
control,2246,812
control,1021,460
control,3376,858
control,2679,803
control,806,292
control,4431,1295
control,904,445
control,800,468
control,2124,620
control,935,415
control,1961,876
control,1081,495
control,4121,1222
control,1850,662
control,1452,630
control,2314,820
control,835,406
control,1076,376
control,1104,446
control,867,356
control,1203,545
control,454,243
control,1640,592
control,1496,533
control,2549,886
control,580,347
control,1298,514
control,1004,538
control,5693,1463
control,2656,857
control,5040,1145
control,382,225
control,975,479
control,1831,624
control,1990,653
control,1405,585
control,1404,511
control,2027,800
control,564,295
control,3208,871
control,582,295
control,636,324
control,1758,294
control,1898,663
control,1308,553
control,693,326
control,1323,616
control,3008,980
control,1861,622
control,2777,873
control,2865,1054
control,1643,564
control,324,211
control,4743,1449
control,720,330
control,626,296
control,2979,968
control,1409,513
control,850,434
control,1086,426
control,1254,511
control,1641,596
control,689,275
control,1312,567
control,1208,430
control,901,443
control,3243,1229
control,1030,549
control,590,386
control,981,423
control,1673,543
control,1309,577
control,4609,1296
control,1435,503
control,1653,639
control,2073,739
control,3871,920
control,2553,844
control,1346,529
control,1146,449
control,968,461
control,1037,351
control,696,369
control,1100,446
control,755,455
control,2956,774
control,1663,784
control,941,440
control,831,448
control,1252,626
control,969,494
control,2206,678
control,1878,899
control,1511,528
control,2404,698
control,4870,1093
control,655,298
control,2032,774
control,1236,494
control,1064,447
control,926,424
control,1432,499
control,2834,801
control,951,374
control,1153,455
control,1047,359
control,1299,484
control,500,285
control,1107,589
control,952,463
control,1617,561
control,3185,930
control,1385,552
control,800,456
control,3137,911
control,2425,685
control,1968,890
control,841,448
control,843,493
control,604,277
control,1811,579
control,3620,373
control,3071,916
control,1116,440
control,2292,687
control,1378,650
control,1048,504
control,1704,547
control,732,362
control,1058,464
control,431,292
control,1159,501
control,951,445
control,966,475
control,1467,514
control,1718,624
control,2788,870
control,1036,447
control,2232,897
control,1346,553
control,607,407
control,2511,722
control,2631,850
control,1004,438
control,2446,745
control,4315,1180
control,1002,478
control,1475,588
control,742,353
control,1293,521
control,1545,599
control,1572,542
control,893,534
control,519,301
control,1035,449
control,597,303
control,1043,453
control,959,425
control,684,316
control,1099,453
control,5531,1297
control,629,347
control,1446,525
control,1687,605
control,717,432
control,609,290
control,3133,852
control,1025,430
control,2698,691
control,2788,927
control,2816,945
control,457,261
control,2478,734
control,1366,690
control,1053,529
control,1316,646
control,1513,583
control,1657,540
control,973,432
control,1298,561
control,5756,1733
control,3509,1016
control,1085,396
control,3026,892
control,673,361
control,2166,906
control,1041,563
control,1115,544
control,924,435
control,272,117
control,4982,1348
control,2122,727
control,482,254
control,2465,951
control,1456,649
control,801,397
control,4577,1324
control,3280,1046
control,2888,796
control,4995,1465
control,1544,718
control,831,375
control,1307,508
control,700,376
control,878,527
control,826,386
control,1294,553
control,1893,587
control,6390,1742
control,368,249
control,2121,618
control,1046,451
control,1303,472
control,1527,679
control,1420,507
control,2119,772
control,1044,438
control,1583,674
control,758,389
control,1753,586
control,1094,463
control,834,381
control,2943,948
control,1437,544
control,1347,552
control,1181,450
control,1006,403
control,3195,1064
control,1778,705
control,1810,675
control,1488,516
control,1332,548
control,1353,596
control,863,390
control,1155,437
control,769,390
control,2717,884
control,1927,746
control,1541,602
control,645,349
control,1000,434
control,2110,543
control,1371,493
control,1263,492
control,2492,834
control,1299,398
control,870,423
control,828,428
control,1125,375
control,1111,466
control,1425,496
control,1008,498
control,1056,457
control,2286,1189
control,668,386
control,1113,487
control,2107,745
control,1436,576
control,1049,426
control,1417,510
control,3299,856
control,919,445
control,3278,989
control,849,428
control,980,425
control,1325,624
control,879,410
control,3276,998
control,5537,1312
control,995,435
control,2936,890
control,1073,461
control,1859,656
control,1084,524
control,1596,514
control,1427,499
control,1504,492
control,569,357
control,2072,709
control,1186,437
control,936,372
control,2617,823
control,1164,444
control,2389,800
control,2968,868
control,933,463
control,1294,569
control,1514,695
control,887,394
control,1402,571
control,948,473
control,2086,925
control,1618,834
control,864,495
control,1339,626
control,1854,641
control,606,307
control,909,433
control,1841,611
control,1177,526
control,346,202
control,2493,722
control,201,106
control,3408,893
control,3819,1330
control,815,455
control,1145,428
control,1132,529
control,869,426
control,1624,594
control,2409,759
control,827,399
control,1252,592
control,2758,824
control,3748,1101
control,2211,857
control,1239,466
control,6937,2065
control,973,502
control,3175,965
control,3563,1192
control,3028,602
control,578,297
control,457,217
control,2057,629
control,746,353
control,2461,841
control,1611,669
control,813,487
control,960,425
control,1373,610
control,655,338
control,4399,1094
control,1241,458
control,305,135
control,3990,550
control,5226,1251
control,2300,772
control,1059,567
control,213,153
control,871,433
control,3730,990
control,1568,706
control,1950,650
control,1319,459
control,6621,1936
control,605,248
control,789,269
control,827,377
control,1317,618
control,614,311
control,2427,797
control,5284,1489
control,2341,827
control,517,290
control,1038,530
control,911,380
control,2894,833
control,1621,906
control,1084,492
control,1664,563
control,2231,963
control,1008,422
control,2627,736
control,3447,993
control,809,328
control,2280,678
control,1272,518
control,291,157
control,2419,792
control,892,487
control,1973,724
control,682,414
control,2702,842
control,858,396
control,2549,900
control,4249,1184
control,1143,465
control,2278,881
control,2516,930
control,2389,688
control,1437,532
control,971,438
control,1082,460
control,1219,469
control,2552,851
control,1508,633
control,1369,494
control,1916,544
control,962,442
control,1200,483
control,780,447
control,2745,895
control,1460,620
control,1325,460
control,1141,462
control,3902,1100
control,669,361
control,1274,508
control,882,489
control,4288,1095
control,2089,899
control,854,434
control,1695,784
control,809,434
control,671,357
control,939,513
control,1608,565
control,4696,1254
control,1517,620
control,1732,618
control,2423,1073
control,1046,498
control,3484,1034
control,1238,464
control,2306,887
control,1436,514
control,1617,574
control,1028,399
control,1359,564
control,882,362
control,2339,750
control,1270,496
control,1519,553
control,1215,468
control,1951,631
control,1239,725
control,1889,602
control,1125,488
control,1176,510
control,4085,1325
control,2336,767
control,1319,555
control,2463,811
control,2090,685
control,1333,509
control,2714,796
control,4339,1331
control,1358,507
control,3043,1011
control,691,376
control,2795,600
control,1145,561
control,2428,794
control,765,393
control,902,333
control,1436,484
control,952,483
control,1211,142
control,4972,1367
control,1248,517
control,1547,541
control,1013,597
control,3225,1100
control,2023,814
control,883,342
control,2229,702
control,767,370
control,962,489
control,822,357
control,1180,533
control,1325,634
control,1225,482
control,873,441
control,1368,524
control,3656,996
control,231,106
control,1326,774
control,3830,966
control,1672,640
control,1216,490
control,1730,667
control,1082,437
control,988,529
control,1536,537
control,747,367
control,1167,502
control,2082,772
control,911,433
control,1339,499
control,2939,892
control,2847,871
control,2276,637
control,1306,551
control,757,440
control,946,458
control,1082,513
control,876,430
control,655,314
control,3270,767
control,3729,1081
control,1118,553
control,822,450
control,2537,856
control,2152,815
control,1406,585
control,2423,785
control,924,402
control,3263,1086
control,567,338
control,896,353
control,726,449
control,1115,490
control,1022,466
control,1428,560
control,817,373
control,1087,525
control,1088,518
control,3503,1318
control,1568,656
control,553,339
control,1580,641
control,1020,438
control,3382,977
control,716,429
control,1469,545
control,1150,511
control,862,462
control,679,356
control,1084,545
control,2996,850
control,2703,679
control,1014,456
control,2873,878
control,896,360
control,1100,475
control,879,418
control,1606,535
control,632,272
control,602,387
control,4631,1381
control,1125,480
control,2108,838
control,931,491
control,3070,1084
control,2951,950
control,3798,928
control,1253,556
control,1079,422
control,1577,711
control,1506,724
control,860,437
control,848,412
control,2045,778
control,1169,474
control,1041,480
control,784,336
control,1112,445
control,2550,830
control,741,469
control,921,433
control,1392,529
control,762,369
control,910,402
control,1170,474
control,1190,618
control,905,300
control,1130,529
control,898,385
control,1204,575
control,500,286
control,645,265
control,1349,612
control,1051,506
control,1214,504
control,1094,463
control,1153,446
control,717,367
control,767,367
control,940,470
control,1004,465
control,1335,497
control,1474,570
control,1643,716
control,1395,516
control,1701,533
control,1481,645
control,618,283
control,808,438
control,1347,609
control,915,576
control,4589,1438
control,1076,489
control,1246,552
control,2506,664
control,6310,1591
control,4637,1182
control,1388,531
control,1143,439
control,1454,569
control,1151,412
control,902,431
control,1124,454
control,570,352
control,3296,1060
control,1387,511
control,1645,598
control,1731,374
control,660,249
control,982,451
control,1524,534
control,1895,638
control,375,211
control,2396,567
control,531,211
control,3293,1082
control,1902,642
control,2706,802
control,1785,576
control,1297,589
control,1461,519
control,993,337
control,1131,464
control,5585,1520
control,1127,473
control,1377,465
control,1049,582
control,934,429
control,751,396
control,1091,563
control,830,443
control,2870,173
control,1769,851
control,5136,1546
control,1766,631
control,3095,992
control,1607,516
control,3365,1010
control,1039,460
control,2244,641
control,3172,1203
control,2566,767
control,1068,443
control,2048,770
control,1477,554
control,1975,520
control,1188,442
control,1054,556
control,763,322
control,1904,722
control,1348,529
control,1292,490
control,884,343
control,593,367
control,4620,1197
control,1084,493
control,771,387
control,1231,584
control,2511,867
control,904,374
control,1018,451
control,1270,462
control,385,273
control,3867,1069
control,1758,708
control,435,261
control,1092,441
control,1091,550
control,2096,637
control,1148,460
control,899,436
control,2279,877
control,829,372
control,1133,493
control,1018,504
control,963,487
control,1034,491
control,508,274
control,1452,532
control,1812,707
control,1268,477
control,1169,594
control,2297,720
control,1578,596
control,1033,455
control,4694,1404
control,2471,810
control,651,375
control,2997,1009
control,1280,553
control,780,359
control,1321,504
control,2435,784
control,938,416
control,1053,416
control,1140,525
control,3442,1113
control,636,362
control,1251,515
control,325,205
control,3850,1073
control,5122,1293
control,1143,501
control,885,436
control,1319,509
control,1212,504
control,1713,633
control,1470,538
control,1184,517
control,1205,468
control,1760,634
control,1462,572
control,669,262
control,954,406
control,1307,468
control,925,456
control,2480,774
control,2308,716
control,1363,512
control,4153,1107
control,727,355
control,735,441
control,1012,496
control,1349,553
control,1875,579
control,998,447
control,840,389
control,1176,412
control,931,479
control,1134,553
control,1099,392
control,946,408
control,1692,659
control,742,440
control,1039,415
control,1857,668
control,1370,479
control,936,455
control,664,339
control,3724,966
control,459,259
control,1177,571
control,2035,745
control,1932,674
control,1364,564
control,2672,870
control,4866,1189
control,1412,594
control,891,523
control,503,292
control,797,328
control,641,336
control,1688,631
control,2239,776
control,1345,541
control,1431,524
control,880,468
control,1005,486
control,1273,539
control,709,394
control,1351,510
control,979,430
control,1003,499
control,685,328
control,778,373
control,3193,799
control,4060,1051
control,3314,1100
control,2620,798
control,1988,688
control,1453,488
control,853,413
control,843,363
control,2606,819
control,1248,691
control,1683,571
control,1149,471
control,2426,676
control,485,241
control,1110,395
control,2234,668
control,762,331
control,1216,542
control,729,356
control,2116,808
control,3305,1088
control,1075,462
control,1464,520
control,930,467
control,3539,1254
control,1515,578
control,837,463
control,2342,745
control,1317,474
control,833,343
control,875,390
control,1067,446
control,798,487
control,1131,408
control,2628,919
control,761,365
control,1148,521
control,2050,750
control,793,373
control,1236,500
control,417,236
control,1715,541
control,1533,585
control,2053,607
control,1123,597
control,984,383
control,658,373
control,1274,450
control,849,454
control,2841,941
control,729,341
control,1574,672
control,901,394
control,1271,453
control,841,545
control,1183,456
control,1173,623
control,2435,811
control,939,513
control,1759,757
control,2982,842
control,1208,521
control,1836,683
control,1459,683
control,2941,800
control,2098,665
control,1472,501
control,1497,523
control,1022,514
control,2292,737
control,1205,464
control,374,181
control,2100,796
control,2233,706
control,1465,533
control,1132,462
control,1058,499
control,856,415
control,880,486
control,1246,614
control,643,311
control,1458,538
control,1139,432
control,2517,896
control,450,196
control,1303,509
control,879,450
control,861,442
control,1429,572
control,1220,429
control,849,472
control,1244,454
control,1315,455
control,1038,406
control,808,371
control,1129,498
control,942,372
control,2148,786
control,1276,501
control,241,144
control,1373,504
control,1155,508
control,1025,544
control,740,354
control,731,376
control,1212,581
control,1214,489
control,1487,483
control,1047,407
control,1018,411
control,3011,829
control,989,403
control,1147,381
control,1231,577
control,1581,611
control,1076,433
control,1141,463
control,1940,793
control,891,426
control,2537,738
control,3141,828
control,2105,854
control,2446,696
control,1752,632
control,978,464
control,1568,523
control,1431,644
control,2281,962
control,1194,444
control,574,287
control,739,424
control,1287,421
control,1104,508
control,1139,554
control,1385,702
control,1352,478
control,2941,886
control,1159,503
control,663,371
control,637,305
control,800,411
control,578,262
control,2017,739
control,1634,541
control,1159,471
control,769,370
control,927,441
control,1051,410
control,886,446
control,7558,1502
control,1499,671
control,625,422
control,884,394
control,697,330
control,2265,754
control,3626,1157
control,2361,792
control,3195,786
control,1857,657
control,557,299
control,1229,486
control,1421,608
control,2274,750
control,1364,490
control,1062,454
control,1188,530
control,1100,437
control,3108,911
control,2764,998
control,382,132
control,1925,787
control,754,372
control,1525,575
control,2816,922
control,653,351
control,1868,677
control,711,441
control,1265,485
control,1766,804
control,1179,497
control,1126,468
control,2634,895
control,2543,846
control,1133,487
control,1232,530
control,8044,1695
control,1096,394
control,1735,603
control,1219,531
control,3772,1236
control,2608,981
control,1158,460
control,1277,482
control,1484,581
control,2726,1009
control,1216,610
control,537,299
control,1032,486
control,1440,515
control,1487,564
control,1396,585
control,1534,577
control,2545,720
control,2013,872
control,285,172
control,1006,454
control,1121,562
control,1431,618
control,333,207
control,1760,620
control,1151,476
control,1414,530
control,916,370
control,1045,467
control,2352,777
control,856,469
control,1225,513
control,1457,736
control,478,267
control,1706,517
control,867,372
control,743,380
control,2193,700
control,945,374
control,1550,498
control,4624,1254
control,504,278
control,862,388
control,1217,521
control,1041,467
control,2988,847
control,566,364
control,2916,1130
control,1428,662
control,3045,940
control,1086,432
control,4051,1235
control,982,412
control,885,418
control,1397,671
control,1509,593
control,1878,758
control,3877,1262
control,1619,608
control,1147,534
control,1400,486
control,756,403
control,579,366
control,1758,651
control,860,384
control,996,478
control,378,227
control,2044,780
control,865,473
control,1357,526
control,1005,392
control,1221,579
control,529,272
control,2600,718
control,930,472
control,1595,557
control,3954,1170
control,2126,783
control,881,484
control,837,431
control,2034,852
control,514,325
control,929,517
control,2655,935
control,1327,509
control,2467,689
control,919,420
control,1099,468
control,1569,570
control,1682,590
control,1523,510
control,917,411
control,3731,1120
control,760,321
control,1628,598
control,1588,555
control,1531,523
control,3418,1133
control,2049,757
control,759,347
control,980,420
control,2063,856
control,2343,1094
control,1441,629
control,503,273
control,1227,677
control,1225,472
control,3350,1279
control,894,408
control,1338,454
control,1602,787
control,2337,720
control,1511,619
control,890,415
control,3409,972
control,1190,652
control,857,427
control,1227,510
control,1605,750
control,1164,535
control,1529,564
control,4796,1062
control,944,386
control,1139,453
control,1609,521
control,858,426
control,669,346
control,804,428
control,1005,421
control,2044,716
control,1150,551
control,2012,744
control,1663,583
control,2629,856
control,2984,919
control,1063,470
control,1393,526
control,1841,627
control,1192,476
control,1125,487
control,898,404
control,1096,536
control,1201,460
control,2845,985
control,714,376
control,1273,533
control,2175,975
control,1799,702
control,1838,533
control,1279,414
control,1619,555
control,1199,472
control,1260,489
control,1029,486
control,1418,543
control,1185,491
control,1287,469
control,466,288
control,1202,444
control,1727,562
control,2645,771
control,1930,656
control,1223,470
control,337,245
control,1016,456
control,3244,846
control,907,543
control,2096,570
control,1222,597
control,1088,424
control,1798,792
control,1437,517
control,6203,1567
control,3799,1121
control,1431,547
control,1152,503
control,1497,583
control,1001,497
control,2733,983
control,1362,559
control,946,466
control,950,432
control,895,471
control,1182,460
control,2582,968
control,1453,567
control,1555,546
control,815,381
control,897,427
control,447,259
control,765,431
control,1071,461
control,898,449
control,760,434
control,3740,980
control,3970,1018
control,1498,467
control,1011,426
control,1640,580
control,890,466
control,3065,866
control,986,493
control,1605,853
control,877,446
control,549,310
control,1228,506
control,1259,493
control,646,352
control,1647,736
control,1990,717
control,405,218
control,875,411
control,1573,566
control,821,372
control,1340,545
control,729,378
control,3039,997
control,811,388
control,1011,448
control,1133,505
control,2536,905
control,778,399
control,2189,662
control,1174,434
control,1036,473
control,1071,435
control,1224,680
control,1204,564
control,1408,622
control,1662,583
control,1055,517
control,1671,579
control,1718,632
control,819,406
control,1444,465
control,842,370
control,2039,837
control,1119,411
control,513,271
control,1596,632
control,1319,648
control,1210,464
control,2385,802
control,892,403
control,688,354
control,1121,496
control,2946,1012
control,1563,526
control,3717,979
control,2269,1022
control,1263,463
control,1545,718
control,1057,462
control,1040,531
control,192,113
control,809,434
control,1727,551
control,891,401
control,1793,763
control,1407,542
control,825,442
control,313,112
control,1095,518
control,1129,457
control,1503,489
control,4386,498
control,2565,856
control,3202,1063
control,4961,1344
control,1246,484
control,423,265
control,759,361
control,874,439
control,732,393
control,5365,1348
control,1063,444
control,833,436
control,1096,461
control,1358,485
control,1183,471
control,1627,533
control,4572,1082
control,184,139
control,1297,557
control,1215,508
control,865,441
control,1163,473
control,912,464
control,4685,1177
control,1082,456
control,723,327
control,1568,598
control,761,380
control,1363,552
control,1138,440
control,2208,631
control,1933,704
control,902,417
control,3331,1063
control,1450,592
control,975,461
control,932,433
control,917,451
control,966,431
control,1796,739
control,864,386
control,2177,679
control,741,378
control,1813,583
control,1800,726
control,1944,671
control,996,379
control,4489,1317
control,1697,620
control,2357,665
control,920,338
control,1471,786
control,1439,537
control,1475,564
control,723,385
control,3290,1005
control,2612,796
control,1142,545
control,1476,548
control,1193,517
control,1778,609
control,3647,829
control,1170,503
control,1946,769
control,162,121
control,1559,502
control,1571,554
control,386,261
control,2252,822
control,927,417
control,907,404
control,1059,455
control,461,192
control,341,196
control,564,278
control,1468,486
control,3453,884
control,1829,649
control,841,416
control,3263,949
control,570,362
control,1020,479
control,2667,1167
control,746,293
control,1061,451
control,2233,1006
control,1720,637
control,1118,474
control,3428,113
control,1112,474
control,5979,1759
control,4025,1107
control,1904,754
control,862,433
control,739,314
control,2456,667
control,1005,452
control,1307,456
control,4787,1355
control,915,454
control,1644,634
control,1078,504
control,2298,618
control,3988,1273
control,1002,408
control,1076,457
control,939,424
control,1032,453
control,1246,421
control,3026,883
control,1026,466
control,2233,882
control,1096,432
control,744,404
control,1440,611
control,3719,1130
control,4656,1309
control,5046,1345
control,1198,495
control,1047,517
control,712,387
control,774,426
control,1931,639
control,675,347
control,1066,490
control,2489,980
control,2170,687
control,622,278
control,1680,651
control,1117,480
control,863,456
control,1136,547
control,1278,437
control,2384,681
control,1153,594
control,515,220
control,432,237
control,1337,523
control,1358,573
control,867,423
control,1079,495
control,1848,723
control,489,296
control,1210,512
control,1108,457
control,2193,730
control,129,100
control,3781,1287
control,4486,1128
control,1239,541
control,1083,527
control,1391,565
control,1795,607
control,963,497
control,1985,603
control,2193,928
control,1067,476
control,296,122
control,3133,504
control,1311,469
control,998,451
control,1951,574
control,1390,532
control,1366,492
control,1018,459
control,674,274
control,955,444
control,1803,604
control,801,456
control,1160,602
control,1246,496
control,1246,579
control,1132,542
control,1546,604
control,1557,623
control,1263,552
control,2697,701
control,2097,705
control,835,546
control,1111,469
control,949,414
control,2232,865
control,1098,506
control,2125,667
control,2078,842
control,228,171
control,636,285
control,1377,523
control,1816,697
control,1731,585
control,1273,461
control,3353,877
control,4384,993
control,958,612
control,1511,530
control,1379,558
control,3059,840
control,2888,766
control,1940,751
control,1538,514
control,1439,541
control,407,139
control,929,425
control,2823,939
control,672,317
control,1276,535
control,1308,522
control,2381,751
control,947,373
control,2980,832
control,582,284
control,1130,417
control,981,535
control,2151,675
control,951,426
control,2749,920
control,1551,534
control,1089,411
control,1052,532
control,1066,401
control,1083,411
control,1880,591
control,1898,688
control,1224,502
control,963,457
control,981,418
control,960,479
control,944,453
control,2769,822
control,1119,571
control,1223,528
control,2957,1126
control,2557,881
control,1184,508
control,2356,752
control,885,357
control,1433,589
control,2513,921
control,1254,516
control,1690,605
control,1007,495
control,3379,925
control,853,405
control,778,373
control,1261,656
control,784,369
control,418,252
control,2361,826
control,1453,573
control,1386,600
control,1095,474
control,998,426
control,3354,1051
control,939,598
control,2650,802
control,1602,577
control,1605,591
control,1853,637
control,2678,828
control,1241,564
control,1439,551
control,1031,482
control,940,474
control,327,207
control,2223,788
control,1342,567
control,1012,406
control,1440,559
control,2946,999
control,1344,482
control,1100,490
control,1293,523
control,241,162
control,512,277
control,2635,809
control,4283,1107
control,2694,838
control,4038,1027
control,1480,508
control,1318,491
control,1269,506
control,2063,724
control,2537,754
control,2488,804
control,1282,488
control,3491,131
control,1623,772
control,1060,419
control,1456,734
control,941,499
control,2775,852
control,2125,788
control,2425,954
control,1545,563
control,2672,748
control,4310,1127
control,798,345
control,663,303
control,3197,946
control,942,506
control,1010,546
control,3078,948
control,1085,520
control,709,348
control,4529,1314
control,958,467
control,791,402
control,2890,903
control,2049,630
control,2107,678
control,938,411
control,4380,1222
control,1912,717
control,1032,378
control,1418,545
control,1043,503
control,1110,463
control,1852,725
control,2089,686
control,1094,434
control,1331,461
control,2859,897
control,3130,979
control,3490,978
control,1485,525
control,771,398
control,2002,667
control,1285,467
control,1745,688
control,949,347
control,1110,494
control,1157,552
control,1489,556
control,826,408
control,504,275
control,2281,723
control,545,298
control,577,327
control,422,320
control,2767,871
control,1371,495
control,2893,957
control,1954,569
control,5485,1760
control,3495,1083
control,499,329
control,560,295
control,3603,815
control,404,247
control,2139,648
control,459,235
control,931,332
control,2612,712
control,1390,572
control,3866,967
control,2783,918
control,2645,803
control,3114,822
control,1112,492
control,1323,589
control,678,440
control,2086,665
control,1663,814
control,2029,652
control,756,416
control,656,311
control,648,359
control,608,283
control,552,262
control,4149,1071
control,237,164
control,894,509
control,1036,354
control,730,365
control,710,376
control,1120,449
control,1288,527
control,2007,814
control,871,429
control,1458,621
control,761,430
control,1274,518
control,698,364
control,592,405
control,1356,494
control,684,380
control,1554,612
control,2115,547
control,1759,659
control,1390,682
control,541,182
control,1157,507
control,930,450
control,1234,506
control,962,477
control,856,430
control,1175,489
control,856,413
control,3752,1109
control,2326,828
control,2661,799
control,318,178
control,1049,480
control,1069,450
control,1344,681
control,813,406
control,1936,740
control,1446,604
control,1063,544
control,1474,551
control,1891,733
control,1673,482
control,1040,558
control,1160,534
control,930,434
control,1082,493
control,850,559
control,2896,805
control,1221,550
control,2055,762
control,3395,1103
control,1777,819
control,3121,1022
control,1489,506
control,1579,555
control,1076,423
control,3186,957
control,1139,504
control,1132,512
control,2968,844
control,1025,424
control,1140,505
control,3193,1136
control,1795,680
control,2809,1059
control,4262,1312
control,1227,517
control,1202,562
control,995,409
control,926,451
control,1145,472
control,3639,979
control,926,565
control,583,329
control,1863,712
control,1153,532
control,2797,793
control,556,280
control,2116,653
control,1257,505
control,1521,568
control,745,491
control,2303,778
control,572,286
control,1056,415
control,1198,466
control,1802,653
control,4384,1654
control,988,421
control,713,388
control,1667,585
control,1102,519
control,3042,1013
control,1709,833
control,931,399
control,1936,772
control,1630,601
control,804,286
control,2143,636
control,785,348
control,1084,479
control,1068,478
control,1326,482
control,1112,436
control,1289,524
control,2502,586
control,1088,391
control,1756,599
control,1045,412
control,1221,575
control,1034,462
control,540,327
control,1504,498
control,3183,899
control,4222,1296
control,1354,482
control,687,274
control,1574,562
control,1186,639
control,1351,574
control,974,393
control,700,337
control,3365,1066
control,1170,334
control,634,323
control,1887,576
control,877,372
control,972,457
control,909,483
control,1356,502
control,3349,1012
control,1544,571
control,1417,609
control,1095,399
control,1441,520
control,862,477
control,2830,937
control,887,455
control,900,472
control,2881,991
control,946,486
control,3296,1021
control,1039,427
control,1278,433
control,1629,593
control,1028,440
control,1167,417
control,4033,1200
control,871,381
control,1425,472
control,999,446
control,1571,564
control,1202,497
control,962,439
control,1662,700
control,2198,623
control,2753,945
control,1201,599
control,1027,403
control,495,242
control,1023,435
control,170,104
control,1562,525
control,1101,449
control,2601,702
control,2139,579
control,831,401
control,393,237
control,3264,1090
control,3221,887
control,1833,859
control,3348,952
control,1494,512
control,885,425
control,1724,419
control,676,345
control,4356,1049
control,1234,440
control,725,305
control,1219,450
control,1174,476
control,666,426
control,1516,768
control,1045,485
control,697,362
control,269,152
control,3272,1166
control,3893,1079
control,2116,668
control,5354,1392
control,4603,1197
control,2097,595
control,1346,535
control,3034,1204
control,800,414
control,1440,622
control,1139,539
control,721,388
control,1351,622
control,4747,1224
control,1153,543
control,2436,778
control,865,459
control,1666,516
control,1630,534
control,1165,464
control,1626,582
control,579,279
control,1927,898
control,2277,1025
control,1836,663
control,839,452
control,1286,485
control,1350,456
control,1342,476
control,1515,521
control,1336,525
control,1120,435
control,1285,484
control,914,381
control,1308,539
control,832,439
control,2035,971
control,1855,709
control,985,422
control,1906,634
control,3161,1077
control,1361,501
control,808,405
control,854,314
control,1663,639
control,1170,432
control,1308,475
control,968,453
control,1117,458
control,3614,1136
control,846,398
control,690,331
control,1759,593
control,2444,847
control,504,307
control,3905,1004
control,740,395
control,893,517
control,1086,422
control,2049,880
control,1145,541
control,1511,575
control,1022,448
control,1401,479
control,654,300
control,2382,947
control,1683,560
control,984,586
control,1359,455
control,229,126
control,490,241
control,1237,506
control,925,425
control,2377,895
control,1812,630
control,1221,468
control,1162,382
control,1086,412
control,937,505
control,633,265
control,1033,514
control,1047,399
control,4585,1270
control,3451,1131
control,743,375
control,1462,509
control,1458,673
control,2925,1076
control,1162,640
control,2446,732
control,1837,818
control,787,384
control,2977,935
control,1663,554
control,1012,469
control,1025,440
control,2632,857
control,538,328
control,1085,412
control,1006,498
control,1377,513
control,1173,623
control,882,424
control,3225,1091
control,1754,649
control,1206,449
control,2899,785
control,2452,794
control,3934,1085
control,842,409
control,4765,1268
control,985,468
control,1378,684
control,2150,642
control,1301,482
control,1499,520
control,4712,1200
control,900,418
control,1818,803
control,2308,730
control,1119,526
control,1678,599
control,2741,1040
control,1056,560
control,1431,599
control,3157,956
control,1758,675
control,1796,634
control,1599,718
control,1605,558
control,785,348
control,1888,849
control,3850,1296
control,3874,1089
control,1047,438
control,1011,522
control,2953,952
control,985,390
control,945,411
control,183,135
control,3269,1146
control,2154,735
control,950,420
control,1498,591
control,1057,444
control,2960,847
control,1346,477
control,861,410
control,2650,781
control,2727,1039
control,466,288
control,1552,579
control,2450,709
control,917,448
control,725,333
control,208,144
control,3151,1128
control,2509,630
control,735,385
control,2573,778
control,1815,524
control,870,488
control,1110,446
control,1078,475
control,981,495
control,2448,725
control,890,394
control,3427,979
control,1159,580
control,2644,928
control,1513,606
control,1380,536
control,1230,458
control,1222,511
control,1411,671
control,1195,505
control,1099,451
control,579,318
control,790,368
control,1636,783
control,1494,606
control,592,244
control,3069,829
control,1237,493
control,990,513
control,1273,574
control,935,322
control,1315,543
control,1483,698
control,932,476
control,3185,709
control,1290,531
control,2086,683
control,2668,829
control,1201,477
control,767,404
control,732,361
control,2596,849
control,2691,610
control,1943,855
control,925,416
control,3177,895
control,1617,656
control,1045,545
control,2556,891
control,1047,408
control,1551,558
control,1287,508
control,1031,567
control,1149,515
control,995,376
control,1185,569
control,2400,754
control,745,451
control,1129,463
control,1294,491
control,1106,452
control,1152,503
control,2742,837
control,1621,706
control,1719,614
control,1427,650
control,979,479
control,2425,799
control,1513,532
control,1062,591
control,1734,683
control,919,415
control,1076,489
control,5524,1422
control,3709,948
control,971,573
control,1917,631
control,1290,450
control,1456,542
control,2042,989
control,1874,597
control,361,217
control,2664,790
control,701,396
control,967,499
control,1296,546
control,2241,647
control,1138,465
control,1151,503
control,1380,521
control,479,285
control,1107,627
control,858,438
control,1286,484
control,3130,1055
control,518,271
control,2107,814
control,2457,1236
control,804,421
control,1119,521
control,982,424
control,1136,459
control,1082,455
control,1671,654
control,558,268
control,1388,728
control,1643,632
control,1112,402
control,490,316
control,2159,540
control,1135,525
control,1615,510
control,341,109
control,385,287
control,848,378
control,3870,1035
control,3292,1044
control,1725,558
control,953,412
control,184,124
control,1399,547
control,1007,434
control,2800,913
control,2472,814
control,949,463
control,1406,510
control,3259,969
control,758,377
control,4726,1595
control,910,435
control,974,417
control,1989,679
control,657,418
control,1129,426
control,348,224
control,285,131
control,3967,1111
control,1230,453
control,1363,556
control,1610,612
control,474,264
control,1846,732
control,911,429
control,2008,747
control,1016,473
control,1481,457
control,2443,859
control,1321,527
control,1264,516
control,3050,789
control,640,332
control,2039,777
control,1177,418
control,1037,456
control,1810,704
control,1172,478
control,1686,572
control,941,487
control,871,333
control,2340,702
control,2086,708
control,264,114
control,394,210
control,1396,552
control,3042,750
control,1182,501
control,247,112
control,1992,862
control,4155,1198
control,676,342
control,2422,846
control,2193,880
control,1450,516
control,3707,1488
control,1195,425
control,2054,895
control,2494,909
control,1585,650
control,211,128
control,1384,483
control,1485,630
control,1360,516
control,1377,501
control,825,400
control,4164,1097
control,2390,774
control,695,343
control,2070,766
control,2646,861
control,1221,549
control,1171,462
control,1052,472
control,1415,567
control,1518,748
control,1000,436
control,1426,556
control,1478,492
control,866,439
control,2702,995
control,5620,1085
control,1208,517
control,2413,798
control,1688,698
control,1895,646
control,4361,1038
control,992,421
control,1471,526
control,2604,892
control,780,425
control,1449,646
control,1659,577
control,1106,496
control,688,377
control,635,354
control,2869,790
control,884,427
control,1522,539
control,557,288
control,1542,507
control,1304,568
control,941,456
control,1203,487
control,455,261
control,4225,1228
control,625,364
control,1121,415
control,1005,377
control,833,352
control,1199,549
control,1122,464
control,1489,468
control,1462,578
control,1021,525
control,943,496
control,2463,756
control,1181,572
control,360,224
control,1328,537
control,994,480
control,1119,501
control,1719,648
control,1187,496
control,1066,512
control,1600,912
control,1339,591
control,1080,500
control,1925,642
control,727,369
control,1064,423
control,924,365
control,836,306
control,2145,845
control,2355,601
control,426,220
control,1305,552
control,3753,995
control,3295,950
control,2899,753
control,1210,453
control,1554,615
control,1511,527
control,2991,1072
control,2613,1068
control,1030,448
control,219,125
control,735,371
control,1690,724
control,1000,502
control,1020,464
control,1083,577
control,775,374
control,1138,438
control,189,105
control,732,414
control,824,435
control,1112,575
control,1202,487
control,818,420
control,789,355
control,1492,654
control,1092,465
control,620,291
control,1244,466
control,602,286
control,1270,487
control,2521,964
control,1254,487
control,2413,844
control,877,451
control,1113,465
control,3626,1251
control,1406,630
control,2124,581
control,1952,553
control,3094,1095
control,2091,602
control,1665,564
control,1032,528
control,1282,583
control,2892,819
control,2379,853
control,1389,573
control,3806,1102
control,1501,582
control,1907,728
control,683,369
control,771,431
control,413,255
control,852,469
control,1477,531
control,834,423
control,1437,565
control,1208,445
control,1645,551
control,1601,674
control,834,362
control,724,301
control,600,279
control,1013,548
control,1149,531
control,4519,1320
control,1424,581
control,1253,528
control,480,231
control,1453,537
control,1332,464
control,2118,830
control,975,493
control,3665,987
control,2274,884
control,818,336
control,1243,555
control,2080,609
control,808,349
control,844,334
control,858,424
control,1043,451
control,1407,555
control,1558,520
control,3460,1119
control,1137,450
control,932,412
control,923,504
control,2123,652
control,1859,677
control,1087,384
control,3124,981
control,2050,707
control,1098,458
control,1993,607
control,1335,498
control,2301,923
control,886,496
control,2627,742
control,1113,475
control,1605,755
control,710,345
control,2632,762
control,1561,632
control,1793,914
control,1221,381
control,1153,493
control,906,452
control,1086,471
control,1035,432
control,420,280
control,2609,654
control,2761,795
control,1671,625
control,3048,849
control,5888,1442
control,1398,587
control,1145,490
control,871,432
control,2504,1013
control,443,204
control,704,419
control,1954,577
control,654,367
control,1183,466
control,433,242
control,1230,524
control,3376,1034
control,4326,1126
control,1094,491
control,1688,543
control,2144,807
control,1443,499
control,2755,725
control,1053,400
control,958,522
control,720,362
control,657,341
control,1197,508
control,3193,954
control,1342,497
control,1883,612
control,1153,478
control,994,454
control,1265,533
control,1296,596
control,691,335
control,1078,441
control,817,410
control,1148,474
control,1121,430
control,1027,384
control,456,277
control,6199,1414
control,1960,894
control,1203,522
control,2659,967
control,883,456
control,2197,670
control,3006,965
control,3183,872
control,2781,898
control,412,236
control,3511,1225
control,2224,747
control,1324,661
control,1571,545
control,2065,701
control,2640,809
control,219,115
control,2696,870
control,959,394
control,1440,747
control,673,303
control,1265,506
control,1281,614
control,200,104
control,713,424
control,1432,550
control,1233,447
control,1966,634
control,1366,498
control,3578,1127
control,946,463
control,2620,823
control,1089,461
control,2831,905
control,2300,749
control,1519,589
control,1896,602
control,1545,568
control,1123,409
control,2545,890
control,1229,414
control,1326,501
control,1034,522
control,896,411
control,963,447
control,958,368
control,1615,660
control,1446,603
control,1718,808
control,1474,472
control,1487,512
control,4072,1318
control,766,397
control,470,299
control,1141,509
control,2178,774
control,1320,575
control,803,416
control,508,306
control,1044,436
control,3690,1058
control,1059,438
control,1631,575
control,1219,409
control,1595,818
control,1202,482
control,759,420
control,3448,1019
control,1502,538
control,1476,494
control,664,367
control,2759,815
control,1205,410
control,1311,536
control,1853,755
control,1492,506
control,375,199
control,1273,601
control,1275,477
control,1195,508
control,993,439
control,2412,911
control,914,399
control,1216,629
control,2898,1042
control,994,465
control,2924,979
control,1180,454
control,1112,543
control,1102,513
control,930,489
control,1149,569
control,1306,519
control,1770,615
control,944,447
control,1387,526
control,2791,734
control,1003,470
control,711,357
control,3724,857
control,877,415
control,1764,604
control,726,451
control,801,400
control,1245,571
control,1986,859
control,1377,466
control,1404,552
control,4701,1021
control,2486,730
control,3462,859
control,3199,1033
control,1235,522
control,1683,673
control,2608,997
control,1340,531
control,1379,541
control,1348,530
control,2813,813
control,933,484
control,2856,915
control,2142,700
control,711,385
control,569,283
control,2060,687
control,1004,393
control,2618,894
control,2192,893
control,2843,779
control,1037,491
control,1088,489
control,1184,412
control,4277,1268
control,3041,841
control,2135,747
control,1863,622
control,614,315
control,1012,518
control,1392,697
control,1601,587
control,3343,910
control,1007,370
control,3615,1079
control,522,338
control,3082,763
control,3188,1013
control,812,406
control,938,458
control,1233,623
control,1294,456
control,1072,454
control,553,264
control,1325,591
control,2250,764
control,1025,477
control,1135,433
control,2787,1182
control,1561,553
control,1181,514
control,875,365
control,2221,663
control,1417,499
control,2129,924
control,2561,1092
control,3313,977
control,1156,606
control,940,437
control,582,261
control,1273,457
control,2560,843
control,337,193
control,5146,1239
control,1098,579
control,1208,547
control,736,429
control,1576,514
control,588,291
control,2964,814
control,2570,706
control,3160,903
control,1093,469
control,980,466
control,1213,442
control,890,445
control,1153,453
control,1134,493
control,1731,632
control,1101,582
control,2749,777
control,2740,805
control,1925,717
control,1575,608
control,1343,571
control,945,503
control,2148,745
control,1230,396
control,457,253
control,1461,593
control,1024,466
control,719,345
control,660,363
control,2112,759
control,1109,457
control,3969,1240
control,2063,737
control,991,430
control,1430,501
control,940,469
control,729,330
control,1053,449
control,2030,764
control,1354,551
control,333,224
control,1336,520
control,3195,1014
control,1332,545
control,886,422
control,1096,595
control,2840,816
control,1091,465
control,693,317
control,2514,912
control,2179,621
control,1077,525
control,1269,469
control,1781,648
control,3668,1029
control,960,446
control,2233,906
control,2274,755
control,1143,467
control,688,314
control,980,421
control,2996,1066
control,1020,469
control,1597,509
control,1000,456
control,454,245
control,923,390
control,1232,429
control,2198,772
control,2179,700
control,1886,753
control,625,321
control,661,411
control,2906,883
control,833,484
control,1549,619
control,2309,659
control,1752,578
control,1379,521
control,1754,571
control,2438,735
control,2784,844
control,1487,563
control,1968,667
control,648,319
control,504,312
control,1687,576
control,1197,667
control,1341,533
control,874,434
control,1019,469
control,2754,1223
control,1403,465
control,868,387
control,471,247
control,3977,1123
control,981,482
control,1119,508
control,1532,554
control,902,427
control,1542,599
control,1752,655
control,177,125
control,1611,507
control,1831,586
control,1158,560
control,1379,666
control,1165,519
control,2309,690
control,1014,487
control,3060,905
control,2959,931
control,2528,740
control,2711,930
control,1917,586
control,1399,500
control,5070,1476
control,1028,608
control,897,468
control,4288,1104
control,1323,524
control,3099,891
control,3264,897
control,1276,581
control,1584,588
control,1870,620
control,1084,483
control,2912,719
control,1277,572
control,2150,870
control,3312,1259
control,2909,835
control,936,412
control,425,253
control,1165,490
control,1316,525
control,2195,741
control,2058,918
control,2592,779
control,1215,619
control,1514,489
control,3159,768
control,1463,578
control,1197,530
control,1402,544
control,4105,1150
control,1009,403
control,2559,756
control,1190,501
control,1798,747
control,1070,530
control,2020,656
control,1316,543
control,1666,618
control,1258,503
control,212,136
control,1256,529
control,752,413
control,2505,672
control,794,428
control,1149,539
control,948,438
control,3158,987
control,623,356
control,2222,861
control,1769,751
control,917,465
control,599,317
control,2638,843
control,955,453
control,372,190
control,1245,488
control,1443,568
control,1388,496
control,2079,619
control,1622,691
control,958,395
control,745,417
control,2898,776
control,759,432
control,5146,1469
control,1299,439
control,2309,953
control,4838,1234
control,1262,487
control,3765,1115
control,473,295
control,1668,635
control,4356,1040
control,719,296
control,1153,398
control,3210,994
control,719,377
control,1045,513
control,974,513
control,2020,867
control,257,140
control,1370,565
control,430,198
control,1162,530
control,451,276
control,1618,698
control,543,250
control,2041,643
control,2100,559
control,1203,464
control,2571,954
control,1592,561
control,1929,617
control,1549,657
control,841,431
control,2386,1052
control,2130,792
control,3996,1008
control,710,319
control,1147,495
control,1296,501
control,1113,424
control,498,268
control,405,195
control,1473,549
control,3567,959
control,2784,845
control,1297,526
control,907,437
control,1111,460
control,1066,504
control,997,447
control,913,474
control,2408,897
control,1135,519
control,1188,585
control,2486,726
control,1755,631
control,1160,464
control,254,162
control,1000,475
control,2517,813
control,2516,830
control,2837,811
control,722,438
control,816,385
control,2275,691
control,1508,556
control,1688,583
control,1309,489
control,1240,517
control,1173,467
control,1458,542
control,2382,923
control,637,291
control,1260,613
control,3400,875
control,3281,941
control,950,593
control,1383,538
control,2268,898
control,972,362
control,890,415
control,657,337
control,1240,483
control,1182,508
control,686,320
control,1586,549
control,993,526
control,632,355
control,951,427
control,1257,497
control,1250,498
control,972,435
control,1379,530
control,2632,854
control,3299,946
control,2320,680
control,1444,518
control,1096,492
control,176,108
control,1106,495
control,4739,1369
control,1455,546
control,1796,679
control,1864,792
control,2558,839
control,815,392
control,200,102
control,1073,442
control,4024,1120
control,1197,438
control,538,272
control,1159,401
control,2342,693
control,1010,488
control,858,345
control,2693,717
control,1503,565
control,1395,432
control,954,401
control,484,287
control,2725,729
control,1252,551
control,2301,702
control,1433,487
control,1768,669
control,1577,612
control,3165,931
control,1264,481
control,1338,414
control,1842,609
control,2199,867
control,737,363
control,1010,390
control,2858,976
control,3011,992
control,1635,588
control,304,209
control,1220,423
control,1204,481
control,1616,680
control,607,328
control,630,351
control,1027,539
control,1191,629
control,756,404
control,744,307
control,1499,620
control,1908,598
control,2949,973
control,1397,543
control,871,566
control,1766,716
control,2315,725
control,696,376
control,2640,833
control,1693,694
control,1887,649
control,1784,551
control,2205,675
control,2991,881
control,1037,518
control,796,458
control,1667,552
control,1074,478
control,551,282
control,1661,657
control,813,479
control,1452,565
control,754,353
control,1003,545
control,1041,447
control,1615,495
control,1376,450
control,1786,698
control,1325,451
control,600,342
control,1207,595
control,829,305
control,1276,465
control,883,531
control,2996,1138
control,2982,868
control,1079,481
control,1825,844
control,949,509
control,965,426
control,961,428
control,612,289
control,2127,778
control,468,284
control,544,300
control,865,350
control,1528,627
control,2866,740
control,662,286
control,3016,996
control,1404,532
control,885,433
control,1780,577
control,816,407
control,1327,520
control,2965,962
control,348,199
control,849,508
control,3066,878
control,659,398
control,2051,617
control,927,442
control,916,419
control,2894,898
control,1363,549
control,363,210
control,1192,441
control,681,395
control,1172,416
control,1260,448
control,1271,492
control,1033,476
control,1578,606
control,784,448
control,829,440
control,1021,488
control,971,422
control,2488,738
control,3799,1068
control,3275,1131
control,896,479
control,1579,672
control,343,203
control,1627,592
control,2279,696
control,1275,488
control,861,404
control,4110,1240
control,4006,1101
control,1395,585
control,832,397
control,2415,816
control,2463,667
control,1151,412
control,1420,544
control,1244,575
control,1182,465
control,3051,955
control,1396,652
control,1477,528
control,1529,569
control,1427,459
control,548,233
control,2812,924
control,581,344
control,3052,1034
control,1465,587
control,1142,583
control,1082,453
control,2040,667
control,1181,515
control,1806,693
control,1609,593
control,962,487
control,3078,1029
control,555,321
control,466,208
control,1136,424
control,1663,549
control,1011,365
control,2650,905
control,1715,568
control,4192,1213
control,926,402
control,896,516
control,1645,647
control,815,406
control,2684,945
control,869,402
control,1035,452
control,669,312
control,1054,468
control,1274,498
control,1234,494
control,2491,639
control,919,448
control,2310,800
control,892,429
control,1663,689
control,906,526
control,958,417
control,3175,961
control,928,451
control,2113,622
control,1119,464
control,654,367
control,1481,516
control,200,133
control,845,419
control,2142,668
control,1384,380
control,965,538
control,1573,639
control,278,181
control,2136,607
control,850,454
control,1849,836
control,785,340
control,2619,678
control,1537,682
control,2534,788
control,1806,625
control,939,458
control,2191,790
control,775,419
control,991,508
control,1316,662
control,1615,640
control,462,248
control,1032,469
control,1346,590
control,2892,749
control,2137,641
control,883,382
control,862,408
control,1233,674
control,1053,464
control,1073,493
control,1017,488
control,2328,794
control,4118,1010
control,703,286
control,553,288
control,996,434
control,2225,946
control,986,545
control,1194,474
control,1398,566
control,1086,434
control,1560,729
control,1382,597
control,1520,540
control,1258,493
control,1544,562
control,1706,683
control,1666,587
control,2244,827
control,2344,835
control,774,414
control,1663,592
control,529,288
control,1152,529
control,2475,770
control,1272,470
control,1650,612
control,1523,772
control,972,365
control,2588,935
control,3862,1025
control,1040,443
control,903,455
control,1473,541
control,1085,420
control,1173,426
control,1065,501
control,749,410
control,1271,481
control,927,369
control,1741,699
control,419,248
control,1279,459
control,1239,664
control,1563,521
control,1626,563
control,1214,517
control,2000,751
control,1074,456
control,1221,511
control,2575,854
control,1279,498
control,703,295
control,1226,462
control,1233,522
control,1893,727
control,1261,481
control,864,482
control,4264,589
control,3058,1128
control,735,446
control,739,429
control,1040,479
control,1300,441
control,712,408
control,859,400
control,5610,1627
control,2752,786
control,1002,459
control,538,268
control,1178,547
control,3000,784
control,5422,1248
control,2108,687
control,1051,478
control,2761,879
control,3860,1177
control,1087,552
control,2230,691
control,1130,404
control,2924,922
control,542,263
control,732,403
control,702,395
control,1934,806
control,2327,1006
control,1120,455
control,2872,924
control,2495,863
control,2045,727
control,3432,919
control,1005,451
control,3155,924
control,1348,461
control,752,453
control,3716,1105
control,784,431
control,2533,813
control,1177,503
control,1083,410
control,1004,437
control,932,459
control,2570,875
control,1318,442
control,2550,772
control,1213,469
control,1671,751
control,2377,791
control,566,324
control,546,248
control,1000,466
control,1618,499
control,1446,626
control,1275,578
control,1306,607
control,1492,570
control,664,364
control,715,305
control,801,467
control,1681,784
control,1150,612
control,820,359
control,890,391
control,1085,476
control,965,411
control,1550,626
control,1626,627
control,1161,462
control,925,459
control,903,427
control,810,425
control,1742,574
control,4464,1132
control,904,435
control,309,163
control,952,346
control,697,364
control,2723,782
control,1075,493
control,1065,413
control,1418,521
control,2510,800
control,783,364
control,919,426
control,730,395
control,673,379
control,999,436
control,3728,1237
control,2242,742
control,936,406
control,872,449
control,4860,1303
control,1250,439
control,2643,828
control,1104,487
control,1682,606
control,3436,870
control,1070,463
control,949,438
control,994,492
control,1068,482
control,1078,458
control,692,366
control,1464,575
control,638,370
control,1084,424
control,199,115
control,1423,594
control,4321,1294
control,782,374
control,1986,694
control,1133,470
control,1038,507
control,1053,397
control,4595,1252
control,1055,477
control,2376,754
control,2559,781
control,836,399
control,1275,559
control,2271,961
control,1085,471
control,1062,488
control,720,319
control,1027,424
control,824,394
control,1678,673
control,1022,527
control,753,415
control,413,239
control,2056,604
control,1496,594
control,458,253
control,893,532
control,553,338
control,2937,777
control,938,383
control,1594,633
control,2172,685
control,1591,630
control,675,394
control,1261,521
control,923,514
control,2327,783
control,2834,961
control,656,310
control,1016,438
control,705,386
control,1159,456
control,1193,556
control,1021,425
control,3249,855
control,977,410
control,972,411
control,983,435
control,820,441
control,887,446
control,2955,842
control,1096,422
control,1175,517
control,303,122
control,1646,804
control,691,356
control,1671,684
control,143,101
control,1964,793
control,1183,467
control,808,390
control,1030,454
control,1420,586
control,1352,616
control,1035,436
control,1043,461
control,2714,861
control,1349,621
control,1520,750
control,936,408
control,1255,455
control,1335,485
control,1065,460
control,1486,550
control,1639,773
control,719,356
control,334,208
control,1325,520
control,1572,594
control,3407,907
control,891,408
control,646,386
control,2514,796
control,2280,774
control,1374,638
control,710,340
control,1273,491
control,1186,530
control,964,585
control,1189,470
control,1715,680
control,4210,1135
control,866,469
control,395,203
control,3206,1069
control,256,118
control,1461,504
control,1244,473
control,2712,833
control,1236,494
control,900,413
control,1446,478
control,1368,507
control,1341,451
control,852,445
control,1311,570
control,1017,451
control,4115,1208
control,1276,414
control,2633,1030
control,1511,644
control,1177,522
control,1301,522
control,922,415
control,1264,514
control,3960,1051
control,3574,1187
control,1441,550
control,1397,531
control,1215,456
control,1490,508
control,686,334
control,1509,621
control,1309,543
control,1036,480
control,1241,518
control,419,269
control,1911,890
control,1057,395
control,1242,583
control,1630,587
control,740,347
control,1602,643
control,1809,559
control,462,216
control,2920,943
control,1015,398
control,1337,492
control,1266,673
control,1231,388
control,1225,473
control,1387,684
control,2721,921
control,1639,559
control,228,120
control,1786,559
control,3443,941
control,1555,622
control,1300,513
control,567,299
control,1401,558
control,1414,615
control,462,268
control,1631,562
control,582,287
control,1783,570
control,1121,477
control,1602,613
control,1139,649
control,995,473
control,860,429
control,3126,1226
control,1755,736
control,1221,491
control,1126,551
control,923,436
control,1040,503
control,352,261
control,2694,1070
control,1393,443
control,2949,844
control,713,354
control,1547,640
control,2455,810
control,330,202
control,1471,585
control,1537,537
control,570,391
control,2525,763
control,723,264
control,917,400
control,911,414
control,1143,479
control,3188,922
control,3382,1249
control,2047,631
control,848,372
control,476,266
control,782,359
control,1047,549
control,1096,442
control,2383,647
control,671,363
control,1884,614
control,3191,937
control,2231,1013
control,173,136
control,1524,526
control,1501,656
control,579,301
control,1056,425
control,2536,923
control,943,380
control,3269,943
control,1628,594
control,509,324
control,2892,811
control,966,462
control,1346,496
control,2313,915
control,1202,659
control,1409,490
control,1819,770
control,1319,474
control,800,363
control,1681,730
control,1694,865
control,956,509
control,1040,448
control,1617,548
control,710,280
control,1162,490
control,2031,595
control,2606,901
control,559,268
control,5504,1578
control,1290,625
control,1885,805
control,527,288
control,1176,401
control,820,421
control,1306,502
control,369,154
control,2310,650
control,773,336
control,443,280
control,1183,496
control,3479,1166
control,3704,1116
control,3746,964
control,945,403
control,1076,444
control,2875,832
control,1394,481
control,1357,473
control,1189,503
control,7236,1839
control,2898,820
control,3898,1099
control,1847,718
control,1117,439
control,715,378
control,3223,902
control,2643,916
control,3224,1085
control,2779,758
control,1005,435
control,2103,852
control,1160,442
control,783,347
control,2618,801
control,807,407
control,801,397
control,856,367
control,1270,470
control,452,235
control,1151,485
control,1058,473
control,1353,577
control,756,336
control,809,309
control,1046,439
control,827,518
control,2170,640
control,936,422
control,3603,816
control,1393,538
control,3626,1142
control,530,264
control,1024,426
control,739,438
control,2489,930
control,1176,450
control,1204,578
control,1255,473
control,300,186
control,889,407
control,1101,439
control,3677,1238
control,733,367
control,1349,562
control,2713,828
control,657,405
control,528,362
control,554,310
control,1648,608
control,1915,678
control,1254,473
control,1072,602
control,2671,773
control,1549,580
control,3597,1135
control,473,263
control,1046,404
control,1299,544
control,1444,500
control,338,199
control,2450,674
control,830,370
control,1244,471
control,1079,454
control,5708,1489
control,1538,777
control,1165,455
control,915,467
control,471,186
control,1019,576
control,3657,1070
control,1432,495
control,1340,536
control,1345,480
control,981,447
control,654,317
control,1501,510
control,1060,444
control,1608,650
control,304,154
control,1193,509
control,1270,595
control,1621,598
control,967,586
control,3150,805
control,1383,484
control,1437,452
control,2838,1056
control,990,497
control,2252,763
control,2048,784
control,1568,515
control,1332,469
control,622,283
control,2396,792
control,1280,397
control,4188,1095
control,4153,1224
control,2593,813
control,4283,1262
control,864,419
control,420,226
control,2836,905
control,1209,455
control,524,239
control,856,420
control,1145,500
control,2651,890
control,1868,665
control,853,456
control,2946,969
control,1306,499
control,1207,499
control,2115,796
control,1094,442
control,2898,860
control,1311,527
control,513,246
control,1560,538
control,1256,508
control,1393,550
control,765,358
control,1265,469
control,1293,536
control,1248,404
control,1349,529
control,522,263
control,291,141
control,807,418
control,3299,1016
control,1125,394
control,1394,551
control,1227,502
control,1028,430
control,1525,617
control,1257,602
control,1322,470
control,904,405
control,3255,949
control,1137,598
control,1115,603
control,2532,1029
control,1501,609
control,1273,508
control,778,320
control,2309,736
control,937,417
control,551,261
control,2246,713
control,3600,706
control,1355,648
control,737,362
control,672,414
control,1165,484
control,242,159
control,844,473
control,361,214
control,808,407
control,774,469
control,1966,632
control,1114,413
control,2153,701
control,2615,805
control,1039,448
control,2316,829
control,1490,635
control,1528,588
control,1367,454
control,681,385
control,1372,677
control,1176,484
control,858,450
control,1385,541
control,2765,952
control,689,238
control,2039,886
control,523,270
control,350,131
control,1266,551
control,1712,616
control,1197,419
control,1561,458
control,3844,1090
control,977,396
control,1183,518
control,1457,526
control,812,418
control,2339,822
control,1479,536
control,5322,1075
control,1363,473
control,885,535
control,1158,473
control,1040,564
control,649,383
control,5165,1324
control,619,328
control,737,406
control,1366,525
control,2148,844
control,1352,539
control,951,428
control,2209,776
control,931,414
control,3723,1070
control,926,413
control,1100,460
control,523,216
control,1372,487
control,1231,605
control,565,290
control,929,460
control,1337,486
control,1740,771
control,1488,598
control,857,476
control,2439,772
control,2534,840
control,589,359
control,3672,959
control,1228,521
control,3316,875
control,904,391
control,1260,497
control,1156,443
control,3259,1021
control,1224,513
control,1642,550
control,542,251
control,956,400
control,950,388
control,3698,988
control,891,467
control,273,116
control,1004,472
control,1232,493
control,1263,504
control,331,203
control,3783,877
control,3487,936
control,1046,476
control,794,452
control,1863,808
control,2446,753
control,2214,828
control,728,376
control,906,439
control,1687,687
control,3143,947
control,405,221
control,2580,724
control,2515,758
control,3597,1095
control,2655,834
control,941,492
control,1548,600
control,1316,699
control,1550,527
control,1020,375
control,1571,527
control,1271,398
control,872,446
control,672,326
control,1225,496
control,1195,562
control,885,484
control,1189,480
control,3679,895
control,1370,556
control,2327,774
control,1329,580
control,902,465
control,562,218
control,2039,633
control,677,343
control,2495,1013
control,3061,883
control,2042,707
control,1085,455
control,1434,474
control,1521,546
control,594,243
control,1056,441
control,1868,616
control,1094,611
control,1664,607
control,1678,621
control,1292,609
control,939,463
control,4264,1208
control,2031,904
control,1338,517
control,1642,609
control,1375,579
control,2099,672
control,1475,559
control,601,267
control,1687,584
control,979,474
control,1503,608
control,3124,817
control,1454,549
control,1161,427
control,1446,580
control,4863,1285
control,2484,830
control,2356,713
control,1274,440
control,995,431
control,1159,431
control,1918,642
control,903,457
control,976,449
control,616,362
control,1177,480
control,793,354
control,1530,588
control,2459,744
control,1604,528
control,705,322
control,5783,1534
control,1784,749
control,947,482
control,5057,1354
control,1267,449
control,1480,552
control,4983,1452
control,1007,507
control,1710,664
control,1100,525
control,382,229
control,1938,656
control,1308,500
control,1546,553
control,921,555
control,4142,1076
control,1217,605
control,493,302
control,2679,1045
control,3736,1023
control,3130,832
control,1488,535
control,221,115
control,820,412
control,779,401
control,273,215
control,401,218
control,987,462
control,1280,472
control,1501,537
control,3348,1040
control,2098,1016
control,633,275
control,871,494
control,893,410
control,1333,524
control,1878,666
control,1376,531
control,2110,727
control,472,186
control,485,245
control,3618,1023
control,1072,430
control,1559,773
control,1472,588
control,1241,424
control,367,213
control,4526,1305
control,2369,783
control,1130,506
control,1392,611
control,2299,639
control,1374,477
control,656,431
control,2399,756
control,1088,403
control,1332,455
control,545,327
control,812,411
control,729,392
control,1411,599
control,4933,1237
control,1657,598
control,2908,785
control,1071,463
control,792,419
control,1001,474
control,538,319
control,1155,589
control,2625,843
control,3398,1157
control,1827,722
control,2641,910
control,1030,420
control,282,129
control,1091,441
control,2544,797
control,3156,865
control,586,306
control,6041,1622
control,2919,1057
control,1627,555
control,1609,605
control,1362,520
control,895,323
control,1547,581
control,3582,898
control,2669,1057
control,971,495
control,2619,739
control,935,468
control,3253,957
control,733,408
control,1358,530
control,998,450
control,2442,841
control,983,476
control,362,201
control,301,181
control,1346,547
control,1461,692
control,720,391
control,862,431
control,772,406
control,954,471
control,1610,484
control,1092,456
control,1062,480
control,264,174
control,1298,515
control,1009,431
control,1666,570
control,1076,467
control,844,412
control,1666,710
control,3478,1348
control,1650,579
control,1241,476
control,1572,542
control,902,380
control,721,333
control,1087,561
control,2061,651
control,1327,506
control,850,395
control,1074,470
control,1231,507
control,2602,814
control,3247,1237
control,905,414
control,346,177
control,1394,446
control,691,354
control,845,398
control,2019,713
control,4336,1213
control,1073,441
control,1152,406
control,822,404
control,2612,990
control,894,383
control,1523,578
control,1138,442
control,2677,842
control,1908,575
control,842,401
control,3154,805
control,2557,758
control,696,340
control,1703,562
control,3269,950
control,991,403
control,1290,459
control,1904,704
control,1015,460
control,253,125
control,2398,978
control,1590,711
control,504,314
control,1264,501
control,839,434
control,4540,1438
control,1058,421
control,885,389
control,1357,489
control,980,454
control,1184,499
control,852,416
control,1286,557
control,2407,719
control,349,204
control,2589,913
control,1334,379
control,1071,475
control,3437,1003
control,905,459
control,633,383
control,1446,489
control,604,401
control,823,490
control,2502,719
control,1466,521
control,2182,565
control,4135,1224
control,1124,470
control,902,518
control,1288,504
control,1535,517
control,1666,671
control,1155,429
control,1476,491
control,1143,481
control,3206,845
control,722,348
control,796,365
control,727,361
control,2823,853
control,2065,760
control,3144,781
control,4728,205
control,1337,580
control,1648,761
control,1074,355
control,1684,633
control,1399,516
control,3249,898
control,577,313
control,4087,1230
control,1232,510
control,2115,584
control,2771,1026
control,447,247
control,1067,473
control,3662,1018
control,972,459
control,1095,474
control,981,475
control,645,313
control,2406,823
control,1071,534
control,995,510
control,1091,509
control,624,297
control,470,296
control,360,262
control,634,377
control,1367,627
control,1304,545
control,4019,1038
control,950,468
control,1648,687
control,2098,811
control,3196,925
control,2375,819
control,3202,877
control,872,487
control,1205,465
control,1148,531
control,1268,519
control,1517,525
control,1001,473
control,1680,589
control,1332,506
control,705,324
control,2747,755
control,698,321
control,1397,485
control,938,438
control,1735,729
control,1264,518
control,3727,705
control,1722,661
control,1696,628
control,592,353
control,930,506
control,941,391
control,780,382
control,1181,588
control,867,337
control,501,303
control,1555,536
control,5642,1801
control,1118,578
control,1301,507
control,2059,630
control,723,390
control,1172,464
control,1073,511
control,1728,671
control,1090,476
control,1583,599
control,905,437
control,2524,849
control,1396,548
control,1142,599
control,4341,1241
control,507,245
control,874,483
control,1085,640
control,1254,556
control,2075,843
control,1462,520
control,1102,510
control,1351,453
control,2908,900
control,817,443
control,3305,982
control,2452,948
control,1105,512
control,2662,735
control,1138,418
control,1409,526
control,805,401
control,1323,512
control,888,414
control,1105,454
control,848,399
control,1148,458
control,649,407
control,2060,828
control,2401,843
control,1355,668
control,768,379
control,1418,568
control,865,405
control,1851,591
control,666,364
control,1940,654
control,789,394
control,1465,647
control,946,413
control,1056,494
control,1289,491
control,2463,890
control,1056,460
control,1575,687
control,3042,1106
control,2069,699
control,4262,1089
control,674,312
control,1103,436
control,1029,437
control,1003,480
control,2281,604
control,1872,576
control,771,364
control,260,166
control,1339,439
control,1483,756
control,628,307
control,800,367
control,1143,495
control,1229,468
control,941,476
control,2422,810
control,405,273
control,866,443
control,1472,650
control,1071,466
control,1272,505
control,1014,464
control,1403,556
control,1117,424
control,1706,638
control,1383,552
control,3364,1121
control,1575,498
control,1788,623
control,619,334
control,1028,472
control,2498,748
control,1016,360
control,1659,717
control,1529,626
control,1733,677
control,1194,498
control,780,347
control,345,206
control,2893,896
control,2826,914
control,578,292
control,1166,504
control,1775,717
control,1193,455
control,2411,792
control,1331,582
control,1390,508
control,1579,449
control,1449,553
control,1114,548
control,1256,508
control,1254,490
control,6065,1587
control,189,117
control,2403,1051
control,1177,523
control,1383,455
control,616,248
control,3825,945
control,3374,1022
control,2392,918
control,1821,810
control,1006,466
control,5482,1341
control,238,124
control,1551,653
control,1103,540
control,1705,535
control,1946,641
control,1134,476
control,1048,468
control,598,290
control,682,339
control,1230,591
control,1438,525
control,1458,612
control,1529,509
control,1682,731
control,2637,957
control,1458,572
control,1141,462
control,2876,1060
control,2772,633
control,3087,930
control,2537,580
control,1092,454
control,2196,689
control,1213,496
control,1819,646
control,2824,974
control,998,473
control,3450,989
control,900,386
control,1226,439
control,871,435
control,1985,649
control,822,323
control,326,171
control,3323,954
control,3190,876
control,727,343
control,2255,845
control,852,366
control,2136,620
control,959,416
control,3267,894
control,1309,538
control,1242,457
control,2214,757
control,1482,668
control,346,168
control,1797,581
control,1269,566
control,2017,765
control,1235,485
control,2419,697
control,831,404
control,1176,462
control,1189,645
control,635,377
control,822,376
control,1021,448
control,513,292
control,163,126
control,1638,605
control,941,402
control,1248,392
control,3153,1293
control,591,372
control,1019,487
control,1853,677
control,931,394
control,2103,811
control,833,427
control,1061,521
control,1346,533
control,568,240
control,1068,497
control,961,408
control,3541,954
control,1493,631
control,939,433
control,1159,479
control,2330,783
control,623,393
control,1077,501
control,985,435
control,1909,557
control,824,355
control,2292,814
control,741,397
control,1559,547
control,2485,919
control,1296,544
control,794,315
control,1823,634
control,2117,818
control,5437,1218
control,1954,687
control,1638,658
control,1854,722
control,2963,991
control,1424,597
control,1382,647
control,1056,443
control,1080,466
control,485,233
control,780,403
control,940,504
control,653,413
control,1322,493
control,1224,525
control,1230,631
control,1532,569
control,1669,561
control,1187,509
control,2748,1062
control,1636,478
control,1765,582
control,2568,914
control,2111,677
control,960,428
control,588,273
control,824,396
control,1311,516
control,410,228
control,986,476
control,4896,1348
control,1156,484
control,1376,560
control,668,370
control,2236,703
control,1690,600
control,1319,497
control,1062,376
control,455,199
control,999,423
control,1812,680
control,814,357
control,1563,504
control,1039,450
control,967,510
control,443,273
control,1304,554
control,1678,548
control,2136,774
control,3827,1110
control,723,455
control,1116,478
control,779,360
control,1190,506
control,1293,570
control,901,433
control,1377,595
control,3614,1120
control,2054,1014
control,1010,465
control,338,223
control,1071,486
control,896,447
control,553,357
control,992,435
control,1184,468
control,1300,473
control,934,392
control,1480,503
control,1265,555
control,4326,1013
control,1517,530
control,1272,515
control,751,420
control,790,281
control,1041,399
control,777,364
control,1293,416
control,911,422
control,1229,510
control,628,349
control,4005,1122
control,2431,740
control,4025,1190
control,468,299
control,1375,536
control,1178,458
control,1515,713
control,1129,491
control,1163,482
control,1215,476
control,1022,471
control,847,371
control,735,360
control,2708,794
control,1828,597
control,1437,548
control,1459,639
control,1450,621
control,1004,501
control,2859,1000
control,5768,1445
control,1872,809
control,739,430
control,1981,721
control,1279,452
control,1831,873
control,1382,534
control,3061,956
control,1210,496
control,808,376
control,1971,579
control,5515,1396
control,981,440
control,853,474
control,259,162
control,1558,570
control,593,352
control,837,431
control,812,499
control,1063,488
control,513,214
control,1002,529
control,1482,579
control,781,385
control,930,366
control,1430,502
control,2509,848
control,1469,575
control,1237,689
control,3985,1089
control,1077,467
control,2554,915
control,5637,1295
control,1078,438
control,2017,685
control,1378,583
control,977,497
control,2482,1112
control,548,281
control,2070,627
control,1200,435
control,2947,864
control,971,396
control,4104,1356
control,730,391
control,1185,568
control,1048,460
control,3204,958
control,1311,506
control,1028,382
control,1770,560
control,1757,570
control,2360,1306
control,3210,909
control,2650,809
control,2530,808
control,1457,505
control,1243,504
control,295,125
control,934,424
control,1685,616
control,1448,549
control,2290,719
control,340,213
control,1322,505
control,1511,515
control,1200,543
control,830,463
control,886,415
control,703,304
control,1891,653
control,1756,633
control,451,310
control,3995,1070
control,1595,605
control,1020,513
control,1034,508
control,1089,446
control,1257,456
control,744,357
control,1441,774
control,1024,507
control,1130,489
control,1760,697
control,3022,842
control,876,428
control,807,481
control,1606,554
control,3902,1218
control,3252,794
control,4118,1180
control,1212,520
control,1562,525
control,1097,510
control,1313,486
control,1206,449
control,2346,783
control,664,335
control,1240,403
control,1401,487
control,819,387
control,1342,527
control,945,469
control,389,167
control,2696,913
control,2939,792
control,823,520
control,1542,496
control,2474,813
control,919,511
control,564,269
control,3999,1170
control,1307,541
control,1627,559
control,1474,680
control,1166,465
control,1224,493
control,1859,715
control,1629,533
control,1284,505
control,1044,479
control,1976,810
control,789,403
control,1556,545
control,976,450
control,1411,601
control,2114,656
control,703,311
control,1480,558
control,2143,630
control,1300,599
control,2301,722
control,537,311
control,1543,554
control,1289,525
control,1133,501
control,993,387
control,1298,532
control,2317,721
control,885,445
control,731,459
control,1966,905
control,519,364
control,1184,444
control,1019,525
control,2983,1022
control,3509,1013
control,1247,476
control,746,364
control,1569,483
control,1266,486
control,3909,1278
control,445,251
control,948,460
control,3505,884
control,1264,554
control,1738,636
control,972,541
control,3630,1071
control,3948,1186
control,3870,1332
control,1469,608
control,2237,870
control,1477,503
control,1581,620
control,2270,768
control,2443,760
control,1056,500
control,1815,621
control,607,379
control,2328,734
control,2167,760
control,1049,374
control,356,202
control,1176,502
control,1203,502
control,1528,619
control,1338,636
control,1687,735
control,710,325
control,768,367
control,1287,556
control,5436,1272
control,1216,519
control,2302,755
control,927,392
control,1705,665
control,1083,551
control,1586,475
control,1007,435
control,919,467
control,153,118
control,975,426
control,1122,464
control,1246,580
control,841,370
control,1824,651
control,2354,753
control,311,139
control,1875,665
control,989,377
control,570,247
control,743,338
control,952,427
control,703,392
control,1076,519
control,407,240
control,3968,1325
control,849,361
control,2759,890
control,448,193
control,1708,609
control,3118,1035
control,2007,666
control,965,404
control,1304,514
control,968,463
control,2248,712
control,1694,757
control,1116,515
control,3669,1428
control,741,446
control,1120,512
control,1660,581
control,1483,612
control,1207,505
control,3071,979
control,1037,476
control,901,384
control,3051,988
control,1552,668
control,1039,452
control,1095,574
control,362,131
control,189,128
control,946,459
control,2480,797
control,2111,768
control,956,421
control,2821,916
control,1293,473
control,838,412
control,1801,598
control,1384,458
control,1872,618
control,875,470
control,3240,931
control,1220,603
control,1095,511
control,3614,1130
control,502,322
control,834,350
control,395,229
control,1226,519
control,1073,428
control,776,394
control,1620,486
control,1255,453
control,1634,708
control,1407,547
control,1551,529
control,628,321
control,1593,583
control,1469,598
control,2594,676
control,969,392
control,877,411
control,1936,647
control,700,376
control,1818,732
control,934,535
control,3949,1169
control,1165,491
control,2075,884
control,4823,1290
control,3291,993
control,1031,562
control,1017,491
control,2427,811
control,3737,1075
control,729,434
control,1097,483
control,558,209
control,913,351
control,817,444
control,4924,1256
control,1258,463
control,1520,685
control,1216,488
control,1644,556
control,2775,840
control,2233,787
control,1135,522
control,4170,1180
control,357,247
control,912,427
control,1542,640
control,1360,599
control,1179,464
control,140,100
control,474,286
control,1178,512
control,1346,562
control,1217,455
control,548,348
control,1328,464
control,1360,537
control,1369,483
control,1454,492
control,669,384
control,806,370
control,432,238
control,925,436
control,514,171
control,1243,602
control,739,256
control,374,223
control,1314,530
control,884,499
control,2619,833
control,1019,485
control,963,510
control,1502,502
control,1739,646
control,5428,1414
control,988,554
control,3669,1229
control,1904,740
control,375,101
control,1188,491
control,2314,863
control,1468,571
control,891,425
control,3978,1148
control,1936,689
control,1778,845
control,260,151
control,735,404
control,1361,433
control,5865,1590
control,1855,632
control,1578,547
control,1456,495
control,1546,533
control,1832,759
control,1339,536
control,1130,483
control,1611,557
control,1344,588
control,1228,523
control,1170,457
control,683,331
control,956,472
control,1011,471
control,853,400
control,958,391
control,762,433
control,1304,542
control,6248,1527
control,1150,477
control,1197,441
control,1988,836
control,2013,802
control,1041,383
control,2661,826
control,993,373
control,1054,522
control,1080,514
control,783,355
control,1387,560
control,545,378
control,1742,727
control,1616,614
control,1085,459
control,1820,608
control,2294,746
control,2548,710
control,4129,1248
control,1600,784
control,850,315
control,2038,640
control,2528,913
control,1299,473
control,913,413
control,1281,555
control,719,353
control,200,105
control,3591,1007
control,2625,947
control,1886,580
control,2856,789
control,3668,1063
control,1789,617
control,1855,596
control,1318,530
control,1275,435
control,1167,449
control,3217,1020
control,1229,514
control,2790,1157
control,473,243
control,1265,503
control,685,418
control,1069,497
control,1475,397
control,1473,719
control,1087,469
control,2948,867
control,1114,518
control,920,475
control,2255,838
control,2734,864
control,811,402
control,1427,461
control,1597,566
control,1031,411
control,1012,456
control,782,415
control,1204,421
control,586,357
control,1168,473
control,951,462
control,611,322
control,1333,499
control,2116,840
control,3639,946
control,955,501
control,1414,548
control,1082,436
control,1302,476
control,381,210
control,1054,449
control,856,474
control,916,416
control,504,270
control,1202,543
control,3612,524
control,1227,539
control,2817,958
control,8351,2168
control,1915,957
control,2456,921
control,1173,459
control,4550,1219
control,1212,507
control,849,471
control,2212,517
control,6507,1879
control,781,349
control,859,481
control,1097,454
control,903,440
control,3430,957
control,1327,564
control,3886,1037
control,820,417
control,1987,673
control,925,369
control,539,312
control,2308,734
control,592,321
control,877,456
control,1701,585
control,1187,484
control,1794,577
control,1782,554
control,2912,792
control,582,283
control,2947,848
control,798,368
control,1152,659
control,1339,490
control,1597,601
control,553,302
control,2018,753
control,1717,641
control,882,580
control,594,242
control,3241,928
control,1010,361
control,971,439
control,1132,459
control,1243,487
control,2377,798
control,2397,872
control,1754,692
control,1205,464
control,3514,967
control,3808,1105
control,1185,661
control,1188,471
control,917,412
control,2983,1084
control,1015,429
control,1662,595
control,890,448
control,1053,465
control,2580,792
control,617,293
control,1064,402
control,4100,128
control,1091,456
control,852,423
control,1423,509
control,3656,1089
control,192,141
control,316,191
control,3055,749
control,3324,1164
control,1393,633
control,2074,783
control,1097,445
control,1200,583
control,505,289
control,1197,518
control,879,506
control,1560,674
control,3514,978
control,1278,609
control,1368,620
control,1127,450
control,1330,512
control,816,359
control,930,544
control,792,411
control,1610,578
control,1073,461
control,550,317
control,1148,420
control,1077,457
control,2206,716
control,877,472
control,800,398
control,254,105
control,2780,865
control,1130,502
control,890,418
control,2733,764
control,1579,551
control,2280,804
control,1216,503
control,975,442
control,3259,842
control,1029,491
control,2188,983
control,1737,557
control,822,440
control,1641,583
control,1173,512
control,2240,753
control,1502,602
control,2601,865
control,722,389
control,1242,520
control,1757,736
control,3032,942
control,2364,846
control,1443,511
control,978,487
control,1520,653
control,1136,464
control,389,181
control,3718,989
control,2385,738
control,947,534
control,2212,841
control,1377,536
control,740,362
control,746,360
control,1094,407
control,1008,448
control,2543,828
control,854,378
control,1486,598
control,399,243
control,1009,525
control,3053,869
control,1025,428
control,3189,760
control,1650,578
control,1026,501
control,2913,763
control,3807,1018
control,1736,622
control,989,448
control,1935,607
control,1919,542
control,1035,403
control,911,345
control,2060,651
control,924,345
control,2522,811
control,1724,551
control,1376,503
control,1434,620
control,2421,866
control,853,404
control,2085,688
control,1043,474
control,1012,472
control,2043,902
control,4655,1225
control,2148,836
control,1775,606
control,1622,562
control,1151,486
control,397,286
control,2110,852
control,1256,491
control,877,466
control,2730,762
control,1030,537
control,5368,1432
control,2434,744
control,1493,592
control,1868,776
control,598,255
control,4082,1181
control,2428,669
control,1041,465
control,704,422
control,1072,515
control,3539,1099
control,2876,889
control,1392,576
control,3001,979
control,1378,524
control,851,376
control,1224,514
control,3433,1015
control,3966,1137
control,287,121
control,513,279
control,1620,703
control,881,420
control,1120,489
control,2520,770
control,698,431
control,912,396
control,1458,480
control,1291,606
control,1186,566
control,1331,544
control,3036,980
control,215,123
control,1375,671
control,861,419
control,1044,407
control,3782,1036
control,1384,718
control,795,303
control,1086,519
control,2148,811
control,610,300
control,973,461
control,592,291
control,1478,474
control,910,414
control,1147,485
control,818,437
control,235,129
control,859,397
control,1092,495
control,2091,831
control,994,430
control,924,320
control,1264,469
control,1228,535
control,1466,564
control,2405,735
control,1292,551
control,424,221
control,2335,710
control,2355,954
control,3061,1009
control,2737,925
control,1365,496
control,1691,474
control,534,316
control,1891,764
control,1314,477
control,975,393
control,734,412
control,669,355
control,2428,827
control,1472,581
control,1529,524
control,2128,652
control,2502,907
control,360,288
control,900,418
control,3006,953
control,977,542
control,4091,1166
control,1908,706
control,1219,477
control,1208,534
control,2397,801
control,941,426
control,1122,503
control,1223,503
control,2194,734
control,1146,409
control,1471,554
control,931,460
control,376,193
control,385,189
control,1473,640
control,1094,404
control,2313,872
control,1118,495
control,1645,616
control,2117,612
control,1057,447
control,952,459
control,1319,534
control,2034,852
control,1144,434
control,882,388
control,2781,930
control,1077,409
control,1089,428
control,943,370
control,658,306
control,1109,534
control,953,459
control,764,379
control,1423,558
control,3484,1253
control,3383,1020
control,2536,794
control,751,341
control,2263,943
control,1653,592
control,1207,529
control,1393,561
control,626,296
control,3466,906
control,861,422
control,2641,878
control,1371,474
control,1319,475
control,1011,479
control,1201,475
control,2668,726
control,2805,911
control,1751,582
control,829,456
control,1044,400
control,1177,512
control,3989,1092
control,751,415
control,1445,537
control,1256,481
control,1364,509
control,1107,497
control,3481,893
control,813,406
control,3163,851
control,1278,546
control,2599,910
control,3226,928
control,898,480
control,716,282
control,1180,505
control,883,374
control,1213,564
control,925,429
control,646,342
control,1376,576
control,2983,836
control,1067,434
control,461,207
control,1134,567
control,1115,402
control,1013,429
control,865,375
control,1667,770
control,6886,2160
control,760,321
control,1870,660
control,2672,768
control,1225,580
control,1435,504
control,620,345
control,1128,498
control,2659,904
control,2861,1014
control,652,414
control,3206,810
control,318,129
control,1871,726
control,781,387
control,1825,677
control,1089,482
control,3451,974
control,2686,911
control,1871,674
control,724,403
control,1061,407
control,2283,700
control,415,219
control,876,469
control,2729,807
control,3811,1059
control,1060,494
control,1209,475
control,3271,956
control,1207,418
control,1650,716
control,1420,559
control,1649,579
control,780,483
control,822,476
control,492,277
control,2570,943
control,2069,581
control,1014,545
control,1590,610
control,943,501
control,3067,869
control,1209,558
control,963,530
control,1179,424
control,2463,829
control,1160,564
control,4166,1266
control,934,487
control,625,329
control,176,138
control,1213,541
control,3696,1124
control,1631,461
control,1011,407
control,345,118
control,1305,371
control,4075,1244
control,937,485
control,2386,799
control,2288,1022
control,2804,950
control,1350,531
control,1011,390
control,1133,506
control,1508,597
control,3823,1465
control,6504,1712
control,2922,878
control,617,347
control,4125,978
control,1253,517
control,1007,423
control,317,235
control,2371,1097
control,1193,402
control,1756,537
control,712,440
control,2692,979
control,3497,1025
control,1675,663
control,2826,825
control,928,493
control,1625,602
control,2357,864
control,944,560
control,829,439
control,1640,605
control,2229,821
control,844,375
control,2651,654
control,153,106
control,1378,524
control,1108,433
control,963,365
control,860,512
control,2995,938
control,1818,597
control,615,369
control,2353,907
control,540,304
control,490,244
control,1223,440
control,2386,823
control,2209,641
control,1296,505
control,3005,915
control,1309,530
control,936,434
control,5432,1281
control,879,485
control,1086,479
control,1306,546
control,2426,1039
control,1812,566
control,2471,689
control,1533,419
control,1518,546
control,1190,514
control,1843,781
control,2923,990
control,5514,1497
control,814,422
control,2335,841
control,1816,595
control,3580,1019
control,2379,741
control,4939,1306
control,2671,777
control,5006,1335
control,1182,548
control,2395,844
control,780,404
control,3112,918
control,503,253
control,1711,624
control,888,453
control,2142,687
control,1317,480
control,1411,447
control,1264,578
control,728,320
control,2209,838
control,4592,1195
control,3311,1041
control,1299,476
control,965,414
control,1982,825
control,842,413
control,905,408
control,1020,452
control,1014,456
control,887,396
control,3556,786
control,2064,729
control,2722,862
control,962,469
control,1389,507
control,415,250
control,1075,469
control,993,602
control,1129,495
control,2206,709
control,676,391
control,1251,489
control,460,260
control,1109,481
control,1163,503
control,940,518
control,871,487
control,1014,492
control,1531,520
control,1464,543
control,1256,531
control,4087,1230
control,891,409
control,962,440
control,1036,497
control,888,430
control,1379,522
control,1109,457
control,3110,785
control,685,410
control,475,268
control,1290,556
control,1534,617
control,1498,772
control,3430,1066
control,3397,772
control,2056,725
control,1039,478
control,3015,923
control,887,464
control,1043,469
control,2047,870
control,3964,1228
control,4049,1237
control,334,176
control,1628,588
control,2101,847
control,814,357
control,1512,563
control,614,362
control,1750,535
control,1697,542
control,2244,917
control,904,453
control,1039,372
control,1174,516
control,1617,547
control,6971,1843
control,4450,1324
control,1160,464
control,1299,656
control,494,243
control,573,299
control,926,501
control,2772,722
control,699,348
control,898,463
control,3954,1208
control,868,409
control,1641,642
control,1500,535
control,1574,559
control,1519,547
control,1257,551
control,1335,657
control,1184,465
control,1977,728
control,1790,682
control,936,473
control,1735,615
control,2403,915
control,2870,895
control,2715,725
control,3706,1107
control,415,237
control,1064,483
control,900,361
control,985,404
control,2274,679
control,2031,775
control,885,400
control,1120,493
control,2357,767
control,2641,716
control,1878,616
control,920,421
control,1246,445
control,1531,607
control,3083,1055
control,634,351
control,618,302
control,1485,602
control,5444,898
control,4003,1019
control,638,273
control,2611,805
control,5714,1389
control,1724,593
control,1596,604
control,1343,620
control,1732,713
control,801,363
control,1189,450
control,1010,407
control,1114,462
control,476,271
control,1672,611
control,792,318
control,2360,928
control,2476,890
control,391,209
control,480,265
control,239,126
control,3441,984
control,1064,448
control,1184,475
control,1042,531
control,2720,940
control,1221,435
control,1264,452
control,1289,656
control,1000,477
control,589,302
control,4185,1238
control,2504,793
control,3845,1003
control,1256,454
control,627,300
control,874,400
control,1033,439
control,2512,906
control,1047,442
control,2304,856
control,382,234
control,524,237
control,876,371
control,1225,542
control,907,424
control,657,381
control,945,422
control,1334,472
control,2453,666
control,966,409
control,1015,538
control,750,362
control,3622,1035
control,3174,1066
control,926,424
control,601,371
control,584,349
control,1146,594
control,1182,490
control,489,274
control,3327,1187
control,2185,1062
control,1225,542
control,1178,630
control,1287,542
control,3145,1049
control,1088,473
control,1713,674
control,1192,543
control,1421,560
control,788,351
control,1401,527
control,1081,406
control,1362,541
control,4653,1368
control,1837,596
control,2332,751
control,2129,966
control,945,386
control,1444,618
control,930,469
control,873,411
control,711,363
control,1648,607
control,633,305
control,1230,472
control,262,156
control,820,396
control,551,247
control,1038,440
control,1208,469
control,2772,912
control,1510,601
control,527,267
control,2093,720
control,1040,427
control,1348,512
control,3235,860
control,1523,468
control,1331,537
control,435,305
control,2101,811
control,1402,564
control,1086,505
control,804,498
control,6479,1576
control,1148,479
control,989,378
control,1123,543
control,1107,466
control,3327,972
control,770,432
control,1369,496
control,5325,1587
control,2873,908
control,1091,498
control,1051,421
control,2047,781
control,965,375
control,2166,696
control,709,347
control,856,423
control,2492,895
control,719,423
control,1564,547
control,2666,1056
control,3802,991
control,935,446
control,851,458
control,1239,504
control,996,466
control,523,330
control,927,441
control,952,435
control,1255,528
control,1269,486
control,3086,940
control,883,469
control,1311,574
control,2903,868
control,585,263
control,2611,667
control,1477,515
control,4926,1241
control,1332,511
control,1281,467
control,769,425
control,878,422
control,1267,471
control,2554,854
control,4663,1159
control,1764,708
control,1079,498
control,3690,1147
control,2278,734
control,1239,521
control,943,458
control,976,452
control,884,394
control,1814,637
control,992,500
control,1206,552
control,1392,570
control,1409,610
control,1299,571
control,3561,1038
control,1097,493
control,1677,555
control,284,125
control,1617,576
control,859,324
control,1337,512
control,142,105
control,959,423
control,2148,720
control,1576,515
control,850,414
control,2139,890
control,1056,478
control,1843,691
control,1039,441
control,926,466
control,4634,1325
control,517,242
control,755,369
control,820,433
control,1023,478
control,964,406
control,1912,601
control,700,412
control,2003,569
control,915,455
control,817,391
control,1068,445
control,4043,1080
control,2587,893
control,643,376
control,723,339
control,434,258
control,3478,1043
control,1614,589
control,1662,532
control,932,432
control,1240,462
control,6892,1271
control,3428,1077
control,1121,459
control,1432,602
control,994,424
control,2190,677
control,1845,786
control,1318,583
control,781,426
control,589,335
control,1353,545
control,661,296
control,1460,498
control,1322,562
control,322,166
control,1368,530
control,2214,770
control,1126,464
control,1558,555
control,2838,791
control,1207,441
control,648,320
control,1025,521
control,1726,640
control,370,198
control,3507,866
control,2870,848
control,983,501
control,1391,507
control,1402,549
control,840,440
control,699,379
control,943,415
control,1122,466
control,887,443
control,646,297
control,1824,661
control,501,295
control,987,380
control,2692,858
control,1240,451
control,2789,916
control,2282,628
control,500,309
control,1517,579
control,1110,558
control,491,288
control,4184,1222
control,3044,846
control,3307,1039
control,1137,475
control,1877,603
control,847,410
control,1789,634
control,907,412
control,3031,794
control,1493,557
control,941,455
control,1844,667
control,1929,747
control,2771,873
control,592,358
control,758,473
control,1351,509
control,1556,607
control,892,419
control,2003,788
control,719,400
control,1312,470
control,2954,786
control,2562,636
control,538,335
control,2460,742
control,2855,743
control,1174,551
control,673,350
control,1083,416
control,2233,727
control,729,355
control,848,400
control,1638,498
control,2794,778
control,4363,1101
control,2768,911
control,2402,923
control,709,331
control,1202,622
control,969,360
control,968,396
control,1259,467
control,1072,397
control,2759,850
control,1108,526
control,1768,718
control,945,417
control,831,429
control,1565,573
control,1025,450
control,3844,1061
control,2540,795
control,2161,707
control,1219,505
control,1025,422
control,2449,887
control,233,170
control,636,357
control,1090,437
control,823,369
control,1552,625
control,1155,443
control,1156,512
control,2879,912
control,1270,506
control,1041,415
control,3303,855
control,734,483
control,3027,955
control,1292,640
control,4228,1105
control,3283,1313
control,1626,776
control,533,312
control,2108,761
control,240,159
control,2276,999
control,2246,822
control,925,462
control,1204,487
control,1176,481
control,1560,880
control,1570,580
control,2229,752
control,1057,495
control,1251,514
control,1449,495
control,872,453
control,2403,868
control,1808,563
control,1671,553
control,1395,586
control,1141,472
control,2371,800
control,3133,1095
control,3618,1274
control,1773,616
control,1973,1000
control,1020,466
control,649,318
control,931,432
control,1325,550
control,360,240
control,1302,509
control,1372,732
control,986,486
control,614,264
control,1521,579
control,1489,676
control,555,256
control,1554,584
control,1265,441
control,3520,937
control,4571,1352
control,3292,959
control,1167,412
control,976,467
control,1757,877
control,872,392
control,3580,1255
control,1230,623
control,2188,646
control,1237,760
control,949,447
control,3350,932
control,436,213
control,828,390
control,1576,607
control,2996,938
control,2491,858
control,1660,776
control,2465,768
control,838,422
control,883,431
control,1305,535
control,756,385
control,976,442
control,1650,698
control,735,498
control,690,374
control,1648,592
control,3467,1119
control,1369,557
control,881,435
control,806,424
control,2012,682
control,540,366
control,1567,526
control,603,340
control,527,271
control,1210,528
control,1716,628
control,710,357
control,1229,493
control,911,441
control,2493,778
control,1436,611
control,974,454
control,1187,460
control,466,229
control,1608,589
control,3726,1149
control,710,369
control,969,377
control,909,452
control,3364,1204
control,645,410
control,2479,863
control,1601,541
control,1666,579
control,973,458
control,1241,478
control,1204,512
control,238,106
control,1530,609
control,425,242
control,2417,1025
control,4326,1029
control,1748,684
control,1051,512
control,1248,472
control,2060,695
control,1191,550
control,1242,537
control,1047,413
control,3023,1085
control,2354,659
control,1373,503
control,822,411
control,2321,1022
control,3287,1159
control,1032,473
control,1140,489
control,1694,727
control,416,204
control,475,278
control,601,333
control,2846,901
control,2527,979
control,1516,567
control,1420,549
control,1593,549
control,3144,843
control,1462,499
control,1570,860
control,2456,958
control,1097,437
control,1250,492
control,997,372
control,1318,563
control,1483,504
control,1644,592
control,1289,559
control,3684,958
control,1206,479
control,621,292
control,1244,539
control,263,119
control,982,564
control,4760,1294
control,1178,452
control,2701,819
control,1113,510
control,2238,808
control,1306,667
control,3630,1333
control,1207,496
control,808,382
control,2890,957
control,1572,527
control,1004,485
control,919,428
control,3211,916
control,844,443
control,1501,547
control,2031,549
control,1541,599
control,2326,946
control,1797,546
control,1394,501
control,412,213
control,1085,510
control,1733,556
control,754,338
control,1202,463
control,1316,544
control,5142,172
control,412,235
control,1282,638
control,1257,658
control,1173,515
control,1464,556
control,1079,495
control,931,453
control,4641,1304
control,1442,585
control,3468,1197
control,997,484
control,470,280
control,905,505
control,1129,504
control,760,406
control,358,210
control,1439,501
control,2644,767
control,1578,585
control,1276,502
control,1586,776
control,2387,696
control,1780,757
control,2222,692
control,1482,647
control,3519,1020
control,844,400
control,1046,473
control,2803,842
control,1932,781
control,2757,804
control,3071,1008
control,1072,544
control,925,414
control,994,470
control,1212,449
control,2003,740
control,238,157
control,1758,639
control,624,310
control,398,237
control,1200,517
control,807,375
control,3064,862
control,474,246
control,1185,527
control,1342,452
control,854,384
control,2488,799
control,4471,1184
control,793,417
control,953,483
control,1021,470
control,1204,454
control,2998,858
control,2756,984
control,1234,513
control,1707,590
control,1475,586
control,646,282
control,1084,587
control,988,425
control,809,378
control,844,426
control,1320,532
control,460,290
control,1547,459
control,1483,520
control,772,393
control,3029,871
control,3031,1014
control,1642,641
control,2313,677
control,948,411
control,841,463
control,1155,426
control,623,305
control,1242,569
control,926,443
control,2232,738
control,1328,448
control,3421,1220
control,2999,952
control,1352,739
control,904,469
control,844,431
control,1250,562
control,1740,705
control,1701,580
control,1101,443
control,1527,570
control,346,199
control,2718,1094
control,1091,482
control,2151,877
control,1245,573
control,2465,841
control,371,236
control,1094,488
control,3477,946
control,1336,570
control,2381,930
control,1145,428
control,758,338
control,457,238
control,2979,793
control,783,285
control,1731,606
control,1153,462
control,938,432
control,1948,711
control,4262,604
control,3643,1089
control,1093,389
control,2890,927
control,821,419
control,1174,450
control,1016,489
control,2128,777
control,1266,472
control,3262,913
control,927,458
control,433,332
control,2875,846
control,1316,498
control,1482,706
control,1637,420
control,985,380
control,1148,471
control,2246,787
control,912,485
control,615,351
control,1859,861
control,1393,569
control,1399,472
control,992,456
control,4293,1590
control,3128,823
control,2284,740
control,2147,713
control,545,299
control,2132,594
control,807,407
control,1797,699
control,2538,684
control,3105,885
control,580,284
control,1661,621
control,1105,578
control,2902,837
control,1766,638
control,3270,873
control,807,390
control,687,303
control,1003,425
control,1725,816
control,1228,502
control,1064,474
control,2053,684
control,1138,471
control,1503,571
control,782,392
control,1529,591
control,551,290
control,635,299
control,2628,804
control,2725,982
control,1842,724
control,518,244
control,3376,1075
control,1115,494
control,3570,912
control,3104,916
control,2766,954
control,2255,650
control,1182,554
control,1041,431
control,1378,585
control,215,153
control,1633,617
control,2034,814
control,1127,520
control,1677,584
control,2450,739
control,1243,487
control,1326,514
control,921,416
control,1885,760
control,1349,516
control,1446,594
control,502,227
control,1262,514
control,213,146
control,4584,1143
control,2088,651
control,1074,527
control,789,391
control,1103,567
control,2139,778
control,874,378
control,641,306
control,2003,837
control,1048,449
control,1523,603
control,1193,441
control,727,303
control,1034,458
control,1346,462
control,1658,546
control,1082,445
control,1206,413
control,1928,603
control,1609,633
control,857,437
control,1707,563
control,2733,689
control,2125,640
control,1327,578
control,1254,459
control,1023,458
control,3191,931
control,2594,983
control,1293,504
control,3096,824
control,744,421
control,976,499
control,700,419
control,1171,449
control,2693,899
control,4352,1411
control,3456,1034
control,1174,454
control,890,458
control,1229,590
control,1424,555
control,966,432
control,2682,828
control,600,361
control,2040,829
control,329,211
control,805,350
control,1306,492
control,1142,543
control,1348,554
control,1106,533
control,1167,502
control,3145,1124
control,4692,1188
control,3471,1066
control,2037,679
control,1780,606
control,1113,440
control,1340,511
control,832,374
control,1719,548
control,1196,474
control,1175,515
control,454,241
control,2061,836
control,946,476
control,1131,529
control,3601,1077
control,1613,585
control,2818,786
control,1114,440
control,1149,485
control,1362,645
control,705,353
control,1172,471
control,807,344
control,1303,528
control,6918,1650
control,855,394
control,4102,1074
control,1380,615
control,633,288
control,1430,518
control,3088,933
control,848,420
control,1382,559
control,1147,498
control,957,540
control,1390,586
control,1108,473
control,3340,1090
control,1616,580
control,2643,1069
control,1198,574
control,1046,411
control,1465,617
control,1695,912
control,2806,977
control,2632,892
control,5483,1359
control,1208,492
control,2444,835
control,1788,766
control,1581,599
control,1117,438
control,1263,571
control,690,314
control,789,364
control,3614,980
control,1000,456
control,2356,692
control,1095,558
control,1759,577
control,750,390
control,772,425
control,1289,528
control,1294,540
control,837,437
control,1076,498
control,1399,566
control,922,593
control,742,313
control,1208,466
control,787,344
control,1159,495
control,1522,576
control,1352,556
control,919,443
control,2584,959
control,3056,1097
control,1379,494
control,1844,678
control,1460,743
control,1315,519
control,2810,911
control,678,382
control,2622,840
control,3284,960
control,1808,559
control,1557,580
control,3165,1012
control,3244,886
control,1373,563
control,1120,428
control,1080,475
control,2507,850
control,991,441
control,3494,1028
control,1133,536
control,1861,532
control,1162,486
control,1056,574
control,1669,747
control,2569,843
control,1017,366
control,1739,553
control,1230,515
control,1328,481
control,837,405
control,871,460
control,752,367
control,1026,435
control,978,485
control,826,427
control,2080,779
control,2324,767
control,1920,576
control,190,119
control,905,492
control,1456,552
control,636,310
control,706,334
control,3549,1279
control,664,441
control,1530,620
control,1318,535
control,1311,555
control,806,388
control,3185,875
control,1452,514
control,1187,485
control,2145,880
control,2051,573
control,1278,525
control,2368,666
control,1041,524
control,801,418
control,1064,455
control,3601,1001
control,1480,585
control,470,247
control,1381,473
control,1301,457
control,1288,578
control,2670,866
control,561,293
control,1230,424
control,820,373
control,1347,533
control,2548,726
control,1049,412
control,824,409
control,3798,1050
control,1833,619
control,1849,704
control,1573,514
control,3471,1090
control,1586,810
control,1037,483
control,1162,548
control,1794,613
control,2070,727
control,1073,410
control,2070,764
control,767,377
control,1136,464
control,1500,525
control,1227,517
control,1252,680
control,1864,698
control,747,322
control,1861,626
control,1069,411
control,1212,469
control,1261,417
control,1102,476
control,984,521
control,1118,590
control,1083,552
control,1258,500
control,2781,805
control,952,394
control,2464,760
control,1016,427
control,982,516
control,2249,846
control,1573,584
control,1424,642
control,845,439
control,1123,482
control,903,442
control,1094,477
control,1322,558
control,1085,465
control,674,326
control,2059,974
control,943,480
control,1158,416
control,967,507
control,957,366
control,803,419
control,1067,465
control,1113,469
control,1087,397
control,301,195
control,801,425
control,874,456
control,494,246
control,4639,1457
control,599,374
control,2578,824
control,1075,414
control,2427,1071
control,1384,513
control,1236,552
control,644,374
control,1251,593
control,3628,975
control,880,490
control,1092,421
control,1130,476
control,3077,891
control,459,239
control,892,403
control,1974,899
control,1096,367
control,684,345
control,1180,608
control,1367,539
control,4336,1076
control,1256,525
control,2030,672
control,1199,477
control,1040,502
control,1403,509
control,1193,488
control,6013,874
control,744,420
control,934,438
control,628,296
control,1116,431
control,2267,818
control,1575,582
control,368,192
control,1115,483
control,2030,638
control,779,416
control,3431,993
control,974,383
control,844,396
control,475,279
control,3253,1149
control,1236,547
control,1449,542
control,968,410
control,2070,672
control,998,581
control,1816,642
control,1276,527
control,384,240
control,922,441
control,5761,1477
control,1302,390
control,2418,822
control,661,340
control,1661,588
control,3807,1093
control,1588,675
control,870,371
control,348,189
control,752,396
control,1172,471
control,2150,633
control,1546,714
control,905,418
control,1658,637
control,793,397
control,1065,412
control,722,418
control,3617,1527
control,2767,828
control,1460,681
control,1583,490
control,1004,456
control,2185,679
control,868,409
control,3364,1305
control,1477,566
control,1056,381
control,2610,794
control,864,408
control,938,493
control,832,441
control,495,260
control,611,339
control,1071,481
control,599,263
control,3845,1618
control,2797,982
control,1745,648
control,1040,399
control,2457,713
control,1808,602
control,1085,407
control,1074,451
control,1955,772
control,4070,1237
control,1076,420
control,771,466
control,2372,911
control,593,392
control,1491,565
control,2231,588
control,2208,831
control,2758,745
control,174,123
control,1190,406
control,923,329
control,2198,651
control,1084,512
control,1349,480
control,799,469
control,3359,847
control,1292,512
control,1279,516
control,817,372
control,955,507
control,430,248
control,1840,633
control,1184,485
control,1726,514
control,2072,711
control,1156,477
control,2829,785
control,620,310
control,580,297
control,1773,811
control,1111,495
control,1707,586
control,5375,1366
control,908,508
control,587,284
control,1434,581
control,1148,404
control,860,377
control,1529,559
control,1117,476
control,844,418
control,763,386
control,2885,851
control,1103,572
control,2766,897
control,368,232
control,1486,607
control,866,480
control,861,446
control,1298,507
control,2272,694
control,3333,1047
control,6608,1353
control,5247,1325
control,2595,777
control,718,351
control,846,402
control,753,353
control,2663,692
control,1356,537
control,341,159
control,1392,580
control,916,386
control,968,399
control,1138,403
control,2914,942
control,1411,542
control,1501,579
control,1416,570
control,2761,913
control,2594,922
control,3455,1022
control,5563,1521
control,737,337
control,3183,878
control,3204,899
control,1653,657
control,1075,524
control,875,410
control,1032,498
control,679,289
control,1449,522
control,781,399
control,2756,949
control,3254,1016
control,3414,1057
control,392,216
control,1712,650
control,1409,522
control,399,230
control,3246,1077
control,1228,479
control,381,176
control,1017,483
control,2138,655
control,2102,807
control,1142,498
control,1485,520
control,3607,1171
control,979,458
control,1039,429
control,1670,501
control,1757,789
control,1635,563
control,683,413
control,734,321
control,1770,690
control,1104,447
control,1851,619
control,276,172
control,2375,869
control,1535,568
control,1200,615
control,1166,494
control,2675,853
control,1053,446
control,945,433
control,2207,754
control,586,324
control,2542,754
control,1171,556
control,1483,570
control,2820,892
control,638,366
control,1266,505
control,1363,501
control,1452,652
control,1450,730
control,1190,476
control,1362,558
control,2324,722
control,1007,422
control,374,231
control,3504,898
control,685,326
control,786,392
control,1156,445
control,1140,476
control,1259,640
control,2721,863
control,2603,649
control,1973,643
control,1895,933
control,908,491
control,1976,835
control,1003,470
control,1777,509
control,685,402
control,6333,1355
control,1520,556
control,294,146
control,1163,481
control,5046,1367
control,1174,544
control,1658,514
control,1172,554
control,3403,1107
control,1343,482
control,1362,481
control,1160,440
control,1017,457
control,1047,524
control,1371,533
control,1657,532
control,3625,1034
control,2603,899
control,1896,871
control,3199,935
control,1230,518
control,3174,1002
control,1413,483
control,2463,698
control,1338,571
control,725,398
control,1221,690
control,740,487
control,629,357
control,1129,465
control,1015,530
control,1282,492
control,1582,564
control,2839,1163
control,2438,734
control,4846,1270
control,1631,536
control,939,425
control,605,326
control,1114,489
control,1367,586
control,3307,1245
control,1093,552
control,2855,785
control,4112,1191
control,1037,526
control,893,453
control,1038,499
control,4485,1373
control,1397,505
control,2480,862
control,1046,415
control,1058,458
control,2972,926
control,2290,757
control,1066,469
control,988,477
control,2576,672
control,1046,423
control,1212,555
control,957,494
control,949,500
control,3164,1058
control,1281,503
control,1174,487
control,1054,478
control,1208,482
control,1670,618
control,2486,794
control,964,542
control,2999,1012
control,1058,434
control,2938,835
control,1478,490
control,789,372
control,767,435
control,1898,801
control,2171,966
control,758,366
control,1261,491
control,1505,571
control,1449,495
control,1617,575
control,708,370
control,1434,701
control,1422,552
control,1490,511
control,1754,583
control,1472,641
control,1610,675
control,1621,499
control,793,378
control,2096,899
control,2879,820
control,758,428
control,1002,428
control,1110,573
control,2224,863
control,1383,550
control,2546,862
control,3601,1023
control,1122,491
control,944,483
control,870,455
control,1334,519
control,1148,527
control,1685,785
control,1138,435
control,938,459
control,1132,515
control,588,372
control,822,380
control,538,327
control,1120,524
control,943,414
control,934,501
control,2518,841
control,1000,601
control,1904,637
control,1343,512
control,715,363
control,2591,738
control,477,322
control,3194,1054
control,288,187
control,1413,626
control,2622,806
control,1152,413
control,1150,531
control,765,392
control,588,337
control,582,321
control,2827,754
control,817,410
control,413,225
control,1173,548
control,1118,482
control,930,492
control,6187,817
control,911,400
control,835,417
control,1292,608
control,883,554
control,661,377
control,1417,555
control,645,348
control,2595,871
control,1889,589
control,2085,726
control,1084,513
control,1158,508
control,1058,539
control,1411,493
control,1319,482
control,1392,539
control,408,253
control,1033,400
control,2875,971
control,2246,1022
control,715,249
control,2107,705
control,1064,462
control,845,463
control,359,200
control,228,117
control,1179,427
control,969,448
control,1378,560
control,1665,664
control,432,128
control,1236,607
control,1691,627
control,1605,521
control,2007,694
control,1163,419
control,676,384
control,850,377
control,1008,474
control,1111,430
control,1507,567
control,888,412
control,2334,860
control,902,490
control,1017,384
control,1641,874
control,1117,645
control,1477,563
control,1029,490
control,1147,511
control,1048,518
control,500,277
control,1314,541
control,986,507
control,1795,780
control,637,344
control,1269,515
control,1376,544
control,1111,525
control,1246,628
control,710,538
control,1782,668
control,173,102
control,1545,569
control,847,440
control,664,300
control,1664,532
control,1226,490
control,5312,1538
control,1192,626
control,337,183
control,2116,673
control,1261,509
control,1048,441
control,512,292
control,1249,547
control,5485,1347
control,1295,598
control,3109,1201
control,1286,579
control,1203,562
control,713,311
control,1746,617
control,2074,721
control,463,300
control,1091,467
control,1412,563
control,6551,1547
control,2668,853
control,1639,659
control,1619,717
control,3210,887
control,630,303
control,1994,689
control,2195,792
control,1841,893
control,1150,468
control,1000,446
control,868,434
control,4880,1309
control,2326,866
control,3158,1167
control,835,435
control,976,528
control,1226,471
control,949,439
control,3314,1008
control,6006,1680
control,1031,495
control,2321,904
control,781,411
control,1592,613
control,1280,639
control,1490,544
control,780,403
control,1065,478
control,497,278
control,2087,598
control,1381,525
control,2977,1039
control,346,210
control,866,442
control,1090,469
control,659,325
control,2193,724
control,412,248
control,860,363
control,2268,928
control,2132,722
control,1177,548
control,1454,526
control,799,434
control,2414,660
control,974,381
control,3085,980
control,1540,525
control,1279,597
control,1190,606
control,1061,455
control,304,217
control,4042,1128
control,324,184
control,1628,624
control,1211,460
control,1911,784
control,1786,702
control,964,489
control,909,500
control,5409,1462
control,1083,438
control,1141,584
control,1672,547
control,3099,1070
control,1478,574
control,4489,1396
control,1218,550
control,1143,477
control,1073,439
control,1522,589
control,2862,981
control,2087,605
control,2600,843
control,587,370
control,1404,524
control,1471,532
control,3212,893
control,1235,508
control,1627,617
control,1467,548
control,2865,1235
control,1066,514
control,736,404
control,2948,820
control,1874,837
control,3698,1027
control,894,478
control,1208,480
control,1060,486
control,5967,904
control,1336,464
control,1244,519
control,985,441
control,989,448
control,3401,919
control,1505,554
control,494,265
control,974,513
control,1366,531
control,1720,875
control,2455,726
control,1156,469
control,1427,470
control,1162,490
control,1031,418
control,769,368
control,3206,848
control,811,398
control,1305,547
control,662,323
control,1234,525
control,761,477
control,877,416
control,1399,511
control,1685,545
control,971,483
control,1942,638
control,3529,1031
control,2908,1029
control,2428,755
control,1084,395
control,1220,535
control,5030,1220
control,1197,538
control,2707,856
control,926,542
control,1287,427
control,1097,439
control,1209,514
control,611,273
control,3035,850
control,3285,1252
control,498,264
control,959,392
control,2622,756
control,1799,647
control,826,378
control,3122,949
control,1199,594
control,1593,578
control,1605,565
control,552,280
control,1749,706
control,1397,583
control,1519,708
control,1607,516
control,1037,504
control,3426,930
control,653,336
control,819,407
control,1294,503
control,916,418
control,1102,408
control,220,113
control,1600,691
control,2422,897
control,1315,551
control,713,323
control,955,523
control,997,385
control,2953,831
control,1368,657
control,3160,810
control,2803,1116
control,1050,456
control,1709,541
control,1494,861
control,2050,876
control,955,547
control,1002,413
control,3227,858
control,426,269
control,2279,781
control,1732,554
control,1970,721
control,1413,515
control,1062,542
control,1775,679
control,2980,1303
control,1618,620
control,1047,513
control,862,412
control,1042,403
control,1098,396
control,3096,1043
control,812,429
control,822,437
control,1294,561
control,1265,693
control,1947,772
control,1448,526
control,808,467
control,4497,1152
control,1151,517
control,3230,1033
control,1532,718
control,2053,802
control,1477,716
control,4102,1022
control,963,473
control,315,190
control,2880,906
control,2282,715
control,529,316
control,1963,965
control,554,288
control,4186,1152
control,1118,460
control,822,269
control,583,286
control,2245,896
control,1212,465
control,1250,525
control,2739,928
control,576,343
control,1407,562
control,1423,664
control,595,305
control,1253,440
control,1783,569
control,1287,486
control,3743,1041
control,811,404
control,1520,765
control,4813,1219
control,3267,1023
control,752,408
control,1916,692
control,191,137
control,1323,470
control,3701,1007
control,617,285
control,1390,540
control,1264,504
control,934,409
control,1609,573
control,1029,480
control,586,328
control,1510,528
control,1146,525
control,1685,734
control,935,516
control,824,429
control,1207,530
control,1117,527
control,1129,488
control,1068,456
control,880,387
control,573,206
control,1192,460
control,513,313
control,2122,596
control,2042,774
control,1261,651
control,1573,567
control,846,479
control,1639,638
control,2682,883
control,508,312
control,755,377
control,2369,807
control,1555,738
control,1605,584
control,1001,439
control,3353,988
control,2222,912
control,1771,662
control,982,415
control,2861,945
control,1141,422
control,1325,678
control,1337,564
control,913,418
control,1016,463
control,1859,714
control,491,305
control,863,420
control,544,275
control,1285,483
control,1649,649
control,1954,693
control,1655,737
control,2877,898
control,1047,484
control,1208,500
control,948,426
control,657,337
control,2925,861
control,1210,469
control,1589,570
control,739,363
control,1625,575
control,2416,732
control,1015,462
control,2419,869
control,1305,524
control,722,464
control,2056,692
control,1586,484
control,864,395
control,2375,857
control,1330,597
control,1356,553
control,1050,444
control,860,465
control,2538,872
control,2333,706
control,727,391
control,2347,771
control,1262,572
control,1439,610
control,1269,452
control,1152,594
control,1252,463
control,2629,832
control,1479,796
control,988,413
control,1868,597
control,893,368
control,2222,749
control,472,247
control,1239,420
control,2011,658
control,987,418
control,504,280
control,1851,618
control,1210,545
control,947,534
control,3570,932
control,1663,622
control,2313,945
control,3012,838
control,3045,841
control,1094,501
control,3308,1021
control,805,413
control,2974,1007
control,2230,842
control,4359,1243
control,965,491
control,2550,825
control,1688,578
control,2227,665
control,1412,539
control,1445,578
control,1322,463
control,1645,541
control,792,350
control,1378,590
control,2643,786
control,2481,879
control,1102,405
control,1128,544
control,2562,845
control,280,168
control,1395,733
control,3483,1013
control,1330,499
control,2403,895
control,3919,945
control,4158,1333
control,4045,1308
control,620,280
control,1926,640
control,1431,496
control,1559,656
control,1606,577
control,1328,393
control,781,370
control,2306,935
control,2159,842
control,2235,701
control,784,408
control,2283,718
control,1227,478
control,1514,563
control,959,443
control,5007,1331
control,894,385
control,968,403
control,1100,420
control,2784,945
control,1909,690
control,1552,599
control,1991,762
control,1174,482
control,817,278
control,797,356
control,2266,716
control,3570,1013
control,912,390
control,803,356
control,2406,766
control,4472,1242
control,1031,426
control,782,329
control,740,401
control,1087,565
control,503,336
control,993,461
control,1025,552
control,1888,638
control,1991,630
control,5127,1261
control,991,433
control,1950,700
control,3558,975
control,1100,572
control,1673,568
control,1640,598
control,3556,1117
control,895,535
control,1127,497
control,915,526
control,835,504
control,3648,1146
control,1129,434
control,3413,1005
control,420,282
control,3121,903
control,1592,528
control,965,431
control,871,393
control,823,403
control,1384,556
control,969,415
control,424,188
control,748,488
control,205,103
control,1724,632
control,2527,890
control,1163,506
control,1948,1017
control,3049,902
control,737,377
control,1243,562
control,2523,957
control,1501,523
control,2046,885
control,2231,704
control,2503,836
control,948,369
control,1406,518
control,1370,487
control,1201,506
control,913,448
control,902,515
control,966,435
control,1273,588
control,2458,798
control,2797,1229
control,1175,433
control,5383,952
control,1153,459
control,845,382
control,3657,1151
control,1623,545
control,1980,899
control,4328,1252
control,831,426
control,445,216
control,1415,513
control,430,244
control,2430,840
control,3848,989
control,1584,570
control,1437,570
control,2429,769
control,2602,791
control,2387,763
control,1494,602
control,595,248
control,1013,487
control,3776,1057
control,1522,545
control,1142,442
control,2314,717
control,638,306
control,489,263
control,3597,1002
control,3529,1001
control,1572,592
control,368,164
control,2207,819
control,2763,837
control,615,387
control,1123,403
control,864,443
control,480,227
control,1196,468
control,2964,903
control,501,254
control,3080,649
control,1064,538
control,1629,582
control,1618,539
control,1294,479
control,1041,447
control,4192,998
control,1167,484
control,1321,541
control,3530,923
control,519,292
control,2829,929
control,1118,474
control,930,384
control,616,350
control,1412,467
control,1958,595
control,1372,601
control,1754,729
control,1839,718
control,5882,1572
control,173,135
control,2031,674
control,2046,760
control,1266,449
control,1346,655
control,1042,487
control,644,369
control,1082,455
control,1034,435
control,1325,481
control,1397,562
control,1150,501
control,829,394
control,2704,935
control,1655,536
control,663,273
control,956,439
control,992,468
control,4342,1332
control,919,477
control,661,263
control,1200,443
control,390,244
control,1100,516
control,2629,942
control,1087,470
control,998,475
control,929,399
control,2164,658
control,924,412
control,2172,799
control,1223,609
control,3340,800
control,1293,503
control,1535,516
control,1362,514
control,2726,871
control,1355,433
control,3687,1096
control,938,438
control,1957,625
control,629,435
control,1170,532
control,382,236
control,4642,1285
control,3727,1031
control,557,302
control,1150,445
control,2303,782
control,1144,434
control,2827,839
control,1059,630
control,618,359
control,1335,520
control,980,429
control,3625,1063
control,1248,537
control,1344,532
control,902,408
control,1282,558
control,1235,466
control,2098,655
control,3953,1109
control,1542,528
control,2119,813
control,1682,841
control,787,413
control,1366,588
control,2614,834
control,842,346
control,2122,830
control,2436,878
control,3406,962
control,750,341
control,1711,599
control,1400,569
control,2252,827
control,495,261
control,683,268
control,1176,458
control,907,386
control,1018,554
control,574,373
control,1249,541
control,794,356
control,2513,916
control,1049,502
control,903,390
control,2257,681
control,1064,452
control,4310,442
control,881,378
control,348,223
control,822,394
control,1348,484
control,874,427
control,659,358
control,1362,659
control,1606,704
control,1027,533
control,948,456
control,1769,571
control,1289,517
control,730,411
control,1764,657
control,1055,537
control,904,482
control,2267,839
control,4072,1094
control,1491,647
control,1161,481
control,3588,901
control,4861,1349
control,2445,944
control,1349,647
control,2403,660
control,1465,518
control,1029,483
control,1474,541
control,3499,929
control,1036,462
control,2355,787
control,1542,513
control,1280,478
control,1663,688
control,2274,624
control,318,136
control,690,338
control,3258,1111
control,1081,415
control,1332,557
control,2349,842
control,1911,671
control,1711,520
control,1179,576
control,1141,539
control,5354,1637
control,1449,516
control,1031,422
control,1689,576
control,1120,523
control,974,434
control,3315,1082
control,1066,484
control,1692,588
control,1081,573
control,940,428
control,1220,520
control,1221,531
control,1363,471
control,314,193
control,1319,556
control,1319,527
control,976,423
control,1965,589
control,742,377
control,1677,643
control,306,194
control,1429,552
control,2197,867
control,1354,555
control,1146,473
control,848,464
control,1895,672
control,2641,841
control,1247,476
control,2986,898
control,2482,774
control,964,443
control,951,420
control,1707,636
control,1025,465
control,746,405
control,1159,634
control,1153,516
control,902,440
control,578,281
control,991,412
control,367,195
control,985,442
control,1592,558
control,2986,1104
control,2073,656
control,1110,370
control,1451,615
control,1070,391
control,1274,470
control,2360,562
control,1810,777
control,945,406
control,1211,475
control,1619,564
control,1743,628
control,559,291
control,1102,403
control,1473,495
control,966,484
control,1251,470
control,1581,726
control,878,402
control,832,477
control,1220,508
control,1733,628
control,3898,1295
control,973,440
control,2314,746
control,2226,679
control,1973,618
control,176,106
control,715,369
control,1431,566
control,1393,619
control,920,437
control,1467,556
control,2814,796
control,1368,519
control,1402,547
control,3940,717
control,3138,935
control,1241,509
control,1697,539
control,1025,451
control,1161,423
control,528,295
control,901,503
control,1464,538
control,1942,583
control,1272,566
control,310,164
control,813,465
control,809,437
control,1046,495
control,3316,991
control,762,488
control,3072,866
control,376,220
control,1580,646
control,1522,537
control,1252,529
control,1479,467
control,1379,491
control,902,552
control,875,394
control,230,117
control,1174,443
control,1005,444
control,645,357
control,1365,578
control,764,444
control,1321,489
control,2348,743
control,1005,432
control,1247,497
control,3641,985
control,1120,450
control,573,377
control,1351,464
control,1255,458
control,4518,1278
control,1127,509
control,2910,1090
control,1085,437
control,1478,671
control,1307,488
control,952,452
control,915,484
control,1963,619
control,1163,504
control,3484,1164
control,3685,1034
control,2503,1024
control,2874,993
control,626,335
control,4095,1392
control,1459,547
control,831,433
control,1792,825
control,467,249
control,1448,566
control,3305,1009
control,2172,682
control,2512,845
control,1738,588
control,3781,1228
control,1971,628
control,367,210
control,1084,479
control,1236,492
control,1156,502
control,3093,1037
control,820,476
control,1043,503
control,1053,483
control,1638,529
control,846,420
control,1258,520
control,834,418
control,1294,466
control,885,461
control,1892,669
control,2486,829
control,860,372
control,2656,852
control,969,488
control,2715,679
control,1660,632
control,425,248
control,802,432
control,1119,465
control,1723,658
control,1711,716
control,986,377
control,1212,511
control,240,168
control,837,487
control,1229,464
control,1173,496
control,1574,778
control,1088,589
control,2367,590
control,3258,1032
control,1527,496
control,1341,544
control,1694,648
control,1695,753
control,1632,715
control,1900,814
control,2934,990
control,1139,479
control,1773,713
control,2843,875
control,1672,538
control,777,382
control,978,464
control,272,148
control,3054,927
control,145,101
control,1188,540
control,973,410
control,922,505
control,1045,503
control,2778,830
control,2016,819
control,3721,992
control,2585,718
control,1951,603
control,3779,1100
control,1098,485
control,1172,588
control,1273,484
control,5814,1415
control,2549,925
control,1207,519
control,2787,919
control,1279,508
control,2664,783
control,1268,428
control,1413,629
control,1047,448
control,1717,651
control,1723,642
control,1065,536
control,4193,1319
control,1167,520
control,3496,1050
control,2813,876
control,1279,506
control,1918,571
control,1195,582
control,1139,433
control,1257,467
control,1543,578
control,700,359
control,1004,436
control,1347,548
control,1047,435
control,2384,703
control,1933,720
control,1348,456
control,2122,702
control,2793,755
control,1232,451
control,1534,595
control,1876,812
control,1050,499
control,1101,409
control,684,451
control,1093,427
control,1223,562
control,1413,635
control,2325,607
control,522,336
control,2601,1010
control,1748,554
control,1558,716
control,4809,1284
control,635,324
control,2694,892
control,928,572
control,1769,778
control,1590,468
control,865,458
control,2060,572
control,1309,595
control,859,451
control,652,347
control,1922,758
control,2365,833
control,933,506
control,2483,783
control,448,288
control,341,131
control,2046,679
control,1091,575
control,3568,1087
control,233,133
control,179,113
control,1656,649
control,1861,705
control,778,305
control,1413,520
control,4532,1089
control,580,265
control,567,271
control,2418,834
control,1232,502
control,3785,1131
control,1803,612
control,1603,546
control,546,322
control,1425,592
control,1238,484
control,796,392
control,793,368
control,901,466
control,3093,1074
control,787,358
control,2586,757
control,1535,513
control,1541,638
control,1321,525
control,5260,1464
control,1218,431
control,1485,556
control,301,202
control,1186,465
control,2021,638
control,672,281
control,1676,597
control,1923,671
control,226,166
control,5941,1507
control,947,395
control,3678,872
control,1105,557
control,1516,593
control,1197,465
control,552,259
control,156,109
control,721,387
control,4876,1210
control,1961,759
control,1493,550
control,552,318
control,1271,670
control,3290,869
control,2171,835
control,1453,758
control,1784,662
control,1989,707
control,1458,567
control,496,330
control,3318,1027
control,950,495
control,3898,1227
control,1360,521
control,1384,636
control,1343,532
control,1549,562
control,3254,975
control,1100,443
control,1284,574
control,5586,1256
control,2634,877
control,827,366
control,1288,521
control,3637,867
control,785,339
control,1361,732
control,1270,488
control,1480,609
control,1506,594
control,2006,832
control,2133,827
control,968,430
control,1582,575
control,3003,856
control,1387,535
control,433,275
control,3592,941
control,1003,430
control,1232,449
control,1248,479
control,1531,514
control,2305,862
control,1094,536
control,1397,450
control,1842,802
control,1201,641
control,1025,455
control,1847,679
control,1100,456
control,3264,1033
control,6040,1385
control,622,361
control,4478,1560
control,571,287
control,3520,973
control,869,356
control,538,304
control,487,183
control,421,224
control,689,398
control,1391,458
control,1280,537
control,859,414
control,649,399
control,1051,460
control,640,348
control,3145,994
control,949,428
control,667,272
control,3176,858
control,894,462
control,1252,458
control,3284,959
control,2632,758
control,3523,939
control,221,128
control,1385,552
control,1437,652
control,1176,416
control,1600,520
control,2936,887
control,1018,447
control,1979,638
control,1344,512
control,1877,748
control,1476,564
control,749,470
control,1344,523
control,1258,512
control,974,358
control,1581,566
control,3369,1022
control,1330,471
control,751,347
control,1519,728
control,1236,521
control,825,508
control,998,354
control,1306,518
control,1772,802
control,2306,754
control,1039,547
control,2806,1091
control,421,152
control,1016,501
control,1238,498
control,1184,475
control,1299,491
control,1457,592
control,2004,579
control,1092,458
control,704,361
control,1165,443
control,3149,847
control,1277,427
control,1816,591
control,3159,745
control,379,197
control,2052,723
control,727,406
control,942,530
control,4116,1047
control,6553,959
control,2541,953
control,2896,853
control,2179,700
control,1717,700
control,3715,1090
control,431,282
control,2566,950
control,606,375
control,1316,555
control,1760,622
control,1617,586
control,3606,1177
control,902,439
control,366,219
control,2999,989
control,975,486
control,1965,652
control,1205,454
control,1477,447
control,851,451
control,1051,433
control,1740,716
control,889,329
control,2172,651
control,1506,607
control,1183,363
control,3719,1168
control,1038,288
control,1306,614
control,1064,403
control,3001,982
control,613,308
control,1110,509
control,1191,541
control,797,397
control,3423,1138
control,1700,605
control,1164,492
control,906,416
control,4541,1148
control,1201,578
control,2026,684
control,1534,456
control,766,331
control,1291,557
control,787,449
control,1665,671
control,2909,1111
control,2047,737
control,1116,472
control,539,314
control,1120,474
control,1622,600
control,1956,714
control,1261,530
control,2342,1186
control,1455,543
control,1297,527
control,2355,814
control,1209,554
control,1643,606
control,1449,538
control,1386,506
control,1158,415
control,1928,652
control,1052,527
control,3301,940
control,1125,504
control,5119,1482
control,320,118
control,1141,479
control,1372,440
control,4364,1157
control,1187,457
control,4472,1335
control,2741,956
control,674,320
control,1155,523
control,5968,1393
control,1104,412
control,709,432
control,2097,637
control,852,429
control,812,387
control,3187,839
control,3815,1128
control,1554,510
control,771,385
control,1745,731
control,956,441
control,1210,510
control,797,487
control,1233,548
control,314,184
control,2485,712
control,1407,504
control,2114,810
control,1424,707
control,1258,520
control,1201,473
control,1349,552
control,2318,689
control,1486,546
control,1369,548
control,2221,841
control,1598,576
control,1943,747
control,3543,958
control,2163,895
control,1463,589
control,955,401
control,988,409
control,1743,595
control,916,463
control,1178,561
control,2333,719
control,3661,1125
control,2055,870
control,3360,848
control,926,409
control,1034,452
control,923,420
control,1223,494
control,222,129
control,2183,786
control,1152,629
control,1214,504
control,688,369
control,1090,604
control,1617,667
control,1700,550
control,2203,884
control,1154,441
control,943,410
control,953,449
control,767,400
control,854,486
control,841,344
control,1210,421
control,1294,544
control,1333,464
control,4117,1243
control,1225,557
control,1212,548
control,4137,1220
control,1780,799
control,769,425
control,1163,429
control,1584,559
control,376,243
control,1397,532
control,1157,455
control,1144,461
control,766,377
control,1584,542
control,2234,843
control,2352,912
control,552,264
control,1499,620
control,1197,502
control,3128,879
control,950,417
control,137,103
control,890,500
control,988,385
control,2175,632
control,3239,808
control,626,289
control,3569,920
control,3102,823
control,1051,576
control,2666,880
control,715,324
control,2938,901
control,1166,463
control,1776,613
control,459,280
control,299,186
control,1234,448
control,831,368
control,1344,543
control,1802,612
control,1279,525
control,2280,795
control,1485,678
control,961,441
control,1006,430
control,758,417
control,1180,556
control,868,480
control,1580,795
control,1421,728
control,1789,554
control,2184,685
control,751,351
control,1532,638
control,508,207
control,1463,559
control,3259,1054
control,1768,690
control,1061,460
control,1011,617
control,891,557
control,2336,636
control,2514,832
control,215,111
control,1442,523
control,1133,538
control,2966,1100
control,1187,483
control,1388,579
control,1162,490
control,961,399
control,2988,928
control,546,380
control,663,397
control,216,157
control,1275,657
control,1681,667
control,1155,514
control,2993,838
control,1066,460
control,660,311
control,2279,817
control,1076,494
control,1258,463
control,1476,598
control,1058,488
control,173,111
control,1477,583
control,1450,491
control,1580,489
control,1324,543
control,1545,637
control,255,193
control,1341,569
control,1192,549
control,2022,739
control,2719,920
control,772,365
control,842,442
control,1257,595
control,1157,520
control,1552,617
control,1201,634
control,2988,870
control,2641,876
control,1247,537
control,1458,597
control,1408,532
control,962,407
control,1649,622
control,792,450
control,978,425
control,3729,1210
control,998,345
control,1793,544
control,1137,620
control,1916,672
control,816,472
control,3698,1414
control,573,306
control,2521,844
control,990,363
control,1285,630
control,1751,590
control,839,436
control,400,266
control,1209,679
control,2147,764
control,1576,736
control,899,476
control,1310,586
control,1836,749
control,1167,546
control,933,449
control,1587,713
control,717,327
control,3208,1127
control,3843,1152
control,1163,459
control,684,330
control,2695,758
control,1974,546
control,532,272
control,1436,521
control,1212,571
control,3900,1122
control,2574,895
control,1320,505
control,2937,974
control,886,429
control,1279,525
control,3751,1110
control,4054,1209
control,2035,605
control,1281,457
control,446,233
control,3261,827
control,2138,604
control,3765,1196
control,2178,822
control,3315,1023
control,630,296
control,2295,810
control,2858,833
control,742,374
control,1189,473
control,2704,893
control,1931,843
control,983,526
control,1644,735
control,2493,720
control,1680,779
control,1177,446
control,446,231
control,1441,534
control,1213,543
control,1171,513
control,1151,555
control,1218,466
control,832,472
control,1693,593
control,1559,574
control,768,392
control,2654,947
control,246,105
control,1387,677
control,1350,625
control,1300,483
control,873,401
control,2356,710
control,1662,699
control,1383,514
control,2192,945
control,1071,474
control,1135,457
control,1359,591
control,1048,489
control,3169,946
control,4520,1138
control,1509,529
control,2405,798
control,1849,769
control,1377,561
control,1103,462
control,1139,572
control,1567,609
control,2220,743
control,842,390
control,1152,487
control,1369,529
control,1350,474
control,1156,532
control,4180,1211
control,1197,486
control,1523,536
control,750,393
control,904,415
control,728,258
control,2441,658
control,662,367
control,843,343
control,2281,767
control,684,270
control,2543,1069
control,2464,759
control,593,309
control,1460,505
control,920,429
control,4372,1249
control,1240,566
control,840,485
control,1707,550
control,1685,693
control,1258,579
control,2367,729
control,791,343
control,934,430
control,1020,452
control,2092,769
control,1333,581
control,935,520
control,1291,564
control,925,499
control,3602,849
control,1211,609
control,984,470
control,2338,836
control,3019,1273
control,1358,461
control,2183,733
control,383,269
control,1252,583
control,530,342
control,1342,432
control,4217,1212
control,1195,524
control,1420,614
control,1081,457
control,3515,1117
control,1023,456
control,2567,852
control,2010,582
control,1356,596
control,1982,657
control,3616,1098
control,3316,929
control,1115,447
control,970,413
control,1297,527
control,1366,546
control,1169,520
control,1293,546
control,2672,865
control,857,368
control,1299,427
control,1227,499
control,1670,622
control,219,129
control,3158,966
control,4084,1084
control,1990,791
control,695,348
control,1816,787
control,1050,434
control,3819,1119
control,1302,500
control,1092,476
control,976,537
control,465,271
control,963,500
control,1527,566
control,2526,849
control,926,391
control,501,316
control,2138,690
control,4542,1272
control,1570,648
control,806,402
control,966,415
control,4735,1263
control,974,355
control,2544,789
control,1187,377
control,3518,920
control,2255,596
control,1530,655
control,2630,781
control,1242,483
control,215,124
control,3200,875
control,1364,505
control,2752,740
control,1602,607
control,4607,1320
control,937,377
control,2101,765
control,1007,479
control,2464,817
control,2276,878
control,1274,442
control,414,267
control,3174,1003
control,897,472
control,1614,621
control,1224,473
control,1048,451
control,481,213
control,1495,534
control,1028,481
control,1300,508
control,1619,571
control,1980,699
control,1251,705
control,1449,572
control,1918,691
control,749,513
control,3066,896
control,2031,711
control,1014,475
control,1606,731
control,1771,716
control,962,475
control,2182,792
control,3218,893
control,728,352
control,2752,988
control,3665,1061
control,2450,863
control,684,343
control,1037,450
control,4331,1319
control,2405,781
control,1208,517
control,2788,818
control,1765,590
control,974,442
control,937,406
control,3318,1057
control,1998,628
control,669,258
control,1063,509
control,1197,474
control,4997,1215
control,1585,582
control,995,430
control,809,482
control,1127,444
control,1445,509
control,1364,504
control,1245,506
control,897,422
control,769,433
control,1431,597
control,3238,1084
control,1028,501
control,530,295
control,413,214
control,1590,501
control,965,432
control,1365,737
control,3537,1107
control,2057,879
control,567,312
control,2223,749
control,1784,686
control,659,371
control,701,462
control,1523,525
control,944,392
control,1480,556
control,352,197
control,1569,588
control,2160,883
control,238,114
control,958,521
control,182,107
control,1826,588
control,878,408
control,2054,665
control,2702,927
control,5009,1263
control,2702,1085
control,891,474
control,647,413
control,1389,651
control,1423,529
control,1317,483
control,1638,522
control,3612,1186
control,1145,461
control,977,421
control,2641,955
control,897,367
control,1221,452
control,2295,780
control,1590,532
control,844,402
control,514,263
control,1656,556
control,1489,577
control,2882,926
control,566,357
control,683,423
control,1174,584
control,1122,507
control,1643,503
control,4104,1181
control,1655,558
control,1537,753
control,663,358
control,739,381
control,1408,531
control,3914,1074
control,1083,484
control,1179,457
control,1931,766
control,1341,613
control,2227,671
control,594,344
control,2697,843
control,857,438
control,307,173
control,3839,1039
control,895,429
control,1063,558
control,1008,552
control,1174,542
control,1667,580
control,577,304
control,1381,548
control,479,272
control,1669,571
control,212,112
control,1282,582
control,1917,925
control,435,213
control,3781,1015
control,1675,575
control,1007,497
control,541,319
control,689,311
control,2322,676
control,1368,534
control,851,448
control,610,306
control,2437,766
control,1089,450
control,1242,450
control,1777,632
control,2302,800
control,1026,430
control,869,413
control,838,414
control,944,440
control,658,376
control,1386,642
control,1092,440
control,1045,387
control,893,473
control,435,230
control,1175,442
control,910,442
control,975,513
control,1707,517
control,811,396
control,3679,1070
control,5331,1404
control,5779,1442
control,2114,669
control,664,373
control,2620,939
control,1098,646
control,1737,593
control,1211,488
control,1565,651
control,2440,830
control,1087,640
control,2936,968
control,1319,508
control,654,449
control,1725,705
control,839,414
control,1008,495
control,2717,871
control,1082,525
control,1045,474
control,1153,531
control,1057,400
control,1375,516
control,3788,1035
control,2077,697
control,810,409
control,3489,1117
control,1109,428
control,352,133
control,1636,697
control,2610,955
control,1563,813
control,1010,452
control,1011,401
control,1716,510
control,1488,561
control,3726,1009
control,2904,763
control,732,396
control,1906,686
control,1407,470
control,3030,1047
control,1013,475
control,2204,872
control,1205,489
control,4235,1405
control,3150,1022
control,498,234
control,1208,443
control,842,445
control,3121,961
control,1098,584
control,1361,499
control,598,349
control,480,244
control,4486,1328
control,1058,520
control,454,274
control,1284,573
control,804,326
control,1021,423
control,1700,562
control,1389,530
control,1238,526
control,963,410
control,1202,504
control,1978,703
control,980,436
control,1480,444
control,3345,905
control,314,188
control,2064,624
control,1535,606
control,1554,494
control,3503,1011
control,4941,1620
control,1004,460
control,1412,540
control,822,399
control,1586,532
control,3332,930
control,1023,439
control,1187,496
control,2848,943
control,4379,1346
control,1373,661
control,2242,885
control,3459,888
control,2308,845
control,5882,1440
control,857,476
control,1050,472
control,1238,491
control,608,382
control,1234,673
control,975,448
control,461,216
control,937,449
control,1534,697
control,2021,780
control,1727,641
control,685,373
control,3005,980
control,315,177
control,1304,560
control,1540,531
control,569,337
control,1410,503
control,1317,543
control,3812,1395
control,1661,647
control,297,145
control,899,451
control,2870,840
control,2862,868
control,1483,539
control,2372,698
control,972,414
control,1363,504
control,768,383
control,4090,1403
control,2335,700
control,1243,479
control,1013,552
control,860,368
control,797,364
control,2897,937
control,1498,620
control,1436,746
control,1462,546
control,788,513
control,3587,1134
control,1323,502
control,2019,600
control,1464,598
control,919,410
control,728,370
control,1443,510
control,906,435
control,2540,689
control,3463,992
control,1567,587
control,1677,598
control,734,399
control,1258,597
control,1299,645
control,3926,1495
control,1147,467
control,1425,532
control,3108,980
control,944,449
control,973,453
control,261,142
control,437,297
control,1938,973
control,1107,582
control,3128,548
control,1759,623
control,2061,884
control,1660,654
control,1734,621
control,1345,540
control,1956,782
control,1084,413
control,2622,937
control,1441,510
control,470,291
control,929,518
control,1389,500
control,1326,479
control,1462,620
control,1262,584
control,1579,656
control,855,394
control,1191,514
control,549,273
control,1099,420
control,2712,845
control,1672,558
control,1097,455
control,1507,694
control,1545,588
control,734,382
control,2159,910
control,1283,433
control,1139,495
control,541,313
control,350,214
control,1053,467
control,909,428
control,897,485
control,2402,704
control,1768,693
control,1129,507
control,1168,471
control,951,470
control,3789,1117
control,931,413
control,1549,576
control,890,485
control,1032,436
control,1142,473
control,1268,532
control,2765,713
control,950,479
control,836,410
control,1051,512
control,844,481
control,1526,643
control,3731,1222
control,375,151
control,2819,840
control,899,444
control,1467,456
control,1664,708
control,1580,573
control,2731,762
control,4381,1115
control,1015,440
control,3119,1180
control,1083,484
control,2292,693
control,2234,794
control,1263,570
control,435,245
control,1486,590
control,1365,496
control,970,487
control,1182,520
control,1071,472
control,1888,658
control,830,409
control,827,464
control,1161,463
control,3348,860
control,1178,432
control,1089,452
control,833,485
control,3400,1021
control,1683,620
control,1136,443
control,1206,514
control,1199,459
control,4239,1302
control,1579,507
control,1019,538
control,2827,1024
control,2136,713
control,983,390
control,1840,727
control,991,395
control,596,294
control,1739,620
control,999,377
control,476,264
control,2583,946
control,2103,665
control,1372,512
control,536,312
control,3375,910
control,1087,607
control,3888,1149
control,1506,540
control,1240,448
control,1245,442
control,1129,427
control,4150,1395
control,1371,596
control,877,413
control,454,283
control,1255,454
control,2489,921
control,3148,846
control,1583,577
control,1174,446
control,1070,390
control,988,494
control,1191,476
control,2579,804
control,2254,761
control,715,353
control,1650,706
control,1362,638
control,942,411
control,4164,1059
control,1286,555
control,1355,534
control,1219,553
control,1164,485
control,1801,838
control,618,343
control,1147,414
control,2788,1016
control,1280,437
control,1142,475
control,936,516
control,1201,541
control,772,377
control,2643,749
control,718,364
control,1447,861
control,1170,435
control,4466,1177
control,4219,1216
control,1525,507
control,2661,737
control,1932,613
control,855,407
control,1836,643
control,1147,495
control,1392,563
control,1111,459
control,1127,623
control,1872,665
control,1077,414
control,1191,500
control,2047,700
control,1398,547
control,1742,643
control,867,368
control,2152,900
control,219,110
control,2498,1118
control,848,415
control,3065,931
control,1027,409
control,790,394
control,4007,1195
control,2447,806
control,1293,526
control,2843,753
control,2421,754
control,1274,475
control,1233,455
control,1223,486
control,1022,338
control,808,396
control,1777,656
control,4394,1048
control,2296,721
control,993,426
control,594,321
control,1310,555
control,2825,890
control,1916,592
control,2758,879
control,285,134
control,1401,611
control,1089,444
control,1004,530
control,1389,464
control,277,156
control,2362,798
control,1041,533
control,957,469
control,1936,632
control,2072,752
control,422,243
control,1168,470
control,1175,492
control,1128,444
control,1382,577
control,1132,476
control,2130,868
control,426,233
control,3011,1021
control,3399,1029
control,646,262
control,1256,500
control,1587,588
control,1368,559
control,860,453
control,1061,500
control,2316,848
control,1909,690
control,1152,444
control,1325,453
control,662,330
control,1088,452
control,1496,530
control,2520,909
control,2409,740
control,2301,757
control,954,433
control,3747,1409
control,1739,624
control,1064,486
control,3982,1217
control,946,449
control,726,464
control,1101,526
control,1678,508
control,985,361
control,2501,767
control,1860,787
control,2292,824
control,902,430
control,1128,458
control,3565,1157
control,824,371
control,602,297
control,773,482
control,1288,528
control,448,234
control,950,448
control,3314,905
control,1692,562
control,1323,478
control,1792,877
control,1299,571
control,1145,514
control,208,159
control,1398,505
control,1959,660
control,1499,521
control,3754,1237
control,916,512
control,1306,484
control,854,427
control,1261,542
control,1597,507
control,2912,896
control,2456,771
control,2986,1098
control,2145,825
control,1419,592
control,760,431
control,1050,474
control,380,233
control,1449,506
control,677,374
control,1589,570
control,1165,409
control,1458,600
control,2130,614
control,765,329
control,971,380
control,1014,458
control,1188,557
control,1589,639
control,1384,596
control,1129,411
control,1880,581
control,1229,449
control,1620,555
control,1537,552
control,1162,389
control,2481,827
control,1629,523
control,888,342
control,1431,592
control,1067,453
control,1160,576
control,878,365
control,5788,1779
control,748,409
control,1930,639
control,1319,446
control,959,336
control,1192,533
control,550,295
control,3188,1225
control,2010,786
control,1588,513
control,1302,512
control,2147,746
control,1309,711
control,3242,921
control,745,375
control,1027,476
control,2198,712
control,449,236
control,873,439
control,2703,875
control,2433,651
control,2496,803
control,2579,810
control,1439,581
control,420,220
control,1067,564
control,1898,699
control,766,381
control,681,263
control,1396,661
control,604,384
control,4045,992
control,879,455
control,1346,498
control,938,383
control,1352,534
control,380,223
control,3321,1140
control,705,350
control,137,106
control,2675,909
control,1400,548
control,1094,493
control,775,350
control,1257,449
control,1978,650
control,2492,759
control,1909,608
control,1251,590
control,5735,1685
control,979,443
control,2055,641
control,774,410
control,856,404
control,815,433
control,1910,771
control,1120,360
control,3300,971
control,990,463
control,1480,533
control,1157,466
control,2138,679
control,3598,834
control,1525,471
control,817,374
control,784,335
control,1073,488
control,2436,707
control,970,461
control,4000,1186
control,777,467
control,1741,634
control,1303,567
control,651,407
control,822,451
control,1751,605
control,2247,1009
control,1787,710
control,1363,639
control,1764,681
control,1093,423
control,1472,537
control,1368,515
control,1140,487
control,895,406
control,1818,665
control,1613,746
control,849,400
control,981,443
control,3688,1142
control,1596,566
control,2797,853
control,3930,1169
control,2991,1077
control,782,371
control,1646,671
control,1224,492
control,1549,569
control,1045,523
control,1226,516
control,760,461
control,992,422
control,1336,607
control,2813,895
control,2638,864
control,483,259
control,1057,420
control,922,432
control,1086,516
control,1068,508
control,1389,592
control,2997,833
control,656,328
control,1444,623
control,870,369
control,560,253
control,759,463
control,1188,537
control,1438,598
control,1908,617
control,1965,605
control,2929,974
control,998,515
control,1657,661
control,914,374
control,244,111
control,2096,795
control,822,524
control,1431,535
control,2587,817
control,3115,1013
control,1524,590
control,2781,890
control,4863,1235
control,1326,487
control,4284,1257
control,1332,659
control,698,343
control,3299,945
control,1128,424
control,1509,482
control,1942,618
control,1002,415
control,1282,500
control,992,487
control,1081,507
control,799,368
control,3415,981
control,576,318
control,1204,556
control,1366,527
control,979,527
control,1976,778
control,2023,648
control,4604,1168
control,1347,410
control,1058,471
control,973,559
control,1182,413
control,3670,1228
control,3241,971
control,957,488
control,820,426
control,1256,469
control,1057,473
control,1294,602
control,1285,443
control,674,339
control,796,346
control,941,470
control,740,360
control,489,297
control,1229,494
control,1089,432
control,3733,1151
control,1069,437
control,1491,531
control,1275,511
control,1112,494
control,566,340
control,599,323
control,956,466
control,252,145
control,1712,674
control,994,438
control,458,266
control,1179,486
control,1092,457
control,1643,619
control,881,378
control,741,386
control,985,412
control,1070,469
control,1495,519
control,3088,925
control,573,255
control,1492,571
control,1726,723
control,1252,494
control,569,231
control,1294,488
control,1097,505
control,1029,513
control,1794,630
control,996,455
control,543,225
control,850,418
control,994,460
control,511,294
control,3230,882
control,897,520
control,847,375
control,1089,583
control,2449,687
control,2633,813
control,905,376
control,2694,855
control,1513,633
control,1108,574
control,2386,958
control,1368,491
control,2731,832
control,1342,502
control,2952,894
control,3536,1091
control,279,207
control,2005,702
control,968,473
control,1393,514
control,1156,497
control,1054,453
control,974,502
control,2467,868
control,1458,583
control,998,306
control,3812,1179
control,994,363
control,1318,560
control,1520,668
control,1075,487
control,1162,466
control,3557,1088
control,1147,425
control,1122,474
control,919,445
control,3136,994
control,816,404
control,2198,797
control,1034,434
control,1179,498
control,1601,602
control,1008,564
control,1164,565
control,4413,1069
control,2991,907
control,2114,664
control,2552,1200
control,2511,865
control,3406,950
control,681,316
control,1200,463
control,838,453
control,1523,493
control,911,477
control,524,304
control,787,337
control,180,128
control,1255,496
control,1428,507
control,1016,441
control,1584,564
control,1254,457
control,2288,935
control,766,430
control,1338,489
control,1845,753
control,1105,311
control,922,369
control,1499,562
control,3704,1063
control,1449,604
control,4988,1409
control,1190,461
control,4549,1152
control,740,366
control,1073,462
control,1588,566
control,1949,567
control,852,451
control,287,184
control,919,383
control,5462,1345
control,675,340
control,1402,537
control,2274,733
control,1526,520
control,1082,455
control,416,288
control,547,271
control,3104,1086
control,1505,544
control,267,146
control,1080,403
control,1361,581
control,1315,492
control,719,339
control,2293,629
control,1144,437
control,1128,510
control,3719,1046
control,580,313
control,1215,455
control,1124,440
control,1844,660
control,563,312
control,1284,683
control,1081,433
control,1531,601
control,2430,771
control,1426,755
control,3641,1052
control,993,528
control,2961,927
control,1352,495
control,2417,732
control,2489,801
control,968,450
control,363,157
control,822,378
control,2723,780
control,894,354
control,1476,596
control,3502,1074
control,547,271
control,1095,481
control,1834,615
control,1175,635
control,1027,395
control,1062,440
control,1000,542
control,1095,423
control,2988,921
control,2859,996
control,2193,653
control,1122,492
control,2228,709
control,1223,579
control,830,419
control,2650,829
control,996,437
control,1189,527
control,1443,628
control,2516,755
control,6406,1734
control,518,240
control,932,357
control,1795,612
control,1414,577
control,2790,931
control,1279,587
control,4359,988
control,1393,513
control,727,444
control,700,333
control,2678,848
control,769,464
control,1204,456
control,1002,447
control,852,411
control,1524,690
control,2473,815
control,1301,573
control,3497,928
control,1096,514
control,1857,574
control,3197,897
control,3851,1025
control,876,388
control,1225,556
control,1345,496
control,986,355
control,1019,406
control,3562,1043
control,1039,411
control,1166,500
control,871,490
control,4944,1447
control,1618,595
control,329,147
control,1406,573
control,195,111
control,1197,543
control,1412,527
control,2733,907
control,3190,1160
control,3284,1070
control,1143,445
control,884,397
control,533,320
control,783,449
control,954,399
control,2630,924
control,748,365
control,1626,549
control,849,537
control,1941,647
control,2127,857
control,1342,566
control,974,433
control,921,462
control,3967,1136
control,2520,948
control,1525,500
control,2511,768
control,2604,860
control,1271,475
control,1492,480
control,1648,636
control,682,368
control,1503,581
control,1069,483
control,3135,1014
control,1188,469
control,879,443
control,1129,449
control,1951,678
control,1489,589
control,2243,779
control,2055,742
control,2266,768
control,4675,1254
control,690,375
control,627,369
control,971,454
control,1151,510
control,1057,602
control,672,435
control,524,283
control,3284,794
control,3725,1374
control,1026,478
control,1981,805
control,2089,663
control,1138,447
control,856,422
control,1444,447
control,1013,377
control,3721,1176
control,1310,607
control,925,375
control,1172,556
control,1847,659
control,1063,457
control,823,397
control,1181,407
control,202,122
control,3730,1044
control,1567,564
control,2130,673
control,758,394
control,1135,528
control,225,136
control,1218,436
control,3050,989
control,1282,511
control,1126,502
control,1634,594
control,1609,713
control,1039,483
control,1065,453
control,2248,974
control,1048,410
control,1324,645
control,798,449
control,207,107
control,1297,677
control,3582,1243
control,3498,1001
control,1130,573
control,4020,1138
control,724,407
control,965,492
control,3877,1215
control,1625,591
control,2476,859
control,689,360
control,2733,775
control,1699,637
control,947,345
control,1557,742
control,1092,455
control,1056,447
control,2075,609
control,1463,532
control,1448,512
control,532,295
control,1303,519
control,746,340
control,560,261
control,1015,513
control,664,361
control,1425,545
control,3146,850
control,1381,534
control,1414,562
control,3206,883
control,2807,821
control,1171,607
control,1108,527
control,1289,480
control,434,261
control,1351,472
control,790,382
control,304,186
control,1670,524
control,684,398
control,4466,1281
control,960,400
control,483,276
control,1134,478
control,4974,1348
control,1443,659
control,2810,820
control,911,417
control,1307,560
control,970,469
control,3452,891
control,1157,406
control,297,164
control,2070,798
control,1047,443
control,1227,461
control,1183,527
control,1828,537
control,1679,603
control,890,421
control,2466,813
control,5077,1374
control,3025,1098
control,1309,567
control,1359,529
control,3319,854
control,3157,954
control,811,357
control,3392,953
control,1031,488
control,1025,512
control,1217,544
control,1455,598
control,1253,519
control,2374,758
control,1529,754
control,999,459
control,1240,519
control,1293,545
control,1039,544
control,797,438
control,2880,715
control,2600,1040
control,837,430
control,910,463
control,552,330
control,3611,1173
control,1484,527
control,1076,601
control,784,414
control,1159,491
control,1203,498
control,851,481
control,804,400
control,3502,1125
control,3728,1053
control,1354,481
control,1114,446
control,1414,501
control,2578,916
control,905,475
control,3036,865
control,1041,493
control,1464,558
control,1700,610
control,2543,668
control,1400,516
control,1645,666
control,2652,889
control,1010,419
control,1856,621
control,2381,734
control,2804,873
control,734,312
control,2924,872
control,704,427
control,1360,540
control,1520,512
control,1804,656
control,1270,544
control,1201,457
control,1076,502
control,887,434
control,704,331
control,3324,1023
control,875,473
control,1783,786
control,1475,746
control,2269,766
control,1084,592
control,959,433
control,1638,706
control,884,555
control,1844,612
control,669,378
control,758,439
control,2731,775
control,937,519
control,1361,493
control,1302,529
control,2222,785
control,3132,1190
control,1988,502
control,1030,451
control,2614,877
control,182,117
control,874,408
control,1619,813
control,2289,772
control,1664,764
control,1790,778
control,1757,555
control,1115,431
control,509,374
control,878,412
control,1135,417
control,1419,490
control,1338,665
control,724,339
control,1070,461
control,2993,959
control,3431,938
control,1949,885
control,1896,612
control,1798,579
control,3707,1039
control,2579,759
control,1209,648
control,5623,520
control,910,574
control,2741,967
control,1912,756
control,2271,715
control,1191,586
control,1716,491
control,823,329
control,2849,1138
control,735,406
control,3043,898
control,1043,603
control,2302,783
control,1553,582
control,3055,1089
control,686,334
control,3270,1019
control,542,286
control,1035,484
control,957,376
control,1358,556
control,2229,675
control,2075,752
control,4852,1150
control,1336,608
control,1756,580
control,1127,595
control,1300,570
control,523,319
control,1077,471
control,815,346
control,1390,509
control,1054,488
control,1427,485
control,1195,577
control,1081,557
control,877,445
control,2707,906
control,1827,540
control,1323,547
control,1007,399
control,1280,572
control,5698,1472
control,1928,798
control,1531,727
control,2268,641
control,788,403
control,1510,512
control,1434,505
control,959,464
control,756,338
control,779,360
control,1244,522
control,948,478
control,1477,692
control,1291,459
control,2285,863
control,1619,576
control,1821,575
control,1326,640
control,754,404
control,1524,571
control,1797,695
control,448,241
control,6281,1794
control,1470,536
control,3336,950
control,405,268
control,603,304
control,762,351
control,826,365
control,1466,673
control,952,486
control,1436,613
control,828,456
control,5362,1841
control,1401,494
control,2585,808
control,910,408
control,1041,402
control,588,251
control,743,363
control,3464,1112
control,1499,550
control,957,440
control,2926,793
control,1141,437
control,1325,580
control,1065,447
control,1718,681
control,3831,1104
control,804,413
control,5587,1434
control,2238,822
control,1116,630
control,2375,754
control,2306,847
control,1065,502
control,1822,575
control,428,189
control,2752,874
control,1464,678
control,481,286
control,2929,806
control,658,380
control,1815,747
control,898,477
control,1274,543
control,1734,571
control,1101,553
control,3881,1134
control,1656,692
control,1848,605
control,1314,642
control,1375,525
control,884,388
control,749,441
control,1640,504
control,990,434
control,906,415
control,789,418
control,711,448
control,954,376
control,3141,992
control,1275,528
control,4466,1565
control,1283,630
control,1176,567
control,1858,688
control,1076,423
control,3855,620
control,2115,779
control,471,273
control,947,475
control,1586,468
control,1112,447
control,4177,1010
control,1453,548
control,725,434
control,816,377
control,796,373
control,1479,534
control,556,364
control,1222,495
control,1047,478
control,1174,395
control,3490,861
control,1447,685
control,1244,509
control,1042,547
control,531,286
control,1263,463
control,1138,553
control,618,323
control,874,439
control,2453,789
control,936,491
control,1582,593
control,1010,456
control,853,330
control,2115,879
control,1533,563
control,757,375
control,2629,905
control,1544,612
control,1034,453
control,182,116
control,3396,1031
control,920,573
control,1055,511
control,1073,426
control,846,412
control,501,283
control,1602,661
control,2034,661
control,2741,850
control,1544,560
control,2852,876
control,478,252
control,4226,1296
control,941,542
control,1782,605
control,4740,1241
control,1052,516
control,1123,477
control,878,415
control,1386,548
control,2306,792
control,1236,519
control,1239,489
control,1549,520
control,1271,442
control,839,357
control,1008,422
control,1276,517
control,1233,532
control,1016,403
control,960,467
control,1412,452
control,840,380
control,731,395
control,1510,605
control,976,408
control,1006,395
control,1530,592
control,1023,455
control,768,369
control,3341,1083
control,900,473
control,1085,426
control,583,276
control,996,476
control,1528,668
control,1089,552
control,1258,548
control,1205,492
control,1416,508
control,671,276
control,879,407
control,1298,570
control,3962,1027
control,3092,873
control,1567,661
control,4787,1294
control,2472,703
control,2571,894
control,3455,932
control,915,415
control,1037,360
control,887,439
control,1681,589
control,1284,408
control,3591,1168
control,1883,573
control,1637,548
control,1428,525
control,1374,490
control,1271,525
control,1329,508
control,647,338
control,661,319
control,1229,489
control,381,225
control,1405,613
control,902,447
control,1245,596
control,1157,459
control,342,213
control,1186,495
control,853,393
control,1034,419
control,1181,432
control,1162,663
control,1851,689
control,1350,553
control,3776,921
control,3286,918
control,2242,815
control,1069,426
control,741,313
control,1091,582
control,833,346
control,224,153
control,1195,521
control,893,416
control,659,293
control,2023,639
control,1169,557
control,1841,577
control,3101,915
control,774,394
control,958,464
control,618,285
control,3583,1104
control,2999,937
control,776,340
control,1512,642
control,1126,513
control,287,167
control,1315,560
control,2794,962
control,1032,399
control,797,352
control,1004,453
control,2671,867
control,1711,646
control,950,476
control,990,491
control,438,281
control,2119,610
control,947,356
control,1073,506
control,1233,500
control,1073,495
control,1592,614
control,1969,660
control,2116,781
control,1009,473
control,1008,488
control,942,432
control,1735,745
control,1809,539
control,1369,539
control,807,523
control,1141,441
control,1318,558
control,2000,602
control,973,468
control,333,152
control,2651,781
control,1091,529
control,616,256
control,1542,622
control,1573,594
control,808,416
control,1172,511
control,2678,840
control,1092,434
control,4131,1241
control,2505,831
control,1165,515
control,1133,633
control,490,297
control,961,462
control,2344,790
control,4160,1344
control,1549,513
control,755,357
control,1352,489
control,2585,860
control,2522,901
control,886,427
control,1190,557
control,1223,559
control,1075,462
control,2119,631
control,1765,548
control,485,277
control,456,217
control,1203,484
control,1360,527
control,3133,1033
control,1755,560
control,1360,566
control,1104,571
control,1456,526
control,2264,790
control,1540,725
control,1106,468
control,3035,918
control,1058,479
control,1636,768
control,2511,807
control,1949,582
control,1078,406
control,2524,773
control,2070,747
control,2375,665
control,480,265
control,1385,498
control,1303,476
control,875,394
control,3237,978
control,3174,930
control,282,113
control,898,450
control,3562,970
control,1127,467
control,1401,576
control,2190,688
control,1174,505
control,3089,848
control,2149,815
control,938,387
control,2125,633
control,1030,512
control,1342,513
control,1027,505
control,3096,876
control,1625,600
control,1157,560
control,497,233
control,476,246
control,1289,480
control,1042,535
control,1204,458
control,638,358
control,2577,887
control,1527,532
control,1138,543
control,1093,522
control,833,405
control,2333,692
control,1081,543
control,1128,495
control,678,351
control,732,346
control,679,322
control,999,450
control,512,234
control,2142,985
control,992,509
control,2051,743
control,1884,580
control,891,493
control,2220,635
control,1459,541
control,3165,1154
control,1078,465
control,752,355
control,1018,483
control,1923,654
control,1130,457
control,3096,1009
control,2694,921
control,2554,845
control,1355,465
control,3919,1245
control,1422,499
control,2293,829
control,1778,649
control,958,460
control,1512,567
control,3229,899
control,1135,491
control,1171,492
control,425,275
control,862,488
control,2743,782
control,1903,626
control,3141,1044
control,2147,859
control,3383,899
control,1114,466
control,3043,935
control,3208,992
control,3158,887
control,1735,620
control,842,395
control,3479,1085
control,1491,507
control,1182,487
control,860,479
control,1087,467
control,3576,1008
control,1535,632
control,761,430
control,1549,566
control,1912,596
control,916,492
control,1353,447
control,3745,1127
control,3466,1074
control,1322,500
control,967,428
control,508,274
control,1905,679
control,1588,678
control,2097,659
control,478,237
control,1491,548
control,3896,944
control,869,407
control,749,509
control,3766,1124
control,692,381
control,837,392
control,1242,445
control,6668,2119
control,1422,585
control,2055,487
control,1670,618
control,1990,713
control,732,368
control,1763,621
control,1365,670
control,2588,1097
control,3906,1129
control,393,225
control,1276,470
control,840,395
control,1187,495
control,817,383
control,1380,712
control,3173,775
control,591,331
control,2599,687
control,970,488
control,1400,567
control,2350,814
control,3186,1062
control,897,472
control,2901,983
control,2321,935
control,1281,525
control,1289,512
control,2251,639
control,1746,655
control,972,453
control,3888,1130
control,1525,623
control,2949,848
control,2109,796
control,495,340
control,818,418
control,1519,433
control,1270,532
control,4317,1056
control,1377,491
control,975,459
control,217,127
control,2791,838
control,988,438
control,866,423
control,1036,477
control,385,212
control,1867,642
control,1354,609
control,2831,902
control,297,209
control,1868,768
control,197,129
control,1232,550
control,270,158
control,1542,608
control,397,214
control,1438,561
control,1250,492
control,1298,447
control,3330,968
control,1753,717
control,879,454
control,1357,465
control,252,150
control,1204,465
control,1305,525
control,2685,994
control,1435,521
control,1022,494
control,1907,684
control,2580,847
control,533,305
control,3013,916
control,431,219
control,529,287
control,2777,899
control,1112,475
control,3426,966
control,832,254
control,1128,513
control,2697,764
control,1921,468
control,804,400
control,3627,1133
control,425,225
control,3455,982
control,1555,504
control,3004,1015
control,3394,1080
control,870,410
control,1228,503
control,3775,1162
control,1094,521
control,1990,640
control,1026,387
control,1997,755
control,3209,821
control,2737,831
control,874,384
control,771,430
control,1021,394
control,2333,653
control,3707,1265
control,668,314
control,1111,461
control,3560,1097
control,1852,521
control,1178,449
control,1820,598
control,834,395
control,1182,461
control,325,197
control,984,412
control,865,513
control,468,229
control,1523,555
control,942,500
control,1588,561
control,1685,594
control,3400,1092
control,1040,431
control,1089,438
control,2717,846
control,1075,521
control,3010,930
control,833,439
control,2418,790
control,1677,673
control,1615,526
control,4000,1111
control,2979,1028
control,1323,674
control,1071,458
control,2553,942
control,1764,600
control,717,371
control,1187,565
control,976,471
control,1405,765
control,2726,842
control,597,371
control,3388,962
control,716,323
control,1337,698
control,888,316
control,4573,985
control,971,441
control,4057,1008
control,1271,480
control,826,512
control,1839,622
control,1884,645
control,1093,599
control,1198,549
control,1374,477
control,770,446
control,1118,524
control,732,347
control,2927,843
control,555,279
control,489,267
control,2284,825
control,1794,674
control,3114,902
control,904,398
control,598,365
control,2298,773
control,1918,798
control,1263,542
control,2276,875
control,1096,491
control,725,309
control,1273,570
control,3089,950
control,806,386
control,434,240
control,1174,432
control,2551,702
control,1398,507
control,2584,913
control,1509,499
control,959,453
control,809,370
control,7146,1596
control,2514,944
control,1179,575
control,2059,701
control,1359,549
control,4746,1325
control,984,440
control,2027,722
control,2644,958
control,1557,585
control,889,501
control,1080,520
control,1415,556
control,995,366
control,1925,628
control,894,515
control,800,393
control,821,404
control,1657,621
control,1724,693
control,1265,518
control,1036,455
control,767,445
control,1047,425
control,1492,530
control,532,320
control,1384,558
control,709,345
control,1377,454
control,1534,504
control,2156,879
control,1909,620
control,973,437
control,2555,940
control,1335,445
control,2141,653
control,1112,462
control,2189,771
control,670,420
control,2621,919
control,1470,739
control,1223,534
control,1551,603
control,1238,593
control,748,397
control,1500,570
control,3291,899
control,840,412
control,2313,734
control,1458,553
control,972,462
control,1051,466
control,4244,1050
control,1859,777
control,2856,1090
control,1267,663
control,1845,822
control,631,245
control,1401,516
control,3733,1026
control,1284,601
control,1111,435
control,1155,452
control,1941,722
control,1999,680
control,1103,672
control,1381,603
control,2010,683
control,809,432
control,1490,534
control,1092,414
control,1063,484
control,2561,842
control,1464,494
control,903,484
control,1129,480
control,1626,686
control,810,462
control,3022,823
control,1073,422
control,1099,486
control,1190,452
control,979,414
control,873,471
control,1389,516
control,2303,753
control,1386,427
control,1250,531
control,1598,618
control,566,358
control,340,190
control,2958,850
control,562,286
control,1090,461
control,1631,548
control,538,317
control,506,310
control,817,362
control,591,341
control,924,464
control,1352,524
control,2452,882
control,993,478
control,1056,481
control,1958,646
control,1209,408
control,1308,460
control,1849,746
control,3389,811
control,1230,516
control,911,480
control,1532,540
control,1160,554
control,1668,658
control,1085,566
control,1528,551
control,651,307
control,546,356
control,1085,509
control,2026,705
control,1483,585
control,1482,600
control,1465,531
control,1136,438
control,894,487
control,4419,1087
control,750,396
control,1761,626
control,221,105
control,2519,850
control,1279,553
control,720,461
control,2866,961
control,2141,664
control,2852,782
control,1185,527
control,4551,1082
control,3754,1122
control,1187,498
control,876,463
control,1477,836
control,1008,462
control,1525,541
control,946,395
control,1405,580
control,1208,417
control,1830,719
control,592,397
control,1275,476
control,357,147
control,1800,687
control,1127,474
control,1139,552
control,2514,677
control,1237,527
control,1105,535
control,1258,475
control,817,368
control,1454,534
control,1857,599
control,2400,841
control,937,456
control,683,386
control,2490,667
control,3306,756
control,1919,710
control,933,371
control,1252,455
control,751,315
control,157,107
control,1318,490
control,5479,1410
control,1987,733
control,896,435
control,1354,580
control,877,427
control,2433,803
control,1236,437
control,1445,559
control,2685,744
control,3465,1032
control,758,354
control,1677,613
control,4631,1432
control,1433,599
control,669,404
control,1819,607
control,3114,970
control,1385,592
control,1151,486
control,288,195
control,1006,452
control,597,276
control,1127,434
control,1347,522
control,1377,587
control,7106,1770
control,1740,628
control,1061,443
control,845,502
control,1597,516
control,2034,735
control,1323,540
control,334,226
control,1191,561
control,856,355
control,1011,382
control,1418,503
control,749,398
control,1448,541
control,634,339
control,260,163
control,1225,483
control,922,492
control,1289,474
control,2627,811
control,1481,527
control,1099,510
control,225,149
control,657,328
control,1512,540
control,1358,534
control,1754,749
control,598,323
control,1463,610
control,1306,565
control,1060,392
control,4329,1243
control,1344,548
control,929,413
control,1214,665
control,1919,600
control,2678,850
control,3837,1116
control,2171,646
control,1054,428
control,376,172
control,2473,892
control,752,343
control,889,403
control,1326,543
control,1507,510
stim_treatment,1221,606
stim_treatment,1782,807
stim_treatment,1451,605
stim_treatment,1549,747
stim_treatment,1303,558
stim_treatment,5445,1330
stim_treatment,1473,604
stim_treatment,761,308
stim_treatment,802,351
stim_treatment,2230,580
stim_treatment,1159,476
stim_treatment,616,366
stim_treatment,1280,455
stim_treatment,891,449
stim_treatment,742,372
stim_treatment,2356,524
stim_treatment,2142,631
stim_treatment,749,360
stim_treatment,1330,396
stim_treatment,1324,538
stim_treatment,1350,586
stim_treatment,3364,796
stim_treatment,2022,649
stim_treatment,1165,668
stim_treatment,2429,1081
stim_treatment,1854,812
stim_treatment,3206,768
stim_treatment,3495,895
stim_treatment,1276,537
stim_treatment,849,456
stim_treatment,3071,911
stim_treatment,4383,1063
stim_treatment,2594,709
stim_treatment,894,378
stim_treatment,2130,549
stim_treatment,1496,672
stim_treatment,2997,945
stim_treatment,1636,608
stim_treatment,4392,1020
stim_treatment,1003,430
stim_treatment,261,161
stim_treatment,1031,467
stim_treatment,404,219
stim_treatment,891,488
stim_treatment,1050,457
stim_treatment,3455,907
stim_treatment,1297,492
stim_treatment,2295,734
stim_treatment,1638,486
stim_treatment,2367,905
stim_treatment,2298,806
stim_treatment,840,418
stim_treatment,3512,810
stim_treatment,414,191
stim_treatment,905,405
stim_treatment,2207,679
stim_treatment,2010,655
stim_treatment,1080,493
stim_treatment,3930,1103
stim_treatment,1898,699
stim_treatment,774,322
stim_treatment,987,464
stim_treatment,979,427
stim_treatment,755,373
stim_treatment,1101,440
stim_treatment,759,322
stim_treatment,1021,442
stim_treatment,280,156
stim_treatment,1227,632
stim_treatment,1368,494
stim_treatment,1263,469
stim_treatment,1312,493
stim_treatment,1478,592
stim_treatment,1820,814
stim_treatment,2807,784
stim_treatment,1049,475
stim_treatment,505,276
stim_treatment,2660,918
stim_treatment,2321,850
stim_treatment,5093,1203
stim_treatment,846,416
stim_treatment,2793,798
stim_treatment,824,398
stim_treatment,1327,522
stim_treatment,1848,677
stim_treatment,2082,697
stim_treatment,1748,601
stim_treatment,1833,657
stim_treatment,960,503
stim_treatment,929,463
stim_treatment,643,274
stim_treatment,809,350
stim_treatment,1175,632
stim_treatment,2428,942
stim_treatment,1314,522
stim_treatment,375,231
stim_treatment,691,401
stim_treatment,1032,458
stim_treatment,1133,566
stim_treatment,963,334
stim_treatment,877,370
stim_treatment,2739,1134
stim_treatment,688,337
stim_treatment,5174,1228
stim_treatment,991,434
stim_treatment,1830,816
stim_treatment,3146,967
stim_treatment,1004,501
stim_treatment,1712,596
stim_treatment,1147,547
stim_treatment,2424,574
stim_treatment,3870,961
stim_treatment,3910,1166
stim_treatment,3387,887
stim_treatment,988,486
stim_treatment,2499,819
stim_treatment,1817,658
stim_treatment,4867,1299
stim_treatment,350,205
stim_treatment,4562,1208
stim_treatment,3679,994
stim_treatment,689,296
stim_treatment,421,229
stim_treatment,1368,514
stim_treatment,880,384
stim_treatment,710,381
stim_treatment,1013,404
stim_treatment,2280,722
stim_treatment,1660,597
stim_treatment,2277,844
stim_treatment,979,495
stim_treatment,3485,1002
stim_treatment,2023,935
stim_treatment,2459,840
stim_treatment,2126,898
stim_treatment,1040,454
stim_treatment,1371,727
stim_treatment,213,144
stim_treatment,479,298
stim_treatment,580,315
stim_treatment,1385,476
stim_treatment,837,313
stim_treatment,2505,655
stim_treatment,1597,574
stim_treatment,1179,455
stim_treatment,1339,630
stim_treatment,780,424
stim_treatment,1310,533
stim_treatment,1262,500
stim_treatment,2534,933
stim_treatment,3125,950
stim_treatment,1987,932
stim_treatment,1227,581
stim_treatment,7042,1569
stim_treatment,1402,523
stim_treatment,1384,562
stim_treatment,1473,570
stim_treatment,1161,507
stim_treatment,1304,427
stim_treatment,1072,507
stim_treatment,1051,390
stim_treatment,1334,577
stim_treatment,1259,499
stim_treatment,611,275
stim_treatment,1168,525
stim_treatment,1009,371
stim_treatment,868,436
stim_treatment,1515,531
stim_treatment,1550,603
stim_treatment,3915,835
stim_treatment,283,130
stim_treatment,1714,778
stim_treatment,4470,969
stim_treatment,1428,576
stim_treatment,669,358
stim_treatment,898,418
stim_treatment,1392,712
stim_treatment,1592,705
stim_treatment,1317,564
stim_treatment,879,463
stim_treatment,1458,459
stim_treatment,2714,891
stim_treatment,4783,1149
stim_treatment,1287,527
stim_treatment,753,376
stim_treatment,1520,616
stim_treatment,1702,620
stim_treatment,734,346
stim_treatment,2027,732
stim_treatment,882,397
stim_treatment,365,209
stim_treatment,2732,712
stim_treatment,1939,736
stim_treatment,1424,587
stim_treatment,593,349
stim_treatment,450,167
stim_treatment,1022,449
stim_treatment,1103,402
stim_treatment,1390,534
stim_treatment,1069,506
stim_treatment,798,417
stim_treatment,1289,538
stim_treatment,1224,541
stim_treatment,653,377
stim_treatment,1137,536
stim_treatment,1309,589
stim_treatment,1423,598
stim_treatment,1039,538
stim_treatment,1117,482
stim_treatment,1933,531
stim_treatment,1956,616
stim_treatment,1260,461
stim_treatment,1453,599
stim_treatment,448,270
stim_treatment,1211,446
stim_treatment,741,378
stim_treatment,2237,796
stim_treatment,575,342
stim_treatment,1636,675
stim_treatment,983,481
stim_treatment,1384,536
stim_treatment,1389,613
stim_treatment,2728,892
stim_treatment,902,443
stim_treatment,1062,459
stim_treatment,395,246
stim_treatment,468,247
stim_treatment,1819,669
stim_treatment,773,360
stim_treatment,955,419
stim_treatment,2622,657
stim_treatment,3158,716
stim_treatment,3372,1316
stim_treatment,1279,459
stim_treatment,893,451
stim_treatment,526,270
stim_treatment,1337,553
stim_treatment,1360,543
stim_treatment,1916,698
stim_treatment,1672,751
stim_treatment,1424,588
stim_treatment,805,496
stim_treatment,1232,419
stim_treatment,589,289
stim_treatment,409,214
stim_treatment,1270,481
stim_treatment,1473,663
stim_treatment,971,386
stim_treatment,624,325
stim_treatment,610,321
stim_treatment,1357,507
stim_treatment,1244,364
stim_treatment,1073,441
stim_treatment,982,417
stim_treatment,957,465
stim_treatment,779,415
stim_treatment,1832,866
stim_treatment,2897,918
stim_treatment,511,289
stim_treatment,439,180
stim_treatment,1286,519
stim_treatment,2558,1028
stim_treatment,3173,744
stim_treatment,1445,772
stim_treatment,930,456
stim_treatment,1591,675
stim_treatment,2940,964
stim_treatment,1641,633
stim_treatment,3011,850
stim_treatment,1757,804
stim_treatment,529,292
stim_treatment,2138,703
stim_treatment,3209,897
stim_treatment,2992,835
stim_treatment,2800,636
stim_treatment,3602,953
stim_treatment,1796,706
stim_treatment,2711,472
stim_treatment,4358,1048
stim_treatment,2973,932
stim_treatment,553,273
stim_treatment,3551,1162
stim_treatment,1030,439
stim_treatment,1210,569
stim_treatment,1374,589
stim_treatment,1172,503
stim_treatment,1221,585
stim_treatment,1431,563
stim_treatment,948,460
stim_treatment,1938,615
stim_treatment,771,406
stim_treatment,1709,495
stim_treatment,1956,783
stim_treatment,1211,438
stim_treatment,1926,730
stim_treatment,1257,520
stim_treatment,2360,652
stim_treatment,1615,461
stim_treatment,293,125
stim_treatment,2170,806
stim_treatment,4696,1249
stim_treatment,765,492
stim_treatment,2647,770
stim_treatment,1165,463
stim_treatment,805,356
stim_treatment,308,170
stim_treatment,1424,542
stim_treatment,1115,497
stim_treatment,1354,518
stim_treatment,817,390
stim_treatment,463,189
stim_treatment,2433,849
stim_treatment,563,292
stim_treatment,1735,622
stim_treatment,1452,486
stim_treatment,795,449
stim_treatment,638,338
stim_treatment,1887,551
stim_treatment,2013,598
stim_treatment,4626,1208
stim_treatment,2000,700
stim_treatment,842,386
stim_treatment,4572,1210
stim_treatment,1581,567
stim_treatment,1174,524
stim_treatment,2294,728
stim_treatment,2384,663
stim_treatment,2682,744
stim_treatment,2929,1085
stim_treatment,5039,1104
stim_treatment,2379,750
stim_treatment,1594,621
stim_treatment,1141,520
stim_treatment,1116,676
stim_treatment,1049,472
stim_treatment,3155,933
stim_treatment,768,339
stim_treatment,1130,525
stim_treatment,900,453
stim_treatment,2644,718
stim_treatment,855,373
stim_treatment,1969,714
stim_treatment,1162,454
stim_treatment,698,453
stim_treatment,1772,712
stim_treatment,1168,530
stim_treatment,5139,1259
stim_treatment,1196,423
stim_treatment,2089,836
stim_treatment,1591,649
stim_treatment,3366,1036
stim_treatment,1434,647
stim_treatment,1377,489
stim_treatment,570,330
stim_treatment,1362,588
stim_treatment,932,427
stim_treatment,1439,573
stim_treatment,2673,861
stim_treatment,2095,892
stim_treatment,1731,560
stim_treatment,1128,471
stim_treatment,2129,684
stim_treatment,2888,913
stim_treatment,1209,660
stim_treatment,1607,500
stim_treatment,2690,848
stim_treatment,139,125
stim_treatment,6421,1873
stim_treatment,1000,432
stim_treatment,988,446
stim_treatment,1216,538
stim_treatment,1296,640
stim_treatment,1689,636
stim_treatment,885,360
stim_treatment,980,503
stim_treatment,4603,1153
stim_treatment,2402,941
stim_treatment,1087,471
stim_treatment,840,447
stim_treatment,1102,507
stim_treatment,778,347
stim_treatment,856,378
stim_treatment,4212,973
stim_treatment,734,344
stim_treatment,934,429
stim_treatment,2563,974
stim_treatment,1728,644
stim_treatment,1578,494
stim_treatment,1330,510
stim_treatment,2098,715
stim_treatment,723,340
stim_treatment,1046,469
stim_treatment,4593,1033
stim_treatment,3811,1112
stim_treatment,637,312
stim_treatment,418,211
stim_treatment,1525,565
stim_treatment,2527,671
stim_treatment,1674,616
stim_treatment,481,233
stim_treatment,2829,808
stim_treatment,1823,752
stim_treatment,1505,529
stim_treatment,525,275
stim_treatment,1107,496
stim_treatment,1863,672
stim_treatment,1199,629
stim_treatment,1036,524
stim_treatment,2439,899
stim_treatment,2242,849
stim_treatment,5191,1209
stim_treatment,2386,978
stim_treatment,3941,963
stim_treatment,2479,884
stim_treatment,800,464
stim_treatment,964,500
stim_treatment,795,389
stim_treatment,1605,591
stim_treatment,2243,768
stim_treatment,978,579
stim_treatment,363,203
stim_treatment,481,249
stim_treatment,2291,919
stim_treatment,2309,890
stim_treatment,633,365
stim_treatment,1632,627
stim_treatment,3158,875
stim_treatment,3564,1115
stim_treatment,2145,701
stim_treatment,769,343
stim_treatment,852,379
stim_treatment,1677,636
stim_treatment,1142,500
stim_treatment,4803,1147
stim_treatment,4465,1116
stim_treatment,733,395
stim_treatment,4179,959
stim_treatment,4400,1015
stim_treatment,1484,524
stim_treatment,342,211
stim_treatment,815,291
stim_treatment,2531,717
stim_treatment,1623,597
stim_treatment,2576,1009
stim_treatment,1479,550
stim_treatment,1748,693
stim_treatment,921,417
stim_treatment,2299,818
stim_treatment,1284,462
stim_treatment,1033,547
stim_treatment,1144,475
stim_treatment,1195,425
stim_treatment,847,416
stim_treatment,3434,811
stim_treatment,1412,472
stim_treatment,244,177
stim_treatment,854,457
stim_treatment,2551,783
stim_treatment,641,339
stim_treatment,2982,720
stim_treatment,1231,536
stim_treatment,2104,656
stim_treatment,823,353
stim_treatment,1052,483
stim_treatment,1168,495
stim_treatment,1948,535
stim_treatment,1584,570
stim_treatment,1744,688
stim_treatment,1557,554
stim_treatment,556,276
stim_treatment,2015,569
stim_treatment,855,411
stim_treatment,3852,970
stim_treatment,2077,824
stim_treatment,4299,1182
stim_treatment,1997,599
stim_treatment,4660,1072
stim_treatment,1345,502
stim_treatment,1563,594
stim_treatment,3134,973
stim_treatment,1123,408
stim_treatment,3165,1051
stim_treatment,1347,497
stim_treatment,1629,608
stim_treatment,1574,540
stim_treatment,1647,618
stim_treatment,860,426
stim_treatment,1471,538
stim_treatment,2515,478
stim_treatment,1566,643
stim_treatment,1351,597
stim_treatment,2476,706
stim_treatment,1773,592
stim_treatment,1408,465
stim_treatment,1616,539
stim_treatment,1039,404
stim_treatment,2136,928
stim_treatment,829,415
stim_treatment,3118,1007
stim_treatment,2004,761
stim_treatment,452,263
stim_treatment,816,405
stim_treatment,1002,542
stim_treatment,800,332
stim_treatment,1013,406
stim_treatment,262,192
stim_treatment,917,456
stim_treatment,1362,644
stim_treatment,1027,470
stim_treatment,1223,657
stim_treatment,1555,405
stim_treatment,736,465
stim_treatment,884,386
stim_treatment,1605,489
stim_treatment,1036,397
stim_treatment,1072,492
stim_treatment,1138,475
stim_treatment,1177,542
stim_treatment,3079,766
stim_treatment,827,526
stim_treatment,2955,944
stim_treatment,387,213
stim_treatment,858,401
stim_treatment,4020,1040
stim_treatment,1753,502
stim_treatment,2356,900
stim_treatment,268,162
stim_treatment,843,450
stim_treatment,1310,461
stim_treatment,877,400
stim_treatment,1589,634
stim_treatment,1883,559
stim_treatment,1082,452
stim_treatment,5326,1273
stim_treatment,3077,791
stim_treatment,300,130
stim_treatment,650,312
stim_treatment,3020,906
stim_treatment,2467,690
stim_treatment,1323,590
stim_treatment,1629,623
stim_treatment,2879,710
stim_treatment,1801,668
stim_treatment,1702,570
stim_treatment,1134,518
stim_treatment,3770,1104
stim_treatment,2382,851
stim_treatment,2554,904
stim_treatment,2066,696
stim_treatment,950,503
stim_treatment,1199,464
stim_treatment,2592,780
stim_treatment,2477,746
stim_treatment,5021,1079
stim_treatment,2419,872
stim_treatment,2299,935
stim_treatment,1191,560
stim_treatment,4680,1014
stim_treatment,3459,939
stim_treatment,1770,583
stim_treatment,3604,1010
stim_treatment,3520,1200
stim_treatment,1199,475
stim_treatment,1345,498
stim_treatment,959,422
stim_treatment,5111,1167
stim_treatment,1488,526
stim_treatment,788,407
stim_treatment,956,444
stim_treatment,937,518
stim_treatment,1138,568
stim_treatment,1035,531
stim_treatment,864,328
stim_treatment,2642,1025
stim_treatment,1910,557
stim_treatment,1112,474
stim_treatment,1003,444
stim_treatment,4387,1033
stim_treatment,1348,561
stim_treatment,1025,475
stim_treatment,2523,641
stim_treatment,2113,855
stim_treatment,4017,958
stim_treatment,2947,812
stim_treatment,1382,566
stim_treatment,1145,562
stim_treatment,1160,516
stim_treatment,1301,601
stim_treatment,1376,642
stim_treatment,1136,470
stim_treatment,1418,558
stim_treatment,633,269
stim_treatment,928,416
stim_treatment,1048,468
stim_treatment,1149,521
stim_treatment,2160,662
stim_treatment,3759,1039
stim_treatment,2649,764
stim_treatment,710,398
stim_treatment,1005,577
stim_treatment,1859,753
stim_treatment,531,252
stim_treatment,2806,795
stim_treatment,4994,1131
stim_treatment,1642,726
stim_treatment,2287,806
stim_treatment,1415,554
stim_treatment,2539,680
stim_treatment,750,318
stim_treatment,270,179
stim_treatment,1026,453
stim_treatment,1505,545
stim_treatment,548,283
stim_treatment,326,187
stim_treatment,905,441
stim_treatment,1737,617
stim_treatment,1090,479
stim_treatment,1041,485
stim_treatment,4523,1292
stim_treatment,1675,552
stim_treatment,2669,901
stim_treatment,1127,526
stim_treatment,1415,602
stim_treatment,1008,462
stim_treatment,1305,496
stim_treatment,2461,599
stim_treatment,561,290
stim_treatment,1293,490
stim_treatment,1375,525
stim_treatment,1041,500
stim_treatment,2890,741
stim_treatment,2792,830
stim_treatment,550,301
stim_treatment,977,521
stim_treatment,928,469
stim_treatment,928,503
stim_treatment,2920,728
stim_treatment,380,186
stim_treatment,1439,460
stim_treatment,756,385
stim_treatment,1277,493
stim_treatment,930,417
stim_treatment,582,273
stim_treatment,3017,843
stim_treatment,5118,1413
stim_treatment,1309,523
stim_treatment,2566,834
stim_treatment,1489,546
stim_treatment,967,415
stim_treatment,2514,674
stim_treatment,3953,1103
stim_treatment,1160,499
stim_treatment,1222,466
stim_treatment,191,107
stim_treatment,188,125
stim_treatment,4734,1359
stim_treatment,511,267
stim_treatment,185,110
stim_treatment,7407,1686
stim_treatment,1165,613
stim_treatment,3836,858
stim_treatment,718,274
stim_treatment,1391,612
stim_treatment,1623,728
stim_treatment,1389,609
stim_treatment,1270,492
stim_treatment,1447,525
stim_treatment,2011,800
stim_treatment,3615,947
stim_treatment,994,473
stim_treatment,954,455
stim_treatment,830,334
stim_treatment,2903,976
stim_treatment,919,499
stim_treatment,1039,450
stim_treatment,733,364
stim_treatment,1273,462
stim_treatment,1555,566
stim_treatment,1104,465
stim_treatment,670,282
stim_treatment,1003,458
stim_treatment,1328,536
stim_treatment,3012,1077
stim_treatment,4653,1278
stim_treatment,1294,504
stim_treatment,895,455
stim_treatment,1730,524
stim_treatment,3696,957
stim_treatment,3893,1121
stim_treatment,2627,1057
stim_treatment,1875,611
stim_treatment,1589,684
stim_treatment,1223,518
stim_treatment,1921,638
stim_treatment,1333,526
stim_treatment,1996,904
stim_treatment,690,386
stim_treatment,2867,685
stim_treatment,1312,613
stim_treatment,1260,591
stim_treatment,2380,905
stim_treatment,1472,691
stim_treatment,1386,547
stim_treatment,1655,612
stim_treatment,552,282
stim_treatment,1370,599
stim_treatment,1296,529
stim_treatment,771,377
stim_treatment,947,495
stim_treatment,1674,709
stim_treatment,496,281
stim_treatment,1301,530
stim_treatment,2646,868
stim_treatment,3815,1154
stim_treatment,2019,745
stim_treatment,1602,598
stim_treatment,1491,735
stim_treatment,762,395
stim_treatment,1036,448
stim_treatment,553,296
stim_treatment,1078,531
stim_treatment,724,407
stim_treatment,2562,741
stim_treatment,2091,529
stim_treatment,3076,823
stim_treatment,3830,685
stim_treatment,1250,502
stim_treatment,2427,667
stim_treatment,460,244
stim_treatment,1273,523
stim_treatment,1282,680
stim_treatment,684,305
stim_treatment,1107,447
stim_treatment,2125,769
stim_treatment,566,362
stim_treatment,791,407
stim_treatment,1645,620
stim_treatment,3921,1034
stim_treatment,920,470
stim_treatment,2267,706
stim_treatment,1314,547
stim_treatment,1431,537
stim_treatment,1129,487
stim_treatment,1663,555
stim_treatment,1040,428
stim_treatment,747,406
stim_treatment,2221,829
stim_treatment,1611,638
stim_treatment,887,426
stim_treatment,1255,526
stim_treatment,1555,488
stim_treatment,1023,380
stim_treatment,1474,526
stim_treatment,1092,478
stim_treatment,1598,640
stim_treatment,419,238
stim_treatment,2748,816
stim_treatment,936,359
stim_treatment,1431,543
stim_treatment,3414,1013
stim_treatment,290,177
stim_treatment,2590,670
stim_treatment,1022,482
stim_treatment,1514,601
stim_treatment,2781,806
stim_treatment,1675,564
stim_treatment,1161,540
stim_treatment,1200,509
stim_treatment,1045,380
stim_treatment,4103,1204
stim_treatment,1006,489
stim_treatment,3529,986
stim_treatment,2575,731
stim_treatment,1330,539
stim_treatment,722,311
stim_treatment,1200,517
stim_treatment,533,284
stim_treatment,1563,647
stim_treatment,1951,705
stim_treatment,733,347
stim_treatment,1191,611
stim_treatment,2610,970
stim_treatment,999,386
stim_treatment,1186,519
stim_treatment,638,293
stim_treatment,2063,808
stim_treatment,2504,861
stim_treatment,1409,525
stim_treatment,2460,895
stim_treatment,810,329
stim_treatment,934,393
stim_treatment,1730,728
stim_treatment,2451,680
stim_treatment,495,277
stim_treatment,1048,499
stim_treatment,918,435
stim_treatment,619,362
stim_treatment,1352,568
stim_treatment,676,393
stim_treatment,2759,778
stim_treatment,2811,711
stim_treatment,1105,480
stim_treatment,1066,477
stim_treatment,2216,865
stim_treatment,2088,752
stim_treatment,1068,480
stim_treatment,1035,442
stim_treatment,2779,765
stim_treatment,1374,643
stim_treatment,1366,501
stim_treatment,1904,679
stim_treatment,1043,462
stim_treatment,4058,937
stim_treatment,1855,655
stim_treatment,3368,860
stim_treatment,1244,558
stim_treatment,530,295
stim_treatment,1003,415
stim_treatment,1160,407
stim_treatment,1528,592
stim_treatment,738,265
stim_treatment,1197,486
stim_treatment,3229,750
stim_treatment,1751,778
stim_treatment,1720,809
stim_treatment,1564,661
stim_treatment,4549,1317
stim_treatment,1824,586
stim_treatment,871,439
stim_treatment,5878,1319
stim_treatment,2383,800
stim_treatment,1509,539
stim_treatment,2187,786
stim_treatment,1202,507
stim_treatment,658,311
stim_treatment,1113,519
stim_treatment,1847,623
stim_treatment,1145,488
stim_treatment,2197,857
stim_treatment,1143,505
stim_treatment,689,289
stim_treatment,1408,547
stim_treatment,4568,1391
stim_treatment,1534,477
stim_treatment,463,241
stim_treatment,735,431
stim_treatment,1246,511
stim_treatment,784,358
stim_treatment,2553,726
stim_treatment,2968,927
stim_treatment,2404,853
stim_treatment,1012,453
stim_treatment,1005,440
stim_treatment,584,299
stim_treatment,1354,560
stim_treatment,1058,435
stim_treatment,2098,663
stim_treatment,4224,1200
stim_treatment,1255,495
stim_treatment,872,484
stim_treatment,2001,765
stim_treatment,2191,714
stim_treatment,1182,527
stim_treatment,1307,575
stim_treatment,1126,581
stim_treatment,3057,1047
stim_treatment,438,227
stim_treatment,1463,567
stim_treatment,766,416
stim_treatment,1544,589
stim_treatment,2847,1119
stim_treatment,1409,599
stim_treatment,2294,708
stim_treatment,3577,1027
stim_treatment,1269,542
stim_treatment,781,418
stim_treatment,1441,516
stim_treatment,2624,825
stim_treatment,1845,619
stim_treatment,1195,521
stim_treatment,3916,1180
stim_treatment,1319,531
stim_treatment,4381,1230
stim_treatment,607,333
stim_treatment,4797,1157
stim_treatment,2520,799
stim_treatment,979,414
stim_treatment,1153,446
stim_treatment,651,397
stim_treatment,1248,497
stim_treatment,3752,1009
stim_treatment,852,393
stim_treatment,212,106
stim_treatment,794,368
stim_treatment,1145,450
stim_treatment,1016,456
stim_treatment,1071,543
stim_treatment,1580,649
stim_treatment,2486,939
stim_treatment,3157,850
stim_treatment,3274,781
stim_treatment,2136,633
stim_treatment,3728,987
stim_treatment,858,425
stim_treatment,1758,633
stim_treatment,3903,1022
stim_treatment,1606,527
stim_treatment,1169,468
stim_treatment,616,325
stim_treatment,1516,543
stim_treatment,719,348
stim_treatment,4026,973
stim_treatment,1601,772
stim_treatment,5169,1230
stim_treatment,3052,802
stim_treatment,1319,454
stim_treatment,1464,440
stim_treatment,1443,535
stim_treatment,1154,563
stim_treatment,1090,509
stim_treatment,600,271
stim_treatment,1242,504
stim_treatment,2137,644
stim_treatment,1891,567
stim_treatment,3549,730
stim_treatment,1116,519
stim_treatment,1613,618
stim_treatment,1465,534
stim_treatment,1501,541
stim_treatment,4238,1149
stim_treatment,2992,924
stim_treatment,1558,618
stim_treatment,799,400
stim_treatment,1509,447
stim_treatment,2940,930
stim_treatment,953,412
stim_treatment,1809,507
stim_treatment,3096,808
stim_treatment,204,137
stim_treatment,1519,760
stim_treatment,1342,601
stim_treatment,1344,463
stim_treatment,894,493
stim_treatment,1058,486
stim_treatment,2967,723
stim_treatment,1034,491
stim_treatment,2917,762
stim_treatment,4720,1175
stim_treatment,1356,537
stim_treatment,1063,482
stim_treatment,2085,771
stim_treatment,1138,549
stim_treatment,3243,107
stim_treatment,605,291
stim_treatment,485,270
stim_treatment,960,463
stim_treatment,677,328
stim_treatment,1781,734
stim_treatment,1123,435
stim_treatment,1407,572
stim_treatment,2551,888
stim_treatment,5277,1322
stim_treatment,2815,733
stim_treatment,3016,879
stim_treatment,1042,558
stim_treatment,2968,963
stim_treatment,2039,754
stim_treatment,4475,999
stim_treatment,955,412
stim_treatment,2608,725
stim_treatment,3296,1031
stim_treatment,2217,882
stim_treatment,1507,695
stim_treatment,930,483
stim_treatment,4253,1078
stim_treatment,581,247
stim_treatment,1346,540
stim_treatment,605,351
stim_treatment,1063,495
stim_treatment,1127,508
stim_treatment,1421,643
stim_treatment,953,458
stim_treatment,1938,748
stim_treatment,1392,465
stim_treatment,872,420
stim_treatment,2976,773
stim_treatment,2831,645
stim_treatment,3436,1170
stim_treatment,1181,505
stim_treatment,1304,466
stim_treatment,1157,452
stim_treatment,1714,678
stim_treatment,942,421
stim_treatment,1502,655
stim_treatment,5328,1449
stim_treatment,1569,756
stim_treatment,1857,851
stim_treatment,2013,867
stim_treatment,3616,894
stim_treatment,2613,1126
stim_treatment,917,354
stim_treatment,2193,732
stim_treatment,1076,531
stim_treatment,3146,1186
stim_treatment,865,458
stim_treatment,322,190
stim_treatment,1201,450
stim_treatment,2918,793
stim_treatment,1413,563
stim_treatment,1175,423
stim_treatment,1575,556
stim_treatment,162,107
stim_treatment,1150,501
stim_treatment,4312,1024
stim_treatment,1848,529
stim_treatment,887,416
stim_treatment,1169,462
stim_treatment,1902,704
stim_treatment,3631,962
stim_treatment,2666,1075
stim_treatment,3453,1128
stim_treatment,1309,478
stim_treatment,1508,532
stim_treatment,317,168
stim_treatment,1527,544
stim_treatment,650,247
stim_treatment,5378,1275
stim_treatment,1045,539
stim_treatment,1662,723
stim_treatment,1101,344
stim_treatment,3688,1043
stim_treatment,1953,599
stim_treatment,460,267
stim_treatment,850,367
stim_treatment,5228,1138
stim_treatment,2612,836
stim_treatment,2526,856
stim_treatment,3232,906
stim_treatment,2191,941
stim_treatment,1679,537
stim_treatment,1515,551
stim_treatment,3514,957
stim_treatment,2734,763
stim_treatment,1011,427
stim_treatment,3113,781
stim_treatment,1304,709
stim_treatment,2458,696
stim_treatment,582,303
stim_treatment,3359,901
stim_treatment,939,411
stim_treatment,1810,668
stim_treatment,1355,487
stim_treatment,1107,457
stim_treatment,1176,458
stim_treatment,811,445
stim_treatment,599,360
stim_treatment,1318,529
stim_treatment,1353,489
stim_treatment,866,492
stim_treatment,1276,468
stim_treatment,437,253
stim_treatment,1652,701
stim_treatment,1787,560
stim_treatment,1208,522
stim_treatment,1205,434
stim_treatment,1384,477
stim_treatment,1028,468
stim_treatment,2856,791
stim_treatment,1305,508
stim_treatment,1296,516
stim_treatment,376,203
stim_treatment,3070,1198
stim_treatment,847,418
stim_treatment,1731,577
stim_treatment,5487,1240
stim_treatment,1407,516
stim_treatment,1062,475
stim_treatment,874,427
stim_treatment,588,314
stim_treatment,2157,602
stim_treatment,2055,746
stim_treatment,2063,919
stim_treatment,1381,528
stim_treatment,1369,572
stim_treatment,2267,829
stim_treatment,2396,644
stim_treatment,1873,610
stim_treatment,211,127
stim_treatment,1041,409
stim_treatment,1116,508
stim_treatment,836,366
stim_treatment,3028,867
stim_treatment,882,424
stim_treatment,747,386
stim_treatment,1429,579
stim_treatment,1432,584
stim_treatment,990,418
stim_treatment,1773,726
stim_treatment,678,374
stim_treatment,1785,872
stim_treatment,1284,444
stim_treatment,745,380
stim_treatment,1055,537
stim_treatment,3660,1013
stim_treatment,3181,988
stim_treatment,929,472
stim_treatment,783,508
stim_treatment,1295,551
stim_treatment,1093,429
stim_treatment,1913,778
stim_treatment,739,478
stim_treatment,3483,752
stim_treatment,1601,681
stim_treatment,652,379
stim_treatment,1253,471
stim_treatment,1244,517
stim_treatment,1212,490
stim_treatment,3880,891
stim_treatment,983,496
stim_treatment,1234,324
stim_treatment,1139,408
stim_treatment,525,354
stim_treatment,1163,506
stim_treatment,1200,548
stim_treatment,1696,531
stim_treatment,787,366
stim_treatment,689,391
stim_treatment,3934,905
stim_treatment,1515,702
stim_treatment,1117,560
stim_treatment,2495,640
stim_treatment,4657,1159
stim_treatment,661,303
stim_treatment,2163,745
stim_treatment,3207,408
stim_treatment,848,390
stim_treatment,4376,1045
stim_treatment,561,316
stim_treatment,1023,471
stim_treatment,1430,607
stim_treatment,1161,490
stim_treatment,1194,541
stim_treatment,520,252
stim_treatment,649,351
stim_treatment,1861,610
stim_treatment,4090,1146
stim_treatment,1201,642
stim_treatment,1022,429
stim_treatment,774,327
stim_treatment,1748,684
stim_treatment,3475,1356
stim_treatment,1574,586
stim_treatment,2588,829
stim_treatment,4168,871
stim_treatment,1561,586
stim_treatment,151,116
stim_treatment,1300,532
stim_treatment,1182,474
stim_treatment,2281,649
stim_treatment,4620,1270
stim_treatment,1432,587
stim_treatment,1896,675
stim_treatment,1830,548
stim_treatment,3143,982
stim_treatment,658,394
stim_treatment,3623,832
stim_treatment,2620,775
stim_treatment,1054,480
stim_treatment,916,503
stim_treatment,1002,423
stim_treatment,1252,529
stim_treatment,1203,519
stim_treatment,1366,536
stim_treatment,956,468
stim_treatment,2959,726
stim_treatment,1631,645
stim_treatment,962,445
stim_treatment,249,136
stim_treatment,4232,960
stim_treatment,1465,652
stim_treatment,1736,640
stim_treatment,955,439
stim_treatment,1288,561
stim_treatment,1199,352
stim_treatment,3780,1131
stim_treatment,1223,539
stim_treatment,1275,437
stim_treatment,2524,1176
stim_treatment,1131,461
stim_treatment,372,202
stim_treatment,820,493
stim_treatment,1284,576
stim_treatment,1414,550
stim_treatment,2971,668
stim_treatment,2347,713
stim_treatment,1104,503
stim_treatment,2960,1114
stim_treatment,1230,493
stim_treatment,784,384
stim_treatment,625,383
stim_treatment,1262,661
stim_treatment,1700,584
stim_treatment,2854,832
stim_treatment,1087,406
stim_treatment,167,106
stim_treatment,1543,572
stim_treatment,1687,716
stim_treatment,1213,527
stim_treatment,1416,700
stim_treatment,817,417
stim_treatment,913,442
stim_treatment,1338,526
stim_treatment,1826,522
stim_treatment,540,276
stim_treatment,1359,520
stim_treatment,608,261
stim_treatment,838,431
stim_treatment,1571,558
stim_treatment,3116,1018
stim_treatment,1025,529
stim_treatment,397,201
stim_treatment,2488,1026
stim_treatment,1863,517
stim_treatment,1844,683
stim_treatment,1359,541
stim_treatment,1146,460
stim_treatment,1163,526
stim_treatment,707,363
stim_treatment,1325,547
stim_treatment,1446,568
stim_treatment,1212,496
stim_treatment,1018,370
stim_treatment,1120,594
stim_treatment,1291,608
stim_treatment,3628,985
stim_treatment,1291,545
stim_treatment,2569,828
stim_treatment,1065,309
stim_treatment,4874,802
stim_treatment,1107,479
stim_treatment,1122,453
stim_treatment,1199,496
stim_treatment,2554,628
stim_treatment,914,467
stim_treatment,1385,563
stim_treatment,3412,1058
stim_treatment,1555,531
stim_treatment,3127,935
stim_treatment,642,336
stim_treatment,1640,523
stim_treatment,2303,604
stim_treatment,1801,546
stim_treatment,1808,586
stim_treatment,1146,565
stim_treatment,4391,1015
stim_treatment,874,398
stim_treatment,1878,539
stim_treatment,1497,521
stim_treatment,1844,581
stim_treatment,949,449
stim_treatment,277,177
stim_treatment,2503,693
stim_treatment,1003,482
stim_treatment,2117,604
stim_treatment,531,284
stim_treatment,1182,559
stim_treatment,1633,637
stim_treatment,1704,663
stim_treatment,616,338
stim_treatment,2018,643
stim_treatment,1397,669
stim_treatment,1805,849
stim_treatment,2255,621
stim_treatment,1604,531
stim_treatment,710,439
stim_treatment,1224,525
stim_treatment,1843,652
stim_treatment,712,372
stim_treatment,792,378
stim_treatment,1694,690
stim_treatment,965,419
stim_treatment,2514,663
stim_treatment,1136,459
stim_treatment,1287,484
stim_treatment,1983,820
stim_treatment,3475,797
stim_treatment,3220,1032
stim_treatment,1136,447
stim_treatment,1835,788
stim_treatment,3197,917
stim_treatment,998,434
stim_treatment,5512,1257
stim_treatment,1449,475
stim_treatment,3559,788
stim_treatment,1132,452
stim_treatment,2241,825
stim_treatment,5231,1265
stim_treatment,4235,1142
stim_treatment,1407,505
stim_treatment,2676,622
stim_treatment,747,484
stim_treatment,1430,638
stim_treatment,1072,535
stim_treatment,1369,623
stim_treatment,396,102
stim_treatment,624,312
stim_treatment,968,397
stim_treatment,1625,646
stim_treatment,573,347
stim_treatment,903,473
stim_treatment,1287,668
stim_treatment,605,276
stim_treatment,1195,441
stim_treatment,1631,563
stim_treatment,1075,489
stim_treatment,1444,543
stim_treatment,2114,823
stim_treatment,1415,552
stim_treatment,853,416
stim_treatment,1726,651
stim_treatment,2293,593
stim_treatment,3208,741
stim_treatment,850,384
stim_treatment,1473,596
stim_treatment,427,260
stim_treatment,2337,969
stim_treatment,1416,608
stim_treatment,3469,848
stim_treatment,811,335
stim_treatment,5712,1244
stim_treatment,2329,778
stim_treatment,874,392
stim_treatment,206,114
stim_treatment,2089,803
stim_treatment,1504,520
stim_treatment,977,354
stim_treatment,5089,564
stim_treatment,3005,910
stim_treatment,902,475
stim_treatment,906,335
stim_treatment,1087,538
stim_treatment,614,232
stim_treatment,613,285
stim_treatment,1288,548
stim_treatment,1946,817
stim_treatment,2981,757
stim_treatment,1744,578
stim_treatment,1461,574
stim_treatment,1830,686
stim_treatment,1445,466
stim_treatment,226,129
stim_treatment,1502,555
stim_treatment,461,272
stim_treatment,1716,531
stim_treatment,3291,1115
stim_treatment,4308,1123
stim_treatment,943,344
stim_treatment,1152,480
stim_treatment,1491,458
stim_treatment,662,335
stim_treatment,1871,593
stim_treatment,1338,450
stim_treatment,1339,552
stim_treatment,1354,537
stim_treatment,2401,659
stim_treatment,2646,953
stim_treatment,2811,922
stim_treatment,838,478
stim_treatment,1075,513
stim_treatment,1577,555
stim_treatment,2920,910
stim_treatment,1301,446
stim_treatment,1290,522
stim_treatment,585,275
stim_treatment,887,540
stim_treatment,1410,476
stim_treatment,1594,578
stim_treatment,573,261
stim_treatment,2703,923
stim_treatment,4619,1299
stim_treatment,2112,759
stim_treatment,2027,737
stim_treatment,1130,438
stim_treatment,1095,512
stim_treatment,1910,608
stim_treatment,2947,960
stim_treatment,131,101
stim_treatment,874,329
stim_treatment,956,409
stim_treatment,1420,635
stim_treatment,1921,767
stim_treatment,1199,443
stim_treatment,1013,513
stim_treatment,875,369
stim_treatment,1073,504
stim_treatment,943,464
stim_treatment,4140,1064
stim_treatment,1360,574
stim_treatment,3235,827
stim_treatment,1149,484
stim_treatment,1138,436
stim_treatment,1210,514
stim_treatment,1202,494
stim_treatment,1798,659
stim_treatment,872,507
stim_treatment,767,438
stim_treatment,733,425
stim_treatment,1136,442
stim_treatment,2222,597
stim_treatment,647,302
stim_treatment,443,222
stim_treatment,2926,855
stim_treatment,1207,487
stim_treatment,1694,664
stim_treatment,6468,1409
stim_treatment,1145,530
stim_treatment,773,436
stim_treatment,982,499
stim_treatment,3126,1070
stim_treatment,1104,465
stim_treatment,2753,736
stim_treatment,1891,942
stim_treatment,1145,560
stim_treatment,3275,846
stim_treatment,5340,1223
stim_treatment,1084,443
stim_treatment,804,360
stim_treatment,235,132
stim_treatment,1978,811
stim_treatment,1196,441
stim_treatment,930,427
stim_treatment,154,103
stim_treatment,1044,486
stim_treatment,1174,509
stim_treatment,3726,824
stim_treatment,1088,490
stim_treatment,3056,958
stim_treatment,1513,624
stim_treatment,726,349
stim_treatment,1458,707
stim_treatment,2544,911
stim_treatment,1025,430
stim_treatment,1123,574
stim_treatment,713,367
stim_treatment,1060,511
stim_treatment,751,360
stim_treatment,3091,907
stim_treatment,1488,744
stim_treatment,1364,474
stim_treatment,3233,926
stim_treatment,1092,460
stim_treatment,1053,437
stim_treatment,779,364
stim_treatment,2128,635
stim_treatment,3716,966
stim_treatment,1482,530
stim_treatment,666,430
stim_treatment,1242,518
stim_treatment,508,245
stim_treatment,3076,928
stim_treatment,1106,510
stim_treatment,5943,953
stim_treatment,1269,747
stim_treatment,1482,544
stim_treatment,1260,493
stim_treatment,1499,585
stim_treatment,3856,1177
stim_treatment,1041,442
stim_treatment,1495,740
stim_treatment,1822,541
stim_treatment,3814,1216
stim_treatment,887,406
stim_treatment,1308,596
stim_treatment,966,440
stim_treatment,1007,436
stim_treatment,1854,618
stim_treatment,1061,576
stim_treatment,2231,860
stim_treatment,876,475
stim_treatment,4866,1275
stim_treatment,1091,382
stim_treatment,2466,830
stim_treatment,1599,667
stim_treatment,207,139
stim_treatment,1268,531
stim_treatment,1007,605
stim_treatment,952,470
stim_treatment,1569,608
stim_treatment,3730,860
stim_treatment,1877,547
stim_treatment,3290,963
stim_treatment,1473,636
stim_treatment,295,181
stim_treatment,1913,716
stim_treatment,3937,1027
stim_treatment,1691,693
stim_treatment,1124,571
stim_treatment,1662,550
stim_treatment,1043,485
stim_treatment,1604,635
stim_treatment,539,277
stim_treatment,1165,460
stim_treatment,1043,525
stim_treatment,1115,486
stim_treatment,1070,454
stim_treatment,305,229
stim_treatment,1871,688
stim_treatment,1381,582
stim_treatment,3492,831
stim_treatment,5037,1213
stim_treatment,1168,493
stim_treatment,2779,959
stim_treatment,1239,528
stim_treatment,1836,652
stim_treatment,3231,906
stim_treatment,240,100
stim_treatment,2041,634
stim_treatment,1560,571
stim_treatment,1131,547
stim_treatment,660,355
stim_treatment,3329,930
stim_treatment,768,466
stim_treatment,1625,804
stim_treatment,1390,589
stim_treatment,555,296
stim_treatment,2673,765
stim_treatment,908,505
stim_treatment,509,331
stim_treatment,1849,708
stim_treatment,3084,870
stim_treatment,484,260
stim_treatment,6999,1360
stim_treatment,726,364
stim_treatment,1303,507
stim_treatment,534,293
stim_treatment,1188,442
stim_treatment,1749,691
stim_treatment,2078,772
stim_treatment,1681,574
stim_treatment,1532,555
stim_treatment,3389,1134
stim_treatment,2226,711
stim_treatment,3375,801
stim_treatment,3127,113
stim_treatment,763,389
stim_treatment,1203,466
stim_treatment,2937,715
stim_treatment,2400,812
stim_treatment,1224,460
stim_treatment,1428,600
stim_treatment,980,489
stim_treatment,1350,542
stim_treatment,1841,816
stim_treatment,2935,788
stim_treatment,780,434
stim_treatment,1236,469
stim_treatment,4699,1224
stim_treatment,943,385
stim_treatment,1111,388
stim_treatment,4520,1012
stim_treatment,1549,587
stim_treatment,1752,691
stim_treatment,1275,523
stim_treatment,2207,606
stim_treatment,1232,412
stim_treatment,1005,418
stim_treatment,735,471
stim_treatment,3435,1163
stim_treatment,3230,917
stim_treatment,783,326
stim_treatment,1118,515
stim_treatment,203,115
stim_treatment,2002,678
stim_treatment,2274,721
stim_treatment,1799,602
stim_treatment,2230,790
stim_treatment,948,490
stim_treatment,994,468
stim_treatment,235,160
stim_treatment,1211,492
stim_treatment,1046,476
stim_treatment,1630,506
stim_treatment,1310,521
stim_treatment,1324,524
stim_treatment,1856,622
stim_treatment,1390,615
stim_treatment,2354,777
stim_treatment,1422,686
stim_treatment,1010,419
stim_treatment,1075,522
stim_treatment,189,118
stim_treatment,1719,537
stim_treatment,2071,942
stim_treatment,931,394
stim_treatment,1556,624
stim_treatment,1190,483
stim_treatment,1128,502
stim_treatment,645,368
stim_treatment,413,256
stim_treatment,555,298
stim_treatment,1764,669
stim_treatment,1030,496
stim_treatment,3202,799
stim_treatment,1304,557
stim_treatment,3964,1125
stim_treatment,3331,1006
stim_treatment,794,409
stim_treatment,1157,485
stim_treatment,984,472
stim_treatment,813,426
stim_treatment,939,487
stim_treatment,730,397
stim_treatment,956,458
stim_treatment,970,514
stim_treatment,2810,706
stim_treatment,1236,560
stim_treatment,995,498
stim_treatment,569,295
stim_treatment,2231,578
stim_treatment,530,251
stim_treatment,1014,423
stim_treatment,1008,412
stim_treatment,1103,534
stim_treatment,1568,579
stim_treatment,4199,1324
stim_treatment,501,222
stim_treatment,1600,532
stim_treatment,2640,890
stim_treatment,4155,1127
stim_treatment,860,391
stim_treatment,994,435
stim_treatment,1489,506
stim_treatment,796,441
stim_treatment,919,466
stim_treatment,1176,523
stim_treatment,1321,520
stim_treatment,5153,1202
stim_treatment,938,493
stim_treatment,1224,472
stim_treatment,4683,1412
stim_treatment,1595,666
stim_treatment,1928,740
stim_treatment,546,278
stim_treatment,1487,532
stim_treatment,2107,823
stim_treatment,1287,464
stim_treatment,1920,752
stim_treatment,2876,873
stim_treatment,1221,470
stim_treatment,819,356
stim_treatment,942,457
stim_treatment,1294,502
stim_treatment,1453,524
stim_treatment,4105,1200
stim_treatment,1534,748
stim_treatment,929,452
stim_treatment,1828,612
stim_treatment,1004,476
stim_treatment,5696,1505
stim_treatment,685,307
stim_treatment,729,379
stim_treatment,1176,528
stim_treatment,1003,500
stim_treatment,608,308
stim_treatment,3082,776
stim_treatment,263,150
stim_treatment,1294,477
stim_treatment,1287,521
stim_treatment,2470,656
stim_treatment,1178,485
stim_treatment,880,398
stim_treatment,1915,784
stim_treatment,1530,570
stim_treatment,865,407
stim_treatment,1449,530
stim_treatment,1377,675
stim_treatment,759,355
stim_treatment,600,329
stim_treatment,5302,1364
stim_treatment,1534,693
stim_treatment,1834,602
stim_treatment,1675,592
stim_treatment,291,174
stim_treatment,1540,528
stim_treatment,1500,648
stim_treatment,2221,826
stim_treatment,2855,907
stim_treatment,5048,1349
stim_treatment,1776,585
stim_treatment,2493,781
stim_treatment,1382,509
stim_treatment,1976,498
stim_treatment,1310,501
stim_treatment,1038,448
stim_treatment,1933,650
stim_treatment,946,359
stim_treatment,622,373
stim_treatment,2084,843
stim_treatment,2188,866
stim_treatment,1669,491
stim_treatment,1099,483
stim_treatment,1180,386
stim_treatment,1514,644
stim_treatment,1494,429
stim_treatment,1365,537
stim_treatment,2784,880
stim_treatment,4216,1081
stim_treatment,1171,514
stim_treatment,961,363
stim_treatment,1397,511
stim_treatment,1404,592
stim_treatment,2215,596
stim_treatment,1048,506
stim_treatment,853,471
stim_treatment,6571,1583
stim_treatment,2451,930
stim_treatment,726,371
stim_treatment,3469,848
stim_treatment,2748,695
stim_treatment,1520,553
stim_treatment,1009,459
stim_treatment,943,410
stim_treatment,916,489
stim_treatment,1061,517
stim_treatment,1359,530
stim_treatment,862,428
stim_treatment,1296,470
stim_treatment,738,339
stim_treatment,1088,500
stim_treatment,1689,794
stim_treatment,1303,562
stim_treatment,2020,541
stim_treatment,1033,428
stim_treatment,2453,828
stim_treatment,1249,480
stim_treatment,1034,450
stim_treatment,2192,803
stim_treatment,1580,587
stim_treatment,1573,712
stim_treatment,2174,781
stim_treatment,2052,656
stim_treatment,1034,579
stim_treatment,1028,561
stim_treatment,1670,708
stim_treatment,1263,540
stim_treatment,1525,541
stim_treatment,2640,771
stim_treatment,1413,553
stim_treatment,1050,465
stim_treatment,1872,704
stim_treatment,1485,549
stim_treatment,1749,689
stim_treatment,2591,679
stim_treatment,1014,469
stim_treatment,1501,791
stim_treatment,1992,740
stim_treatment,1422,516
stim_treatment,1870,634
stim_treatment,181,108
stim_treatment,541,315
stim_treatment,642,390
stim_treatment,1167,515
stim_treatment,1080,538
stim_treatment,1455,653
stim_treatment,1566,566
stim_treatment,2111,769
stim_treatment,1142,488
stim_treatment,4136,952
stim_treatment,1642,609
stim_treatment,495,296
stim_treatment,2260,883
stim_treatment,992,449
stim_treatment,3998,980
stim_treatment,457,248
stim_treatment,953,475
stim_treatment,1097,459
stim_treatment,2525,1034
stim_treatment,1606,517
stim_treatment,979,522
stim_treatment,1561,430
stim_treatment,2237,720
stim_treatment,2746,984
stim_treatment,1876,539
stim_treatment,2334,828
stim_treatment,3348,928
stim_treatment,3507,806
stim_treatment,1151,541
stim_treatment,4630,1180
stim_treatment,1569,782
stim_treatment,1345,556
stim_treatment,1168,564
stim_treatment,1003,451
stim_treatment,1393,500
stim_treatment,1357,573
stim_treatment,1636,683
stim_treatment,493,289
stim_treatment,1685,663
stim_treatment,903,383
stim_treatment,965,444
stim_treatment,1011,451
stim_treatment,868,402
stim_treatment,1359,536
stim_treatment,4802,1273
stim_treatment,1421,539
stim_treatment,802,362
stim_treatment,3201,847
stim_treatment,3536,967
stim_treatment,1414,557
stim_treatment,1085,523
stim_treatment,2952,978
stim_treatment,1140,507
stim_treatment,1034,386
stim_treatment,1342,563
stim_treatment,2281,743
stim_treatment,1468,697
stim_treatment,829,417
stim_treatment,2345,574
stim_treatment,1177,452
stim_treatment,1835,657
stim_treatment,4213,1528
stim_treatment,2681,1034
stim_treatment,1314,544
stim_treatment,880,328
stim_treatment,1015,419
stim_treatment,1600,729
stim_treatment,1386,580
stim_treatment,2497,847
stim_treatment,1084,446
stim_treatment,413,239
stim_treatment,3320,911
stim_treatment,5743,1381
stim_treatment,766,375
stim_treatment,1119,524
stim_treatment,5593,1335
stim_treatment,1316,519
stim_treatment,3271,837
stim_treatment,2118,792
stim_treatment,3282,930
stim_treatment,1261,506
stim_treatment,634,385
stim_treatment,172,115
stim_treatment,4648,1264
stim_treatment,3029,913
stim_treatment,1350,615
stim_treatment,1680,644
stim_treatment,763,336
stim_treatment,1095,454
stim_treatment,1227,517
stim_treatment,2471,695
stim_treatment,1067,457
stim_treatment,528,221
stim_treatment,2482,804
stim_treatment,400,240
stim_treatment,605,284
stim_treatment,1278,455
stim_treatment,455,203
stim_treatment,1161,583
stim_treatment,691,382
stim_treatment,6593,1487
stim_treatment,831,459
stim_treatment,687,357
stim_treatment,1379,525
stim_treatment,713,351
stim_treatment,1552,599
stim_treatment,1205,606
stim_treatment,458,292
stim_treatment,2281,776
stim_treatment,896,477
stim_treatment,1816,592
stim_treatment,850,440
stim_treatment,1489,602
stim_treatment,1848,667
stim_treatment,2023,808
stim_treatment,1122,551
stim_treatment,852,377
stim_treatment,2334,643
stim_treatment,1590,680
stim_treatment,1042,482
stim_treatment,3786,1059
stim_treatment,2728,943
stim_treatment,1456,588
stim_treatment,2530,780
stim_treatment,2278,1051
stim_treatment,484,214
stim_treatment,785,405
stim_treatment,518,313
stim_treatment,3519,872
stim_treatment,1403,507
stim_treatment,1340,664
stim_treatment,2661,765
stim_treatment,2585,889
stim_treatment,774,403
stim_treatment,1704,533
stim_treatment,931,552
stim_treatment,1397,637
stim_treatment,3540,992
stim_treatment,5848,1438
stim_treatment,3971,1111
stim_treatment,604,296
stim_treatment,1162,468
stim_treatment,1456,601
stim_treatment,1052,493
stim_treatment,1736,541
stim_treatment,1162,471
stim_treatment,1229,460
stim_treatment,746,359
stim_treatment,1106,559
stim_treatment,1016,493
stim_treatment,4501,1280
stim_treatment,1278,594
stim_treatment,1593,572
stim_treatment,776,417
stim_treatment,840,411
stim_treatment,1118,517
stim_treatment,1096,492
stim_treatment,3759,951
stim_treatment,1166,609
stim_treatment,3366,786
stim_treatment,1042,408
stim_treatment,784,356
stim_treatment,1976,728
stim_treatment,900,426
stim_treatment,962,488
stim_treatment,832,549
stim_treatment,1672,676
stim_treatment,823,357
stim_treatment,1863,549
stim_treatment,672,356
stim_treatment,999,447
stim_treatment,1888,812
stim_treatment,3288,978
stim_treatment,1305,612
stim_treatment,439,280
stim_treatment,2332,717
stim_treatment,1128,494
stim_treatment,2240,813
stim_treatment,2397,653
stim_treatment,1750,642
stim_treatment,4283,1077
stim_treatment,177,111
stim_treatment,1675,586
stim_treatment,688,291
stim_treatment,1794,759
stim_treatment,4022,102
stim_treatment,1680,480
stim_treatment,1187,500
stim_treatment,892,472
stim_treatment,1007,453
stim_treatment,7072,1546
stim_treatment,1037,460
stim_treatment,1041,611
stim_treatment,673,257
stim_treatment,1026,385
stim_treatment,624,399
stim_treatment,1129,550
stim_treatment,1354,597
stim_treatment,1745,646
stim_treatment,5793,1280
stim_treatment,2316,623
stim_treatment,1356,581
stim_treatment,883,458
stim_treatment,755,375
stim_treatment,1315,449
stim_treatment,2096,799
stim_treatment,1464,440
stim_treatment,984,461
stim_treatment,920,408
stim_treatment,1274,697
stim_treatment,1328,499
stim_treatment,1692,650
stim_treatment,1141,511
stim_treatment,904,438
stim_treatment,1847,521
stim_treatment,1504,578
stim_treatment,1356,576
stim_treatment,3629,903
stim_treatment,1289,624
stim_treatment,1118,398
stim_treatment,3396,851
stim_treatment,3638,1073
stim_treatment,982,457
stim_treatment,1188,496
stim_treatment,470,291
stim_treatment,673,388
stim_treatment,619,357
stim_treatment,1772,540
stim_treatment,689,305
stim_treatment,1953,607
stim_treatment,1784,698
stim_treatment,3623,1044
stim_treatment,1455,547
stim_treatment,3695,1103
stim_treatment,2092,794
stim_treatment,1286,482
stim_treatment,1152,438
stim_treatment,1591,637
stim_treatment,2250,680
stim_treatment,1351,628
stim_treatment,1789,689
stim_treatment,1187,483
stim_treatment,1039,478
stim_treatment,916,472
stim_treatment,2777,770
stim_treatment,1325,488
stim_treatment,1049,523
stim_treatment,1207,619
stim_treatment,1085,479
stim_treatment,350,200
stim_treatment,1955,740
stim_treatment,3426,779
stim_treatment,1053,406
stim_treatment,496,273
stim_treatment,1111,375
stim_treatment,2037,864
stim_treatment,1045,502
stim_treatment,3541,1016
stim_treatment,1121,621
stim_treatment,682,374
stim_treatment,919,449
stim_treatment,1447,661
stim_treatment,1435,746
stim_treatment,935,497
stim_treatment,1003,418
stim_treatment,926,478
stim_treatment,517,275
stim_treatment,2277,1048
stim_treatment,912,473
stim_treatment,2272,675
stim_treatment,1193,575
stim_treatment,1428,598
stim_treatment,997,367
stim_treatment,916,460
stim_treatment,1217,549
stim_treatment,1357,566
stim_treatment,1526,711
stim_treatment,912,376
stim_treatment,635,271
stim_treatment,1093,413
stim_treatment,1216,515
stim_treatment,1440,537
stim_treatment,762,406
stim_treatment,1166,432
stim_treatment,1378,582
stim_treatment,3684,1318
stim_treatment,2810,642
stim_treatment,1672,557
stim_treatment,680,351
stim_treatment,2496,835
stim_treatment,515,220
stim_treatment,1071,480
stim_treatment,1563,687
stim_treatment,1021,438
stim_treatment,2321,762
stim_treatment,764,287
stim_treatment,4433,1241
stim_treatment,1646,551
stim_treatment,1257,535
stim_treatment,1456,595
stim_treatment,1910,744
stim_treatment,2256,779
stim_treatment,4220,1067
stim_treatment,1330,524
stim_treatment,1637,667
stim_treatment,1283,544
stim_treatment,1462,615
stim_treatment,1355,512
stim_treatment,1631,672
stim_treatment,1168,459
stim_treatment,971,448
stim_treatment,947,453
stim_treatment,2098,577
stim_treatment,3261,1110
stim_treatment,1211,503
stim_treatment,1413,539
stim_treatment,928,378
stim_treatment,2803,1084
stim_treatment,1563,539
stim_treatment,3328,1074
stim_treatment,1733,594
stim_treatment,1682,608
stim_treatment,824,474
stim_treatment,845,381
stim_treatment,639,365
stim_treatment,3276,874
stim_treatment,1237,525
stim_treatment,5812,1359
stim_treatment,1373,677
stim_treatment,2090,616
stim_treatment,1253,551
stim_treatment,3156,1169
stim_treatment,215,158
stim_treatment,1602,555
stim_treatment,2199,937
stim_treatment,1255,518
stim_treatment,1477,528
stim_treatment,1348,484
stim_treatment,3067,1190
stim_treatment,3236,688
stim_treatment,1027,465
stim_treatment,547,336
stim_treatment,2059,644
stim_treatment,1644,480
stim_treatment,2643,633
stim_treatment,935,473
stim_treatment,1305,485
stim_treatment,2912,860
stim_treatment,962,479
stim_treatment,2402,708
stim_treatment,1537,588
stim_treatment,1573,585
stim_treatment,3286,905
stim_treatment,258,160
stim_treatment,898,477
stim_treatment,1388,651
stim_treatment,1682,563
stim_treatment,1318,492
stim_treatment,1713,548
stim_treatment,3407,875
stim_treatment,1021,523
stim_treatment,3205,1035
stim_treatment,1209,452
stim_treatment,1170,449
stim_treatment,2866,953
stim_treatment,1083,482
stim_treatment,1143,537
stim_treatment,1672,685
stim_treatment,706,299
stim_treatment,675,357
stim_treatment,2888,671
stim_treatment,968,371
stim_treatment,936,370
stim_treatment,848,293
stim_treatment,1147,534
stim_treatment,890,540
stim_treatment,486,254
stim_treatment,1480,565
stim_treatment,1651,666
stim_treatment,1478,607
stim_treatment,1745,595
stim_treatment,1550,581
stim_treatment,1855,701
stim_treatment,1865,632
stim_treatment,3712,1032
stim_treatment,356,224
stim_treatment,2660,836
stim_treatment,1346,479
stim_treatment,1279,415
stim_treatment,3856,945
stim_treatment,1562,558
stim_treatment,1610,565
stim_treatment,1273,601
stim_treatment,1745,634
stim_treatment,1081,555
stim_treatment,1476,458
stim_treatment,2857,793
stim_treatment,2190,645
stim_treatment,2790,866
stim_treatment,2578,780
stim_treatment,927,436
stim_treatment,781,380
stim_treatment,1059,528
stim_treatment,936,442
stim_treatment,2255,949
stim_treatment,688,405
stim_treatment,1136,510
stim_treatment,949,433
stim_treatment,1559,595
stim_treatment,481,252
stim_treatment,4113,1000
stim_treatment,893,436
stim_treatment,567,342
stim_treatment,1705,552
stim_treatment,1189,524
stim_treatment,1041,504
stim_treatment,1522,623
stim_treatment,1622,498
stim_treatment,2121,662
stim_treatment,847,391
stim_treatment,799,405
stim_treatment,897,469
stim_treatment,751,384
stim_treatment,4615,994
stim_treatment,981,512
stim_treatment,1125,570
stim_treatment,1365,470
stim_treatment,6074,1135
stim_treatment,1094,476
stim_treatment,168,117
stim_treatment,4957,1135
stim_treatment,915,462
stim_treatment,912,295
stim_treatment,1576,550
stim_treatment,1132,510
stim_treatment,1028,511
stim_treatment,510,265
stim_treatment,1070,572
stim_treatment,292,167
stim_treatment,2044,551
stim_treatment,1294,601
stim_treatment,1531,580
stim_treatment,2361,601
stim_treatment,948,453
stim_treatment,1910,653
stim_treatment,893,407
stim_treatment,572,337
stim_treatment,789,425
stim_treatment,1307,504
stim_treatment,1225,568
stim_treatment,2392,906
stim_treatment,1042,488
stim_treatment,2719,761
stim_treatment,1092,457
stim_treatment,2479,671
stim_treatment,2127,674
stim_treatment,1558,609
stim_treatment,1391,528
stim_treatment,2880,823
stim_treatment,1070,479
stim_treatment,2370,724
stim_treatment,2048,612
stim_treatment,1127,495
stim_treatment,870,444
stim_treatment,1470,586
stim_treatment,497,336
stim_treatment,2797,973
stim_treatment,300,195
stim_treatment,1071,494
stim_treatment,1457,538
stim_treatment,1192,529
stim_treatment,904,469
stim_treatment,1140,517
stim_treatment,255,161
stim_treatment,3017,908
stim_treatment,2022,853
stim_treatment,431,204
stim_treatment,4862,1303
stim_treatment,247,143
stim_treatment,812,395
stim_treatment,675,311
stim_treatment,1185,493
stim_treatment,1228,544
stim_treatment,740,351
stim_treatment,1251,414
stim_treatment,1073,585
stim_treatment,1394,463
stim_treatment,1934,579
stim_treatment,4146,1092
stim_treatment,1137,555
stim_treatment,647,341
stim_treatment,802,481
stim_treatment,1477,552
stim_treatment,2376,684
stim_treatment,1618,586
stim_treatment,434,200
stim_treatment,1224,490
stim_treatment,2212,600
stim_treatment,3287,884
stim_treatment,2611,824
stim_treatment,1804,540
stim_treatment,1563,801
stim_treatment,4754,1278
stim_treatment,4349,1099
stim_treatment,2650,976
stim_treatment,2288,750
stim_treatment,380,216
stim_treatment,1017,477
stim_treatment,1079,442
stim_treatment,1412,566
stim_treatment,587,312
stim_treatment,971,467
stim_treatment,1308,449
stim_treatment,1429,478
stim_treatment,927,398
stim_treatment,972,438
stim_treatment,202,122
stim_treatment,899,404
stim_treatment,1438,563
stim_treatment,1279,534
stim_treatment,2291,722
stim_treatment,1146,419
stim_treatment,3236,819
stim_treatment,368,200
stim_treatment,921,568
stim_treatment,1049,473
stim_treatment,1555,505
stim_treatment,1159,553
stim_treatment,1118,449
stim_treatment,621,293
stim_treatment,1283,580
stim_treatment,510,314
stim_treatment,2372,859
stim_treatment,1313,502
stim_treatment,368,246
stim_treatment,727,367
stim_treatment,3897,1015
stim_treatment,865,436
stim_treatment,1698,608
stim_treatment,685,323
stim_treatment,1104,448
stim_treatment,865,401
stim_treatment,1770,504
stim_treatment,2118,760
stim_treatment,3207,991
stim_treatment,754,309
stim_treatment,1318,584
stim_treatment,1069,495
stim_treatment,301,182
stim_treatment,952,443
stim_treatment,1480,547
stim_treatment,1259,457
stim_treatment,2445,653
stim_treatment,2189,696
stim_treatment,992,485
stim_treatment,2564,1059
stim_treatment,964,378
stim_treatment,1078,559
stim_treatment,3277,580
stim_treatment,895,516
stim_treatment,657,333
stim_treatment,1395,512
stim_treatment,1056,467
stim_treatment,3356,816
stim_treatment,1461,544
stim_treatment,519,277
stim_treatment,1274,479
stim_treatment,2248,847
stim_treatment,1128,480
stim_treatment,2375,822
stim_treatment,2556,834
stim_treatment,866,523
stim_treatment,1230,506
stim_treatment,1524,616
stim_treatment,1864,582
stim_treatment,752,283
stim_treatment,951,505
stim_treatment,2051,754
stim_treatment,1499,535
stim_treatment,1541,541
stim_treatment,1397,623
stim_treatment,3540,914
stim_treatment,2297,892
stim_treatment,2659,789
stim_treatment,1783,692
stim_treatment,1025,453
stim_treatment,3989,1174
stim_treatment,1357,547
stim_treatment,1169,558
stim_treatment,949,405
stim_treatment,628,257
stim_treatment,1294,561
stim_treatment,979,429
stim_treatment,1685,604
stim_treatment,2005,606
stim_treatment,3824,849
stim_treatment,1518,564
stim_treatment,880,415
stim_treatment,2277,670
stim_treatment,1152,472
stim_treatment,1084,521
stim_treatment,1592,641
stim_treatment,1619,593
stim_treatment,1248,589
stim_treatment,3154,533
stim_treatment,2574,695
stim_treatment,1492,479
stim_treatment,2069,766
stim_treatment,227,127
stim_treatment,3406,1076
stim_treatment,3205,852
stim_treatment,1071,499
stim_treatment,987,459
stim_treatment,1703,608
stim_treatment,1491,516
stim_treatment,1530,521
stim_treatment,1025,423
stim_treatment,1112,643
stim_treatment,955,569
stim_treatment,3608,982
stim_treatment,1032,517
stim_treatment,1386,530
stim_treatment,1138,491
stim_treatment,1167,492
stim_treatment,374,244
stim_treatment,1673,608
stim_treatment,2434,880
stim_treatment,1753,683
stim_treatment,937,435
stim_treatment,942,461
stim_treatment,1440,594
stim_treatment,582,326
stim_treatment,1135,501
stim_treatment,372,189
stim_treatment,600,334
stim_treatment,1224,488
stim_treatment,3457,851
stim_treatment,968,484
stim_treatment,1436,476
stim_treatment,1324,648
stim_treatment,952,566
stim_treatment,1211,449
stim_treatment,1967,655
stim_treatment,1055,552
stim_treatment,908,398
stim_treatment,925,436
stim_treatment,2638,743
stim_treatment,718,401
stim_treatment,1477,510
stim_treatment,225,121
stim_treatment,861,413
stim_treatment,2057,743
stim_treatment,1295,510
stim_treatment,1500,546
stim_treatment,1711,677
stim_treatment,264,173
stim_treatment,1507,590
stim_treatment,4192,1157
stim_treatment,1055,468
stim_treatment,355,204
stim_treatment,1324,530
stim_treatment,1473,555
stim_treatment,1032,527
stim_treatment,921,369
stim_treatment,2941,928
stim_treatment,735,369
stim_treatment,910,474
stim_treatment,1665,645
stim_treatment,445,253
stim_treatment,1612,646
stim_treatment,2943,858
stim_treatment,978,448
stim_treatment,2878,891
stim_treatment,989,416
stim_treatment,487,314
stim_treatment,1232,465
stim_treatment,2882,945
stim_treatment,428,246
stim_treatment,2097,724
stim_treatment,1623,617
stim_treatment,929,469
stim_treatment,1780,719
stim_treatment,1460,569
stim_treatment,1115,542
stim_treatment,2193,593
stim_treatment,798,395
stim_treatment,1381,662
stim_treatment,1492,620
stim_treatment,499,224
stim_treatment,953,414
stim_treatment,1428,576
stim_treatment,691,409
stim_treatment,978,445
stim_treatment,1276,544
stim_treatment,984,501
stim_treatment,843,442
stim_treatment,2738,643
stim_treatment,920,406
stim_treatment,1460,584
stim_treatment,1479,642
stim_treatment,1442,557
stim_treatment,1367,641
stim_treatment,1056,433
stim_treatment,450,268
stim_treatment,2027,828
stim_treatment,767,324
stim_treatment,1941,582
stim_treatment,906,423
stim_treatment,4952,1110
stim_treatment,3564,970
stim_treatment,228,155
stim_treatment,1088,461
stim_treatment,873,446
stim_treatment,973,463
stim_treatment,1208,536
stim_treatment,1990,912
stim_treatment,1384,477
stim_treatment,1170,499
stim_treatment,932,565
stim_treatment,770,355
stim_treatment,1169,538
stim_treatment,1440,455
stim_treatment,177,121
stim_treatment,1001,431
stim_treatment,1565,636
stim_treatment,1209,447
stim_treatment,2986,784
stim_treatment,1827,564
stim_treatment,956,480
stim_treatment,1148,426
stim_treatment,1024,485
stim_treatment,3336,1224
stim_treatment,1630,327
stim_treatment,1691,498
stim_treatment,1821,492
stim_treatment,3215,801
stim_treatment,589,315
stim_treatment,1476,654
stim_treatment,1435,510
stim_treatment,1605,567
stim_treatment,1224,540
stim_treatment,542,340
stim_treatment,2326,762
stim_treatment,681,384
stim_treatment,1185,482
stim_treatment,422,203
stim_treatment,1598,591
stim_treatment,1166,508
stim_treatment,1345,556
stim_treatment,1389,515
stim_treatment,1357,542
stim_treatment,765,354
stim_treatment,1762,506
stim_treatment,889,454
stim_treatment,2226,942
stim_treatment,971,448
stim_treatment,4226,989
stim_treatment,990,402
stim_treatment,481,294
stim_treatment,2063,697
stim_treatment,1327,551
stim_treatment,1225,541
stim_treatment,204,135
stim_treatment,1861,638
stim_treatment,609,327
stim_treatment,1878,607
stim_treatment,1006,523
stim_treatment,626,365
stim_treatment,2429,857
stim_treatment,2757,758
stim_treatment,4913,1464
stim_treatment,1334,502
stim_treatment,2228,849
stim_treatment,1355,764
stim_treatment,1063,461
stim_treatment,882,424
stim_treatment,659,384
stim_treatment,3739,1075
stim_treatment,1092,461
stim_treatment,1588,567
stim_treatment,1233,702
stim_treatment,2491,1042
stim_treatment,890,494
stim_treatment,2661,1115
stim_treatment,1155,493
stim_treatment,1500,723
stim_treatment,1527,588
stim_treatment,457,308
stim_treatment,1744,702
stim_treatment,2027,628
stim_treatment,1245,533
stim_treatment,1762,661
stim_treatment,1450,602
stim_treatment,5324,1455
stim_treatment,1685,645
stim_treatment,212,148
stim_treatment,3321,1019
stim_treatment,1010,428
stim_treatment,1645,592
stim_treatment,1136,438
stim_treatment,1022,497
stim_treatment,1962,610
stim_treatment,2137,624
stim_treatment,1371,586
stim_treatment,1644,595
stim_treatment,2841,851
stim_treatment,727,382
stim_treatment,445,220
stim_treatment,1357,441
stim_treatment,1294,551
stim_treatment,726,401
stim_treatment,602,285
stim_treatment,911,431
stim_treatment,975,511
stim_treatment,1189,519
stim_treatment,688,355
stim_treatment,1178,475
stim_treatment,1389,569
stim_treatment,1627,664
stim_treatment,3922,889
stim_treatment,1591,659
stim_treatment,3209,890
stim_treatment,2241,607
stim_treatment,1722,565
stim_treatment,1077,494
stim_treatment,1006,431
stim_treatment,1348,647
stim_treatment,2710,1122
stim_treatment,1574,719
stim_treatment,205,123
stim_treatment,1764,703
stim_treatment,1311,582
stim_treatment,1083,496
stim_treatment,1299,544
stim_treatment,4797,1064
stim_treatment,3806,851
stim_treatment,1052,465
stim_treatment,1146,484
stim_treatment,1015,409
stim_treatment,1190,576
stim_treatment,1260,545
stim_treatment,371,200
stim_treatment,3912,1027
stim_treatment,910,362
stim_treatment,1768,558
stim_treatment,2174,554
stim_treatment,2512,758
stim_treatment,1806,594
stim_treatment,1115,473
stim_treatment,1610,593
stim_treatment,630,327
stim_treatment,611,330
stim_treatment,1324,494
stim_treatment,472,261
stim_treatment,2481,823
stim_treatment,2644,805
stim_treatment,1347,495
stim_treatment,2156,745
stim_treatment,2818,790
stim_treatment,1812,570
stim_treatment,610,347
stim_treatment,2837,630
stim_treatment,1274,498
stim_treatment,1498,529
stim_treatment,1602,682
stim_treatment,2068,849
stim_treatment,3644,991
stim_treatment,1201,498
stim_treatment,1371,578
stim_treatment,1407,501
stim_treatment,1312,516
stim_treatment,598,256
stim_treatment,1175,651
stim_treatment,1500,636
stim_treatment,969,474
stim_treatment,1974,665
stim_treatment,842,405
stim_treatment,3229,857
stim_treatment,1172,605
stim_treatment,1944,701
stim_treatment,946,321
stim_treatment,915,444
stim_treatment,2260,771
stim_treatment,1340,643
stim_treatment,1438,583
stim_treatment,1638,636
stim_treatment,1420,588
stim_treatment,1463,547
stim_treatment,1275,525
stim_treatment,1376,542
stim_treatment,1067,487
stim_treatment,1872,656
stim_treatment,1405,578
stim_treatment,1147,579
stim_treatment,1525,513
stim_treatment,1031,513
stim_treatment,1056,448
stim_treatment,838,385
stim_treatment,1440,470
stim_treatment,645,310
stim_treatment,2736,866
stim_treatment,1676,650
stim_treatment,309,186
stim_treatment,1726,574
stim_treatment,3044,947
stim_treatment,981,496
stim_treatment,4557,855
stim_treatment,4899,1191
stim_treatment,2103,616
stim_treatment,1715,558
stim_treatment,1827,727
stim_treatment,1472,688
stim_treatment,1603,536
stim_treatment,3545,924
stim_treatment,3006,1127
stim_treatment,1478,680
stim_treatment,1381,516
stim_treatment,1170,501
stim_treatment,711,351
stim_treatment,1264,639
stim_treatment,588,290
stim_treatment,1985,829
stim_treatment,1191,706
stim_treatment,931,383
stim_treatment,1414,488
stim_treatment,765,391
stim_treatment,3059,744
stim_treatment,2869,700
stim_treatment,2826,797
stim_treatment,1374,677
stim_treatment,1169,546
stim_treatment,563,291
stim_treatment,795,388
stim_treatment,921,534
stim_treatment,1146,507
stim_treatment,1754,888
stim_treatment,888,411
stim_treatment,922,382
stim_treatment,322,198
stim_treatment,1391,565
stim_treatment,2028,630
stim_treatment,1505,561
stim_treatment,1139,476
stim_treatment,1232,567
stim_treatment,1289,519
stim_treatment,4819,1583
stim_treatment,3067,719
stim_treatment,2979,921
stim_treatment,668,353
stim_treatment,857,319
stim_treatment,1969,779
stim_treatment,2259,827
stim_treatment,881,460
stim_treatment,2290,740
stim_treatment,1445,620
stim_treatment,1234,602
stim_treatment,4763,919
stim_treatment,2729,720
stim_treatment,2914,1101
stim_treatment,1499,453
stim_treatment,333,209
stim_treatment,1339,506
stim_treatment,1176,568
stim_treatment,931,537
stim_treatment,1930,706
stim_treatment,3071,666
stim_treatment,1182,581
stim_treatment,1204,480
stim_treatment,702,371
stim_treatment,1205,418
stim_treatment,3728,1250
stim_treatment,1389,558
stim_treatment,415,225
stim_treatment,799,328
stim_treatment,827,429
stim_treatment,1853,676
stim_treatment,743,435
stim_treatment,1206,499
stim_treatment,914,373
stim_treatment,1565,628
stim_treatment,1023,444
stim_treatment,1787,613
stim_treatment,938,339
stim_treatment,1031,452
stim_treatment,3862,888
stim_treatment,1556,588
stim_treatment,770,332
stim_treatment,1147,515
stim_treatment,2268,815
stim_treatment,1721,555
stim_treatment,1938,601
stim_treatment,1375,657
stim_treatment,1043,518
stim_treatment,1034,468
stim_treatment,801,373
stim_treatment,1862,655
stim_treatment,1142,427
stim_treatment,1439,479
stim_treatment,1477,485
stim_treatment,1739,611
stim_treatment,721,421
stim_treatment,1448,537
stim_treatment,2007,657
stim_treatment,1909,730
stim_treatment,1154,433
stim_treatment,257,162
stim_treatment,546,341
stim_treatment,2482,691
stim_treatment,1053,469
stim_treatment,905,376
stim_treatment,5274,1302
stim_treatment,1735,676
stim_treatment,1490,554
stim_treatment,2650,662
stim_treatment,2555,753
stim_treatment,1631,570
stim_treatment,5079,1391
stim_treatment,1372,613
stim_treatment,2436,811
stim_treatment,2830,960
stim_treatment,3299,1090
stim_treatment,1540,582
stim_treatment,1402,570
stim_treatment,1677,661
stim_treatment,1085,451
stim_treatment,1953,661
stim_treatment,1332,473
stim_treatment,2772,1003
stim_treatment,1654,694
stim_treatment,706,432
stim_treatment,1667,686
stim_treatment,944,514
stim_treatment,1449,517
stim_treatment,1584,589
stim_treatment,1370,543
stim_treatment,1726,557
stim_treatment,1277,624
stim_treatment,1025,579
stim_treatment,377,270
stim_treatment,1450,619
stim_treatment,1228,517
stim_treatment,423,216
stim_treatment,1335,589
stim_treatment,969,471
stim_treatment,2768,815
stim_treatment,2054,700
stim_treatment,1050,465
stim_treatment,1042,483
stim_treatment,2138,737
stim_treatment,1156,557
stim_treatment,847,560
stim_treatment,2580,540
stim_treatment,1297,573
stim_treatment,238,134
stim_treatment,811,427
stim_treatment,1331,525
stim_treatment,1793,553
stim_treatment,601,223
stim_treatment,903,419
stim_treatment,585,295
stim_treatment,1084,515
stim_treatment,673,363
stim_treatment,2889,768
stim_treatment,6349,1743
stim_treatment,3720,889
stim_treatment,1486,460
stim_treatment,2644,810
stim_treatment,1183,445
stim_treatment,562,378
stim_treatment,738,439
stim_treatment,1218,630
stim_treatment,2231,962
stim_treatment,1362,519
stim_treatment,894,449
stim_treatment,1147,476
stim_treatment,1058,420
stim_treatment,1373,442
stim_treatment,1561,569
stim_treatment,1630,596
stim_treatment,2022,608
stim_treatment,3477,1041
stim_treatment,2374,773
stim_treatment,5179,1326
stim_treatment,138,105
stim_treatment,1284,503
stim_treatment,2474,938
stim_treatment,3218,929
stim_treatment,720,333
stim_treatment,1302,554
stim_treatment,3232,867
stim_treatment,214,157
stim_treatment,1054,474
stim_treatment,1444,655
stim_treatment,1237,555
stim_treatment,1364,744
stim_treatment,1154,571
stim_treatment,1227,459
stim_treatment,1937,641
stim_treatment,1569,816
stim_treatment,1410,785
stim_treatment,310,216
stim_treatment,1355,758
stim_treatment,1422,522
stim_treatment,1080,454
stim_treatment,1399,569
stim_treatment,1173,509
stim_treatment,1054,416
stim_treatment,958,301
stim_treatment,1080,443
stim_treatment,1870,717
stim_treatment,699,357
stim_treatment,1026,486
stim_treatment,1586,532
stim_treatment,5526,1274
stim_treatment,337,192
stim_treatment,2993,798
stim_treatment,2658,756
stim_treatment,987,461
stim_treatment,4330,947
stim_treatment,1294,450
stim_treatment,963,573
stim_treatment,1095,548
stim_treatment,646,394
stim_treatment,1095,491
stim_treatment,1469,552
stim_treatment,1137,525
stim_treatment,537,310
stim_treatment,1479,630
stim_treatment,1308,575
stim_treatment,1238,428
stim_treatment,1258,649
stim_treatment,1059,472
stim_treatment,1586,532
stim_treatment,589,283
stim_treatment,838,404
stim_treatment,1215,541
stim_treatment,526,300
stim_treatment,2880,710
stim_treatment,1833,564
stim_treatment,1858,865
stim_treatment,2261,838
stim_treatment,1386,552
stim_treatment,965,467
stim_treatment,1122,464
stim_treatment,3677,1169
stim_treatment,1445,556
stim_treatment,338,170
stim_treatment,686,408
stim_treatment,1465,587
stim_treatment,1499,551
stim_treatment,854,392
stim_treatment,1155,482
stim_treatment,1169,514
stim_treatment,580,336
stim_treatment,889,434
stim_treatment,847,460
stim_treatment,1532,543
stim_treatment,625,336
stim_treatment,1964,774
stim_treatment,3521,760
stim_treatment,1888,819
stim_treatment,938,355
stim_treatment,1395,561
stim_treatment,2317,836
stim_treatment,2948,825
stim_treatment,1018,494
stim_treatment,1419,651
stim_treatment,1489,526
stim_treatment,1611,521
stim_treatment,2162,668
stim_treatment,1059,537
stim_treatment,1263,500
stim_treatment,1687,540
stim_treatment,2860,932
stim_treatment,2867,769
stim_treatment,2331,605
stim_treatment,1132,543
stim_treatment,581,380
stim_treatment,1457,598
stim_treatment,697,311
stim_treatment,1127,474
stim_treatment,1511,478
stim_treatment,2710,957
stim_treatment,1620,654
stim_treatment,2201,641
stim_treatment,1624,539
stim_treatment,829,408
stim_treatment,452,309
stim_treatment,2305,633
stim_treatment,561,330
stim_treatment,2462,561
stim_treatment,1320,560
stim_treatment,1049,422
stim_treatment,2910,821
stim_treatment,2876,794
stim_treatment,1350,659
stim_treatment,1104,451
stim_treatment,6136,1491
stim_treatment,610,300
stim_treatment,870,412
stim_treatment,5092,1297
stim_treatment,1242,504
stim_treatment,1380,544
stim_treatment,436,202
stim_treatment,1796,574
stim_treatment,1347,550
stim_treatment,643,272
stim_treatment,950,457
stim_treatment,1098,488
stim_treatment,3818,985
stim_treatment,1112,427
stim_treatment,3531,847
stim_treatment,1490,511
stim_treatment,1317,432
stim_treatment,2077,842
stim_treatment,2053,684
stim_treatment,1760,610
stim_treatment,1232,510
stim_treatment,1653,814
stim_treatment,906,395
stim_treatment,4787,936
stim_treatment,459,251
stim_treatment,483,246
stim_treatment,160,107
stim_treatment,829,340
stim_treatment,1316,727
stim_treatment,1626,697
stim_treatment,1136,564
stim_treatment,2618,837
stim_treatment,374,177
stim_treatment,1274,442
stim_treatment,866,406
stim_treatment,932,485
stim_treatment,1061,353
stim_treatment,925,429
stim_treatment,2514,571
stim_treatment,942,407
stim_treatment,1576,615
stim_treatment,234,136
stim_treatment,1126,533
stim_treatment,948,492
stim_treatment,2931,777
stim_treatment,1798,632
stim_treatment,1447,528
stim_treatment,1300,507
stim_treatment,641,282
stim_treatment,258,164
stim_treatment,283,196
stim_treatment,3177,773
stim_treatment,540,348
stim_treatment,1668,727
stim_treatment,2749,786
stim_treatment,1015,501
stim_treatment,2767,698
stim_treatment,1937,640
stim_treatment,1081,455
stim_treatment,303,172
stim_treatment,1242,557
stim_treatment,235,133
stim_treatment,1849,690
stim_treatment,888,372
stim_treatment,1375,821
stim_treatment,1142,552
stim_treatment,663,402
stim_treatment,742,254
stim_treatment,157,100
stim_treatment,1077,493
stim_treatment,5618,1359
stim_treatment,800,391
stim_treatment,2531,954
stim_treatment,1318,567
stim_treatment,2697,813
stim_treatment,955,459
stim_treatment,771,336
stim_treatment,803,305
stim_treatment,1434,471
stim_treatment,2009,851
stim_treatment,442,246
stim_treatment,350,258
stim_treatment,1366,701
stim_treatment,1373,564
stim_treatment,408,262
stim_treatment,533,296
stim_treatment,510,261
stim_treatment,2299,650
stim_treatment,857,445
stim_treatment,1286,482
stim_treatment,3739,944
stim_treatment,3749,854
stim_treatment,1274,551
stim_treatment,1423,546
stim_treatment,664,425
stim_treatment,2040,533
stim_treatment,925,429
stim_treatment,2254,544
stim_treatment,1007,492
stim_treatment,1719,640
stim_treatment,3636,910
stim_treatment,1344,572
stim_treatment,4076,987
stim_treatment,2089,785
stim_treatment,1117,443
stim_treatment,1044,522
stim_treatment,1170,560
stim_treatment,1350,506
stim_treatment,3057,926
stim_treatment,3344,999
stim_treatment,2386,851
stim_treatment,1009,440
stim_treatment,3013,953
stim_treatment,965,450
stim_treatment,3189,868
stim_treatment,3088,859
stim_treatment,4293,1170
stim_treatment,4383,1365
stim_treatment,928,369
stim_treatment,1591,590
stim_treatment,2553,994
stim_treatment,4065,1008
stim_treatment,2737,1077
stim_treatment,3724,931
stim_treatment,1504,577
stim_treatment,1214,539
stim_treatment,3930,820
stim_treatment,890,460
stim_treatment,1158,508
stim_treatment,2660,807
stim_treatment,1113,591
stim_treatment,928,465
stim_treatment,791,463
stim_treatment,1396,668
stim_treatment,1116,461
stim_treatment,999,431
stim_treatment,3259,714
stim_treatment,1218,487
stim_treatment,316,198
stim_treatment,1219,514
stim_treatment,633,288
stim_treatment,2499,841
stim_treatment,1818,771
stim_treatment,1306,516
stim_treatment,1154,553
stim_treatment,1135,452
stim_treatment,2486,721
stim_treatment,1275,448
stim_treatment,1547,599
stim_treatment,2540,700
stim_treatment,1131,544
stim_treatment,1093,476
stim_treatment,3583,986
stim_treatment,615,250
stim_treatment,1020,498
stim_treatment,394,148
stim_treatment,1166,497
stim_treatment,2865,848
stim_treatment,1373,452
stim_treatment,1267,560
stim_treatment,2183,663
stim_treatment,2307,652
stim_treatment,3971,1021
stim_treatment,4598,1241
stim_treatment,2607,636
stim_treatment,2812,880
stim_treatment,1183,545
stim_treatment,1224,470
stim_treatment,1989,695
stim_treatment,498,246
stim_treatment,1057,498
stim_treatment,2524,740
stim_treatment,1473,677
stim_treatment,1230,523
stim_treatment,1157,510
stim_treatment,826,492
stim_treatment,1720,649
stim_treatment,1566,581
stim_treatment,2606,803
stim_treatment,3240,1361
stim_treatment,2835,819
stim_treatment,1502,537
stim_treatment,2764,838
stim_treatment,1706,673
stim_treatment,4560,1271
stim_treatment,1690,724
stim_treatment,614,269
stim_treatment,917,390
stim_treatment,847,426
stim_treatment,462,207
stim_treatment,1308,588
stim_treatment,2560,640
stim_treatment,2717,818
stim_treatment,1581,591
stim_treatment,1885,608
stim_treatment,1581,629
stim_treatment,2301,742
stim_treatment,1194,576
stim_treatment,1418,597
stim_treatment,1232,593
stim_treatment,3389,1017
stim_treatment,1376,484
stim_treatment,3634,1183
stim_treatment,3525,756
stim_treatment,621,224
stim_treatment,171,107
stim_treatment,1199,594
stim_treatment,1452,614
stim_treatment,1371,512
stim_treatment,3823,1115
stim_treatment,2164,820
stim_treatment,1226,511
stim_treatment,734,343
stim_treatment,1686,588
stim_treatment,686,293
stim_treatment,1446,630
stim_treatment,1150,533
stim_treatment,778,365
stim_treatment,2440,902
stim_treatment,2886,747
stim_treatment,1115,442
stim_treatment,2244,868
stim_treatment,308,148
stim_treatment,4646,1503
stim_treatment,1356,498
stim_treatment,1567,666
stim_treatment,3277,901
stim_treatment,1848,738
stim_treatment,1405,513
stim_treatment,1979,645
stim_treatment,1125,535
stim_treatment,2512,790
stim_treatment,1164,527
stim_treatment,2296,839
stim_treatment,5054,1202
stim_treatment,889,462
stim_treatment,142,103
stim_treatment,1628,603
stim_treatment,1611,543
stim_treatment,3801,896
stim_treatment,2403,766
stim_treatment,1292,485
stim_treatment,729,302
stim_treatment,1496,480
stim_treatment,1117,513
stim_treatment,1228,469
stim_treatment,1357,531
stim_treatment,2099,636
stim_treatment,956,521
stim_treatment,1371,502
stim_treatment,582,311
stim_treatment,8490,1450
stim_treatment,327,149
stim_treatment,1756,647
stim_treatment,2923,843
stim_treatment,1023,418
stim_treatment,1047,468
stim_treatment,3583,938
stim_treatment,487,283
stim_treatment,1386,583
stim_treatment,1027,464
stim_treatment,1046,437
stim_treatment,710,418
stim_treatment,1922,700
stim_treatment,1421,535
stim_treatment,459,236
stim_treatment,669,401
stim_treatment,5069,1059
stim_treatment,3361,895
stim_treatment,2068,552
stim_treatment,2424,695
stim_treatment,1848,706
stim_treatment,1844,655
stim_treatment,1191,582
stim_treatment,1101,523
stim_treatment,1246,592
stim_treatment,3001,768
stim_treatment,2088,670
stim_treatment,960,364
stim_treatment,544,282
stim_treatment,1711,611
stim_treatment,1031,479
stim_treatment,2354,669
stim_treatment,1144,486
stim_treatment,925,463
stim_treatment,543,308
stim_treatment,3299,950
stim_treatment,1223,543
stim_treatment,472,260
stim_treatment,1105,451
stim_treatment,5582,1482
stim_treatment,1057,435
stim_treatment,812,285
stim_treatment,1056,548
stim_treatment,6330,1580
stim_treatment,2186,568
stim_treatment,800,397
stim_treatment,4199,1128
stim_treatment,1350,517
stim_treatment,995,455
stim_treatment,3156,831
stim_treatment,1711,500
stim_treatment,1421,486
stim_treatment,1262,490
stim_treatment,1727,742
stim_treatment,1232,472
stim_treatment,1159,504
stim_treatment,1601,762
stim_treatment,1515,636
stim_treatment,1011,406
stim_treatment,841,337
stim_treatment,3203,725
stim_treatment,2315,875
stim_treatment,1149,464
stim_treatment,2646,821
stim_treatment,1341,556
stim_treatment,4828,1235
stim_treatment,1182,566
stim_treatment,596,316
stim_treatment,2376,614
stim_treatment,1396,538
stim_treatment,2181,875
stim_treatment,1515,615
stim_treatment,3482,1224
stim_treatment,2224,963
stim_treatment,1185,486
stim_treatment,2723,837
stim_treatment,1220,488
stim_treatment,1027,528
stim_treatment,603,316
stim_treatment,1329,634
stim_treatment,864,382
stim_treatment,2686,707
stim_treatment,3159,954
stim_treatment,941,425
stim_treatment,1117,407
stim_treatment,917,479
stim_treatment,1470,448
stim_treatment,1532,705
stim_treatment,1150,536
stim_treatment,255,138
stim_treatment,1982,892
stim_treatment,905,406
stim_treatment,464,256
stim_treatment,2258,836
stim_treatment,954,408
stim_treatment,2111,677
stim_treatment,1782,617
stim_treatment,988,478
stim_treatment,2770,955
stim_treatment,3609,957
stim_treatment,1358,523
stim_treatment,1472,535
stim_treatment,836,438
stim_treatment,4475,1005
stim_treatment,1460,506
stim_treatment,1527,640
stim_treatment,5484,1321
stim_treatment,805,403
stim_treatment,3172,931
stim_treatment,2268,729
stim_treatment,287,138
stim_treatment,1353,551
stim_treatment,918,386
stim_treatment,3002,856
stim_treatment,1550,708
stim_treatment,589,337
stim_treatment,1634,592
stim_treatment,1543,615
stim_treatment,2721,734
stim_treatment,1711,631
stim_treatment,3308,965
stim_treatment,1389,503
stim_treatment,1020,473
stim_treatment,1140,450
stim_treatment,2258,872
stim_treatment,1287,562
stim_treatment,651,318
stim_treatment,2482,917
stim_treatment,778,375
stim_treatment,2532,766
stim_treatment,1129,510
stim_treatment,1261,468
stim_treatment,599,333
stim_treatment,1207,425
stim_treatment,1199,484
stim_treatment,744,383
stim_treatment,262,170
stim_treatment,2783,671
stim_treatment,1292,452
stim_treatment,1636,538
stim_treatment,1401,523
stim_treatment,665,342
stim_treatment,2883,673
stim_treatment,693,303
stim_treatment,1613,628
stim_treatment,1507,610
stim_treatment,1452,554
stim_treatment,1643,612
stim_treatment,2699,875
stim_treatment,1505,380
stim_treatment,1769,652
stim_treatment,1227,592
stim_treatment,1506,621
stim_treatment,300,158
stim_treatment,171,110
stim_treatment,997,391
stim_treatment,2146,797
stim_treatment,959,446
stim_treatment,2321,814
stim_treatment,4548,926
stim_treatment,1307,654
stim_treatment,1564,614
stim_treatment,415,199
stim_treatment,1438,526
stim_treatment,3247,947
stim_treatment,6166,1582
stim_treatment,7422,2144
stim_treatment,988,477
stim_treatment,1405,706
stim_treatment,2565,897
stim_treatment,540,276
stim_treatment,3628,1339
stim_treatment,792,391
stim_treatment,2924,1144
stim_treatment,1003,522
stim_treatment,1448,574
stim_treatment,835,489
stim_treatment,1665,666
stim_treatment,1099,530
stim_treatment,3221,800
stim_treatment,1087,551
stim_treatment,1533,550
stim_treatment,1128,534
stim_treatment,1490,531
stim_treatment,2093,937
stim_treatment,911,484
stim_treatment,1673,562
stim_treatment,929,416
stim_treatment,1459,556
stim_treatment,1902,566
stim_treatment,3067,703
stim_treatment,2065,878
stim_treatment,2267,753
stim_treatment,238,148
stim_treatment,1153,481
stim_treatment,921,480
stim_treatment,1219,631
stim_treatment,540,287
stim_treatment,1023,460
stim_treatment,1277,575
stim_treatment,1307,461
stim_treatment,1054,483
stim_treatment,1063,466
stim_treatment,571,281
stim_treatment,2914,760
stim_treatment,2626,746
stim_treatment,2684,795
stim_treatment,1587,630
stim_treatment,3821,986
stim_treatment,1164,498
stim_treatment,2973,880
stim_treatment,839,476
stim_treatment,1920,628
stim_treatment,1291,589
stim_treatment,1275,503
stim_treatment,3292,1070
stim_treatment,795,413
stim_treatment,1397,537
stim_treatment,1201,494
stim_treatment,2947,1105
stim_treatment,1210,465
stim_treatment,3857,1045
stim_treatment,1325,571
stim_treatment,1032,308
stim_treatment,3800,1139
stim_treatment,3677,864
stim_treatment,1113,479
stim_treatment,1238,458
stim_treatment,1265,471
stim_treatment,1008,390
stim_treatment,1192,473
stim_treatment,4605,1278
stim_treatment,1291,480
stim_treatment,1180,557
stim_treatment,842,426
stim_treatment,4981,1363
stim_treatment,1496,588
stim_treatment,1553,554
stim_treatment,2290,769
stim_treatment,1034,504
stim_treatment,1870,540
stim_treatment,671,293
stim_treatment,1239,463
stim_treatment,1393,569
stim_treatment,899,436
stim_treatment,1271,552
stim_treatment,3273,997
stim_treatment,1316,518
stim_treatment,1156,424
stim_treatment,947,445
stim_treatment,1201,506
stim_treatment,888,433
stim_treatment,1971,608
stim_treatment,2002,760
stim_treatment,1473,546
stim_treatment,1954,734
stim_treatment,2286,876
stim_treatment,604,396
stim_treatment,1661,587
stim_treatment,936,451
stim_treatment,2067,536
stim_treatment,2360,746
stim_treatment,1358,451
stim_treatment,1265,598
stim_treatment,1014,398
stim_treatment,1237,545
stim_treatment,1341,492
stim_treatment,953,405
stim_treatment,1464,612
stim_treatment,898,382
stim_treatment,941,412
stim_treatment,451,249
stim_treatment,1347,580
stim_treatment,6589,1440
stim_treatment,937,432
stim_treatment,866,429
stim_treatment,1063,437
stim_treatment,1292,464
stim_treatment,719,299
stim_treatment,1348,503
stim_treatment,2894,916
stim_treatment,2434,941
stim_treatment,836,369
stim_treatment,705,392
stim_treatment,1568,622
stim_treatment,1275,618
stim_treatment,618,347
stim_treatment,1971,577
stim_treatment,725,386
stim_treatment,402,272
stim_treatment,2139,621
stim_treatment,954,470
stim_treatment,1725,603
stim_treatment,1358,543
stim_treatment,4251,972
stim_treatment,952,418
stim_treatment,2140,904
stim_treatment,1830,614
stim_treatment,865,444
stim_treatment,1052,500
stim_treatment,3770,1238
stim_treatment,1345,557
stim_treatment,904,424
stim_treatment,799,330
stim_treatment,827,435
stim_treatment,1411,653
stim_treatment,1384,506
stim_treatment,909,504
stim_treatment,843,407
stim_treatment,1311,468
stim_treatment,1456,591
stim_treatment,833,343
stim_treatment,1160,464
stim_treatment,982,406
stim_treatment,184,128
stim_treatment,429,219
stim_treatment,1248,518
stim_treatment,1458,506
stim_treatment,1776,661
stim_treatment,5796,1200
stim_treatment,554,285
stim_treatment,926,530
stim_treatment,1157,437
stim_treatment,455,299
stim_treatment,1377,698
stim_treatment,941,469
stim_treatment,1122,451
stim_treatment,1088,462
stim_treatment,1669,633
stim_treatment,1339,603
stim_treatment,1056,477
stim_treatment,808,478
stim_treatment,730,344
stim_treatment,615,333
stim_treatment,1355,586
stim_treatment,1136,502
stim_treatment,3938,1092
stim_treatment,898,496
stim_treatment,1439,706
stim_treatment,2373,719
stim_treatment,3070,987
stim_treatment,4402,1165
stim_treatment,923,424
stim_treatment,1673,562
stim_treatment,2288,697
stim_treatment,1013,453
stim_treatment,1027,442
stim_treatment,1531,591
stim_treatment,603,319
stim_treatment,2150,784
stim_treatment,1000,429
stim_treatment,2301,857
stim_treatment,1498,745
stim_treatment,1433,566
stim_treatment,1525,519
stim_treatment,2355,665
stim_treatment,1052,506
stim_treatment,1560,463
stim_treatment,1549,765
stim_treatment,4637,1246
stim_treatment,381,232
stim_treatment,1211,507
stim_treatment,3022,897
stim_treatment,1293,499
stim_treatment,545,289
stim_treatment,948,439
stim_treatment,675,279
stim_treatment,1555,539
stim_treatment,1182,548
stim_treatment,1439,552
stim_treatment,4881,1133
stim_treatment,1137,547
stim_treatment,758,388
stim_treatment,1412,606
stim_treatment,1751,625
stim_treatment,1614,704
stim_treatment,1724,709
stim_treatment,1342,541
stim_treatment,1592,529
stim_treatment,902,456
stim_treatment,1137,402
stim_treatment,1569,500
stim_treatment,2736,926
stim_treatment,1953,817
stim_treatment,871,402
stim_treatment,3139,759
stim_treatment,6819,1429
stim_treatment,3122,943
stim_treatment,1566,545
stim_treatment,1291,605
stim_treatment,946,421
stim_treatment,812,451
stim_treatment,975,439
stim_treatment,452,304
stim_treatment,1414,608
stim_treatment,1012,550
stim_treatment,2359,823
stim_treatment,1108,517
stim_treatment,2860,730
stim_treatment,2052,576
stim_treatment,2706,660
stim_treatment,907,446
stim_treatment,1447,624
stim_treatment,2494,619
stim_treatment,3215,1296
stim_treatment,1444,455
stim_treatment,351,190
stim_treatment,2541,949
stim_treatment,469,235
stim_treatment,2755,761
stim_treatment,3330,1101
stim_treatment,841,483
stim_treatment,801,403
stim_treatment,564,242
stim_treatment,987,501
stim_treatment,1557,501
stim_treatment,1231,517
stim_treatment,721,349
stim_treatment,1227,488
stim_treatment,1057,462
stim_treatment,745,382
stim_treatment,1446,514
stim_treatment,1451,647
stim_treatment,519,288
stim_treatment,1255,520
stim_treatment,2786,688
stim_treatment,957,460
stim_treatment,1759,625
stim_treatment,2700,1005
stim_treatment,2170,679
stim_treatment,1080,466
stim_treatment,2244,656
stim_treatment,1484,714
stim_treatment,1265,571
stim_treatment,936,405
stim_treatment,1045,437
stim_treatment,997,494
stim_treatment,3433,899
stim_treatment,565,290
stim_treatment,1564,522
stim_treatment,1127,448
stim_treatment,878,510
stim_treatment,2042,649
stim_treatment,1381,601
stim_treatment,4126,976
stim_treatment,1002,516
stim_treatment,1391,571
stim_treatment,1973,779
stim_treatment,3741,977
stim_treatment,828,413
stim_treatment,273,122
stim_treatment,1472,561
stim_treatment,748,320
stim_treatment,1781,629
stim_treatment,1114,455
stim_treatment,2694,935
stim_treatment,2895,759
stim_treatment,1938,598
stim_treatment,1129,474
stim_treatment,2975,810
stim_treatment,2894,963
stim_treatment,985,430
stim_treatment,989,485
stim_treatment,4623,1138
stim_treatment,3845,920
stim_treatment,934,298
stim_treatment,1770,525
stim_treatment,774,377
stim_treatment,649,405
stim_treatment,933,422
stim_treatment,2586,676
stim_treatment,607,316
stim_treatment,542,307
stim_treatment,878,465
stim_treatment,783,378
stim_treatment,715,346
stim_treatment,1561,488
stim_treatment,923,459
stim_treatment,3766,1001
stim_treatment,569,328
stim_treatment,1004,478
stim_treatment,1707,771
stim_treatment,2049,876
stim_treatment,1830,663
stim_treatment,743,328
stim_treatment,1115,457
stim_treatment,2458,713
stim_treatment,169,108
stim_treatment,1877,657
stim_treatment,1654,622
stim_treatment,1513,490
stim_treatment,1299,527
stim_treatment,1118,381
stim_treatment,547,325
stim_treatment,1281,454
stim_treatment,3248,897
stim_treatment,3528,894
stim_treatment,842,414
stim_treatment,979,501
stim_treatment,625,241
stim_treatment,1101,454
stim_treatment,3115,987
stim_treatment,3985,895
stim_treatment,2278,703
stim_treatment,590,306
stim_treatment,1405,532
stim_treatment,1354,563
stim_treatment,755,322
stim_treatment,3811,1073
stim_treatment,760,428
stim_treatment,1214,595
stim_treatment,1670,693
stim_treatment,2621,770
stim_treatment,2246,775
stim_treatment,538,164
stim_treatment,3406,1144
stim_treatment,944,436
stim_treatment,3082,1115
stim_treatment,1095,424
stim_treatment,3266,923
stim_treatment,928,421
stim_treatment,1587,469
stim_treatment,1110,664
stim_treatment,1015,467
stim_treatment,1726,761
stim_treatment,3562,923
stim_treatment,1465,613
stim_treatment,4612,1443
stim_treatment,3321,1097
stim_treatment,1808,648
stim_treatment,1130,465
stim_treatment,1548,628
stim_treatment,1019,511
stim_treatment,1517,587
stim_treatment,1632,697
stim_treatment,960,511
stim_treatment,1959,839
stim_treatment,2575,922
stim_treatment,1237,471
stim_treatment,840,386
stim_treatment,1455,526
stim_treatment,4864,1244
stim_treatment,1332,690
stim_treatment,1195,511
stim_treatment,592,267
stim_treatment,2509,857
stim_treatment,1199,467
stim_treatment,1323,518
stim_treatment,876,422
stim_treatment,1050,473
stim_treatment,3101,1008
stim_treatment,915,318
stim_treatment,796,392
stim_treatment,1228,564
stim_treatment,2808,818
stim_treatment,889,441
stim_treatment,1141,482
stim_treatment,2394,645
stim_treatment,2449,839
stim_treatment,1246,573
stim_treatment,1315,465
stim_treatment,1315,506
stim_treatment,1213,529
stim_treatment,840,307
stim_treatment,3793,1083
stim_treatment,3799,866
stim_treatment,3562,854
stim_treatment,1886,557
stim_treatment,401,213
stim_treatment,1089,432
stim_treatment,2137,783
stim_treatment,1413,649
stim_treatment,731,423
stim_treatment,1559,623
stim_treatment,1121,456
stim_treatment,1816,767
stim_treatment,626,354
stim_treatment,4323,988
stim_treatment,1340,546
stim_treatment,1816,656
stim_treatment,2969,696
stim_treatment,1214,522
stim_treatment,1578,549
stim_treatment,160,101
stim_treatment,1405,664
stim_treatment,1369,518
stim_treatment,1865,586
stim_treatment,2539,984
stim_treatment,734,340
stim_treatment,1034,402
stim_treatment,1236,642
stim_treatment,1016,443
stim_treatment,3190,1191
stim_treatment,10641,2695
stim_treatment,1140,535
stim_treatment,690,332
stim_treatment,3485,980
stim_treatment,1088,484
stim_treatment,190,100
stim_treatment,2334,1046
stim_treatment,1959,570
stim_treatment,1265,467
stim_treatment,1847,618
stim_treatment,1010,437
stim_treatment,1048,464
stim_treatment,1671,557
stim_treatment,1472,557
stim_treatment,747,342
stim_treatment,1181,496
stim_treatment,1611,664
stim_treatment,1032,421
stim_treatment,2594,789
stim_treatment,1237,528
stim_treatment,2780,704
stim_treatment,1261,476
stim_treatment,4932,1297
stim_treatment,667,343
stim_treatment,1633,628
stim_treatment,1157,454
stim_treatment,2881,789
stim_treatment,1004,407
stim_treatment,1457,645
stim_treatment,999,440
stim_treatment,845,369
stim_treatment,798,398
stim_treatment,1153,510
stim_treatment,895,354
stim_treatment,2762,946
stim_treatment,716,418
stim_treatment,1045,412
stim_treatment,893,431
stim_treatment,2364,651
stim_treatment,1241,519
stim_treatment,3954,720
stim_treatment,2743,796
stim_treatment,1108,507
stim_treatment,793,326
stim_treatment,1118,430
stim_treatment,1320,587
stim_treatment,1008,488
stim_treatment,923,486
stim_treatment,1422,562
stim_treatment,3515,1302
stim_treatment,1674,519
stim_treatment,1145,465
stim_treatment,1151,560
stim_treatment,1152,608
stim_treatment,2064,594
stim_treatment,1473,527
stim_treatment,1214,481
stim_treatment,1891,840
stim_treatment,1241,647
stim_treatment,2069,681
stim_treatment,1028,485
stim_treatment,3058,786
stim_treatment,3330,983
stim_treatment,1583,584
stim_treatment,1360,563
stim_treatment,1051,499
stim_treatment,1473,543
stim_treatment,1628,525
stim_treatment,919,422
stim_treatment,1732,575
stim_treatment,2374,581
stim_treatment,859,463
stim_treatment,1743,692
stim_treatment,1409,585
stim_treatment,5525,1357
stim_treatment,1374,535
stim_treatment,2158,770
stim_treatment,580,307
stim_treatment,4838,1557
stim_treatment,1392,446
stim_treatment,765,354
stim_treatment,2166,575
stim_treatment,333,200
stim_treatment,3029,949
stim_treatment,646,280
stim_treatment,994,415
stim_treatment,1244,443
stim_treatment,1603,806
stim_treatment,1067,549
stim_treatment,1200,470
stim_treatment,2179,616
stim_treatment,856,445
stim_treatment,533,289
stim_treatment,1097,485
stim_treatment,2336,655
stim_treatment,1080,399
stim_treatment,1622,497
stim_treatment,3583,754
stim_treatment,577,351
stim_treatment,779,482
stim_treatment,1120,537
stim_treatment,1445,506
stim_treatment,1833,783
stim_treatment,1079,492
stim_treatment,1167,465
stim_treatment,1491,602
stim_treatment,1587,618
stim_treatment,1279,598
stim_treatment,3709,951
stim_treatment,520,279
stim_treatment,469,256
stim_treatment,1832,681
stim_treatment,1802,846
stim_treatment,662,359
stim_treatment,790,403
stim_treatment,958,531
stim_treatment,1332,554
stim_treatment,1675,550
stim_treatment,2829,914
stim_treatment,2825,955
stim_treatment,3124,815
stim_treatment,1294,536
stim_treatment,1210,534
stim_treatment,375,202
stim_treatment,1211,446
stim_treatment,1007,468
stim_treatment,1468,651
stim_treatment,1435,611
stim_treatment,1347,591
stim_treatment,947,484
stim_treatment,1280,442
stim_treatment,1006,460
stim_treatment,608,368
stim_treatment,1231,468
stim_treatment,1444,472
stim_treatment,714,415
stim_treatment,3217,790
stim_treatment,1117,397
stim_treatment,1254,578
stim_treatment,4383,1231
stim_treatment,298,197
stim_treatment,4468,1248
stim_treatment,711,426
stim_treatment,1608,772
stim_treatment,1833,708
stim_treatment,1849,622
stim_treatment,1960,728
stim_treatment,2228,831
stim_treatment,702,361
stim_treatment,1861,714
stim_treatment,2383,958
stim_treatment,1284,531
stim_treatment,4330,1007
stim_treatment,1063,491
stim_treatment,1946,612
stim_treatment,4665,1192
stim_treatment,1380,529
stim_treatment,804,446
stim_treatment,1593,587
stim_treatment,262,165
stim_treatment,958,472
stim_treatment,2923,1063
stim_treatment,4875,1328
stim_treatment,6162,1511
stim_treatment,3758,801
stim_treatment,1298,538
stim_treatment,1426,642
stim_treatment,1774,508
stim_treatment,1910,828
stim_treatment,1348,573
stim_treatment,1951,658
stim_treatment,1154,553
stim_treatment,2664,896
stim_treatment,1093,450
stim_treatment,815,421
stim_treatment,3942,1012
stim_treatment,1430,579
stim_treatment,1949,743
stim_treatment,3565,1333
stim_treatment,942,476
stim_treatment,975,445
stim_treatment,1292,538
stim_treatment,1317,567
stim_treatment,1201,600
stim_treatment,1380,557
stim_treatment,1197,573
stim_treatment,2478,655
stim_treatment,387,223
stim_treatment,1392,578
stim_treatment,3772,883
stim_treatment,1445,611
stim_treatment,505,239
stim_treatment,1746,523
stim_treatment,837,402
stim_treatment,1177,513
stim_treatment,848,398
stim_treatment,1372,492
stim_treatment,1351,576
stim_treatment,1598,604
stim_treatment,730,400
stim_treatment,4014,1003
stim_treatment,1099,400
stim_treatment,772,415
stim_treatment,2600,966
stim_treatment,256,150
stim_treatment,1757,580
stim_treatment,1110,549
stim_treatment,2580,703
stim_treatment,1091,467
stim_treatment,319,168
stim_treatment,656,280
stim_treatment,907,482
stim_treatment,1620,758
stim_treatment,2375,730
stim_treatment,1955,939
stim_treatment,987,382
stim_treatment,1003,443
stim_treatment,1466,510
stim_treatment,2097,694
stim_treatment,882,450
stim_treatment,1928,676
stim_treatment,1306,588
stim_treatment,932,418
stim_treatment,872,427
stim_treatment,1024,474
stim_treatment,4978,1416
stim_treatment,187,126
stim_treatment,992,456
stim_treatment,2018,779
stim_treatment,1347,467
stim_treatment,3204,862
stim_treatment,1235,399
stim_treatment,2316,700
stim_treatment,1225,587
stim_treatment,188,108
stim_treatment,2192,589
stim_treatment,1149,442
stim_treatment,2257,938
stim_treatment,1394,513
stim_treatment,3511,804
stim_treatment,212,122
stim_treatment,494,275
stim_treatment,1738,632
stim_treatment,1576,746
stim_treatment,536,355
stim_treatment,392,198
stim_treatment,589,204
stim_treatment,1012,467
stim_treatment,4332,993
stim_treatment,2739,755
stim_treatment,1372,532
stim_treatment,930,414
stim_treatment,1286,640
stim_treatment,1638,614
stim_treatment,3398,973
stim_treatment,1496,503
stim_treatment,1454,509
stim_treatment,1434,538
stim_treatment,806,425
stim_treatment,1333,432
stim_treatment,667,362
stim_treatment,158,124
stim_treatment,4833,1254
stim_treatment,1590,649
stim_treatment,4966,1307
stim_treatment,1400,623
stim_treatment,1222,609
stim_treatment,1538,630
stim_treatment,2873,916
stim_treatment,891,453
stim_treatment,1243,560
stim_treatment,2522,893
stim_treatment,1143,448
stim_treatment,3221,974
stim_treatment,1380,515
stim_treatment,1388,621
stim_treatment,1071,429
stim_treatment,1496,619
stim_treatment,3925,1135
stim_treatment,1479,609
stim_treatment,1579,634
stim_treatment,1268,486
stim_treatment,1357,640
stim_treatment,1402,613
stim_treatment,1881,625
stim_treatment,813,379
stim_treatment,1330,523
stim_treatment,1022,457
stim_treatment,1027,439
stim_treatment,1306,446
stim_treatment,1380,505
stim_treatment,707,313
stim_treatment,3400,928
stim_treatment,3276,990
stim_treatment,1057,492
stim_treatment,1029,471
stim_treatment,3218,949
stim_treatment,1598,471
stim_treatment,1552,568
stim_treatment,1278,557
stim_treatment,1252,513
stim_treatment,3251,103
stim_treatment,1206,618
stim_treatment,1054,478
stim_treatment,1513,538
stim_treatment,716,368
stim_treatment,1695,611
stim_treatment,1648,610
stim_treatment,1966,780
stim_treatment,2510,700
stim_treatment,1155,503
stim_treatment,563,330
stim_treatment,1082,354
stim_treatment,159,104
stim_treatment,3400,1009
stim_treatment,724,392
stim_treatment,377,214
stim_treatment,1167,510
stim_treatment,1515,596
stim_treatment,5156,1629
stim_treatment,3222,1057
stim_treatment,1011,455
stim_treatment,1045,430
stim_treatment,5032,1046
stim_treatment,1538,528
stim_treatment,751,373
stim_treatment,4754,1100
stim_treatment,1665,548
stim_treatment,1041,489
stim_treatment,2104,637
stim_treatment,1862,643
stim_treatment,880,393
stim_treatment,2894,850
stim_treatment,991,473
stim_treatment,1895,706
stim_treatment,1848,606
stim_treatment,1901,633
stim_treatment,490,276
stim_treatment,2600,635
stim_treatment,1112,515
stim_treatment,4561,546
stim_treatment,1428,592
stim_treatment,2104,721
stim_treatment,1240,566
stim_treatment,1301,536
stim_treatment,1171,466
stim_treatment,1130,453
stim_treatment,1890,569
stim_treatment,2029,769
stim_treatment,2900,752
stim_treatment,1668,650
stim_treatment,1052,446
stim_treatment,440,256
stim_treatment,628,391
stim_treatment,1268,581
stim_treatment,1241,511
stim_treatment,790,404
stim_treatment,1560,680
stim_treatment,2264,663
stim_treatment,796,339
stim_treatment,1482,549
stim_treatment,484,273
stim_treatment,1355,651
stim_treatment,1035,506
stim_treatment,1160,561
stim_treatment,1376,496
stim_treatment,949,439
stim_treatment,2189,789
stim_treatment,1193,547
stim_treatment,757,347
stim_treatment,1720,748
stim_treatment,1868,579
stim_treatment,3032,772
stim_treatment,1442,534
stim_treatment,682,370
stim_treatment,947,383
stim_treatment,1141,568
stim_treatment,1208,454
stim_treatment,2587,678
stim_treatment,938,488
stim_treatment,1921,650
stim_treatment,1107,467
stim_treatment,2154,608
stim_treatment,1091,465
stim_treatment,353,104
stim_treatment,1602,733
stim_treatment,819,444
stim_treatment,827,419
stim_treatment,1516,536
stim_treatment,1504,514
stim_treatment,1107,570
stim_treatment,772,379
stim_treatment,3583,921
stim_treatment,3301,939
stim_treatment,827,433
stim_treatment,1131,490
stim_treatment,1513,529
stim_treatment,2548,695
stim_treatment,4305,943
stim_treatment,1020,475
stim_treatment,2179,774
stim_treatment,908,350
stim_treatment,586,329
stim_treatment,879,366
stim_treatment,997,490
stim_treatment,1123,486
stim_treatment,1879,647
stim_treatment,2907,864
stim_treatment,1019,312
stim_treatment,1197,573
stim_treatment,872,427
stim_treatment,2668,884
stim_treatment,2281,669
stim_treatment,1191,466
stim_treatment,4639,1312
stim_treatment,2735,887
stim_treatment,937,459
stim_treatment,627,317
stim_treatment,802,334
stim_treatment,1614,602
stim_treatment,3376,1033
stim_treatment,3405,748
stim_treatment,2296,853
stim_treatment,1405,521
stim_treatment,2032,800
stim_treatment,4539,1164
stim_treatment,1297,594
stim_treatment,1444,707
stim_treatment,2814,839
stim_treatment,2903,841
stim_treatment,3244,775
stim_treatment,2172,670
stim_treatment,1797,569
stim_treatment,1294,611
stim_treatment,5598,1184
stim_treatment,1403,470
stim_treatment,1013,518
stim_treatment,247,171
stim_treatment,5962,1451
stim_treatment,1230,447
stim_treatment,940,526
stim_treatment,4050,882
stim_treatment,3231,809
stim_treatment,620,322
stim_treatment,1070,416
stim_treatment,631,286
stim_treatment,612,338
stim_treatment,1536,611
stim_treatment,871,426
stim_treatment,1320,563
stim_treatment,4720,1259
stim_treatment,2888,914
stim_treatment,1509,561
stim_treatment,2154,838
stim_treatment,3456,1086
stim_treatment,2394,713
stim_treatment,1032,502
stim_treatment,1106,398
stim_treatment,1109,495
stim_treatment,1267,551
stim_treatment,1202,516
stim_treatment,1448,602
stim_treatment,1218,490
stim_treatment,1649,687
stim_treatment,829,289
stim_treatment,815,389
stim_treatment,1492,604
stim_treatment,770,394
stim_treatment,1971,689
stim_treatment,1224,450
stim_treatment,1007,474
stim_treatment,1813,647
stim_treatment,1416,531
stim_treatment,906,429
stim_treatment,4703,1087
stim_treatment,1341,543
stim_treatment,1946,546
stim_treatment,3287,868
stim_treatment,2330,679
stim_treatment,1298,513
stim_treatment,578,328
stim_treatment,2797,747
stim_treatment,1462,647
stim_treatment,1110,431
stim_treatment,3653,931
stim_treatment,2943,851
stim_treatment,872,407
stim_treatment,1422,585
stim_treatment,2169,661
stim_treatment,1081,529
stim_treatment,1346,479
stim_treatment,3017,840
stim_treatment,460,248
stim_treatment,1334,614
stim_treatment,2727,886
stim_treatment,1502,476
stim_treatment,832,336
stim_treatment,966,428
stim_treatment,969,465
stim_treatment,1096,585
stim_treatment,457,251
stim_treatment,1267,579
stim_treatment,1207,473
stim_treatment,569,344
stim_treatment,1037,402
stim_treatment,1044,428
stim_treatment,932,413
stim_treatment,942,523
stim_treatment,3698,1004
stim_treatment,1845,778
stim_treatment,5101,1183
stim_treatment,996,453
stim_treatment,1393,548
stim_treatment,964,354
stim_treatment,1183,581
stim_treatment,762,456
stim_treatment,1560,698
stim_treatment,2349,726
stim_treatment,471,275
stim_treatment,1637,594
stim_treatment,539,273
stim_treatment,966,433
stim_treatment,1432,526
stim_treatment,1035,506
stim_treatment,191,104
stim_treatment,1456,605
stim_treatment,2471,731
stim_treatment,742,347
stim_treatment,1112,427
stim_treatment,4067,1091
stim_treatment,517,275
stim_treatment,3940,976
stim_treatment,1417,606
stim_treatment,962,350
stim_treatment,869,435
stim_treatment,3666,999
stim_treatment,951,442
stim_treatment,810,439
stim_treatment,887,418
stim_treatment,1017,469
stim_treatment,1336,473
stim_treatment,589,283
stim_treatment,634,363
stim_treatment,2026,604
stim_treatment,943,443
stim_treatment,2026,705
stim_treatment,1666,549
stim_treatment,934,452
stim_treatment,4204,1144
stim_treatment,956,450
stim_treatment,3642,867
stim_treatment,556,321
stim_treatment,1060,532
stim_treatment,4677,1176
stim_treatment,1087,477
stim_treatment,698,367
stim_treatment,1254,541
stim_treatment,3736,1144
stim_treatment,1606,707
stim_treatment,1684,467
stim_treatment,460,285
stim_treatment,3076,892
stim_treatment,1615,562
stim_treatment,1086,581
stim_treatment,451,255
stim_treatment,945,327
stim_treatment,1022,436
stim_treatment,1302,659
stim_treatment,1906,621
stim_treatment,1421,565
stim_treatment,2468,643
stim_treatment,866,457
stim_treatment,1378,482
stim_treatment,3158,949
stim_treatment,1950,786
stim_treatment,938,408
stim_treatment,3956,1126
stim_treatment,1207,470
stim_treatment,1662,623
stim_treatment,796,387
stim_treatment,1619,645
stim_treatment,3720,766
stim_treatment,1480,589
stim_treatment,1325,557
stim_treatment,2807,716
stim_treatment,897,348
stim_treatment,1407,597
stim_treatment,944,391
stim_treatment,1591,610
stim_treatment,2517,672
stim_treatment,587,270
stim_treatment,4067,1226
stim_treatment,1663,629
stim_treatment,1243,461
stim_treatment,1163,467
stim_treatment,2761,679
stim_treatment,771,340
stim_treatment,1502,533
stim_treatment,896,389
stim_treatment,1090,511
stim_treatment,332,182
stim_treatment,1909,810
stim_treatment,694,359
stim_treatment,1955,577
stim_treatment,1140,540
stim_treatment,1613,561
stim_treatment,2218,839
stim_treatment,2086,727
stim_treatment,1412,579
stim_treatment,2212,673
stim_treatment,1868,826
stim_treatment,990,398
stim_treatment,626,377
stim_treatment,1218,539
stim_treatment,561,317
stim_treatment,1038,369
stim_treatment,1279,485
stim_treatment,1634,688
stim_treatment,1310,537
stim_treatment,5984,1425
stim_treatment,1211,454
stim_treatment,203,123
stim_treatment,6316,1310
stim_treatment,3823,976
stim_treatment,1327,531
stim_treatment,1521,572
stim_treatment,2904,1210
stim_treatment,3196,870
stim_treatment,944,408
stim_treatment,1754,568
stim_treatment,745,390
stim_treatment,977,413
stim_treatment,1046,443
stim_treatment,1734,603
stim_treatment,1332,533
stim_treatment,916,340
stim_treatment,1313,579
stim_treatment,1911,620
stim_treatment,1687,605
stim_treatment,1089,529
stim_treatment,2878,1066
stim_treatment,2668,623
stim_treatment,757,393
stim_treatment,836,438
stim_treatment,1505,588
stim_treatment,1582,687
stim_treatment,1702,575
stim_treatment,1516,554
stim_treatment,273,176
stim_treatment,857,445
stim_treatment,1168,525
stim_treatment,2110,911
stim_treatment,462,248
stim_treatment,532,266
stim_treatment,5031,1100
stim_treatment,3478,797
stim_treatment,1997,870
stim_treatment,912,459
stim_treatment,1607,486
stim_treatment,1309,470
stim_treatment,2018,804
stim_treatment,1664,634
stim_treatment,1803,703
stim_treatment,1630,594
stim_treatment,2355,761
stim_treatment,1738,692
stim_treatment,3373,988
stim_treatment,950,365
stim_treatment,928,406
stim_treatment,647,298
stim_treatment,4947,1525
stim_treatment,1975,679
stim_treatment,811,371
stim_treatment,6510,1449
stim_treatment,1598,567
stim_treatment,658,391
stim_treatment,1575,679
stim_treatment,715,328
stim_treatment,3551,765
stim_treatment,442,222
stim_treatment,737,418
stim_treatment,958,442
stim_treatment,1954,636
stim_treatment,1221,516
stim_treatment,1114,471
stim_treatment,1819,653
stim_treatment,614,316
stim_treatment,1027,626
stim_treatment,2902,940
stim_treatment,864,481
stim_treatment,802,434
stim_treatment,2057,790
stim_treatment,1318,566
stim_treatment,2958,896
stim_treatment,3331,859
stim_treatment,1736,569
stim_treatment,1516,570
stim_treatment,1753,541
stim_treatment,630,369
stim_treatment,831,341
stim_treatment,3211,911
stim_treatment,888,431
stim_treatment,854,410
stim_treatment,2245,888
stim_treatment,1005,419
stim_treatment,686,397
stim_treatment,1536,597
stim_treatment,633,292
stim_treatment,1662,550
stim_treatment,2029,849
stim_treatment,2689,907
stim_treatment,1023,469
stim_treatment,1154,604
stim_treatment,1717,585
stim_treatment,1594,600
stim_treatment,1648,595
stim_treatment,672,346
stim_treatment,1228,560
stim_treatment,1536,610
stim_treatment,4181,1071
stim_treatment,3895,894
stim_treatment,1506,517
stim_treatment,1761,562
stim_treatment,1058,477
stim_treatment,2244,729
stim_treatment,2516,790
stim_treatment,1262,653
stim_treatment,2230,887
stim_treatment,1173,464
stim_treatment,779,365
stim_treatment,2866,955
stim_treatment,1715,539
stim_treatment,1205,514
stim_treatment,3492,1080
stim_treatment,4504,912
stim_treatment,3409,910
stim_treatment,673,298
stim_treatment,1157,591
stim_treatment,1359,473
stim_treatment,1278,498
stim_treatment,1155,485
stim_treatment,2123,656
stim_treatment,1116,543
stim_treatment,403,209
stim_treatment,1550,659
stim_treatment,1371,583
stim_treatment,1554,768
stim_treatment,1684,694
stim_treatment,1070,560
stim_treatment,3979,877
stim_treatment,231,125
stim_treatment,1094,452
stim_treatment,502,301
stim_treatment,1291,608
stim_treatment,1394,492
stim_treatment,775,335
stim_treatment,1230,536
stim_treatment,1087,440
stim_treatment,583,305
stim_treatment,1305,549
stim_treatment,2729,824
stim_treatment,581,305
stim_treatment,1923,651
stim_treatment,2036,714
stim_treatment,892,408
stim_treatment,741,311
stim_treatment,582,291
stim_treatment,4028,993
stim_treatment,1582,618
stim_treatment,3096,861
stim_treatment,2063,858
stim_treatment,6864,1426
stim_treatment,1061,354
stim_treatment,2286,732
stim_treatment,1294,558
stim_treatment,1545,630
stim_treatment,4346,886
stim_treatment,208,149
stim_treatment,786,423
stim_treatment,1569,503
stim_treatment,1261,475
stim_treatment,1522,525
stim_treatment,278,189
stim_treatment,1026,403
stim_treatment,1618,647
stim_treatment,968,428
stim_treatment,769,365
stim_treatment,2416,831
stim_treatment,2517,744
stim_treatment,804,393
stim_treatment,1014,496
stim_treatment,1418,572
stim_treatment,798,391
stim_treatment,1945,556
stim_treatment,1615,545
stim_treatment,1280,534
stim_treatment,1524,484
stim_treatment,973,516
stim_treatment,2575,742
stim_treatment,1527,588
stim_treatment,1276,498
stim_treatment,1318,612
stim_treatment,771,329
stim_treatment,963,393
stim_treatment,2692,844
stim_treatment,1101,582
stim_treatment,1432,583
stim_treatment,1491,600
stim_treatment,692,319
stim_treatment,1391,505
stim_treatment,6196,1731
stim_treatment,3329,773
stim_treatment,1231,536
stim_treatment,1695,495
stim_treatment,1220,473
stim_treatment,1797,825
stim_treatment,1078,567
stim_treatment,2103,552
stim_treatment,2032,582
stim_treatment,1480,548
stim_treatment,1993,762
stim_treatment,841,461
stim_treatment,1529,572
stim_treatment,1569,565
stim_treatment,1101,472
stim_treatment,1487,582
stim_treatment,2421,714
stim_treatment,1008,450
stim_treatment,3082,1046
stim_treatment,766,369
stim_treatment,1870,623
stim_treatment,2663,966
stim_treatment,1153,468
stim_treatment,3675,1055
stim_treatment,313,187
stim_treatment,1017,462
stim_treatment,814,429
stim_treatment,2496,819
stim_treatment,2443,651
stim_treatment,1910,636
stim_treatment,1260,458
stim_treatment,2280,712
stim_treatment,705,389
stim_treatment,1543,494
stim_treatment,450,272
stim_treatment,2622,966
stim_treatment,3076,758
stim_treatment,2023,685
stim_treatment,2150,752
stim_treatment,3577,1012
stim_treatment,1070,588
stim_treatment,1336,596
stim_treatment,2692,912
stim_treatment,238,146
stim_treatment,1572,587
stim_treatment,997,460
stim_treatment,2245,852
stim_treatment,1483,545
stim_treatment,1599,454
stim_treatment,3770,828
stim_treatment,1487,550
stim_treatment,995,417
stim_treatment,1041,454
stim_treatment,514,296
stim_treatment,1049,435
stim_treatment,3798,964
stim_treatment,5296,1108
stim_treatment,1178,617
stim_treatment,262,168
stim_treatment,1161,473
stim_treatment,6302,1331
stim_treatment,3540,1208
stim_treatment,1954,844
stim_treatment,1649,611
stim_treatment,1127,540
stim_treatment,3891,1369
stim_treatment,1301,609
stim_treatment,1235,507
stim_treatment,699,365
stim_treatment,973,428
stim_treatment,3027,788
stim_treatment,2150,788
stim_treatment,928,517
stim_treatment,761,407
stim_treatment,872,346
stim_treatment,987,370
stim_treatment,2597,659
stim_treatment,1020,395
stim_treatment,195,104
stim_treatment,1747,480
stim_treatment,3260,994
stim_treatment,305,204
stim_treatment,1415,483
stim_treatment,1261,495
stim_treatment,2429,901
stim_treatment,591,310
stim_treatment,980,454
stim_treatment,2343,788
stim_treatment,2258,539
stim_treatment,1328,548
stim_treatment,1357,579
stim_treatment,3932,995
stim_treatment,1389,606
stim_treatment,1033,505
stim_treatment,832,369
stim_treatment,1508,547
stim_treatment,4147,924
stim_treatment,929,354
stim_treatment,1131,511
stim_treatment,885,410
stim_treatment,386,195
stim_treatment,1242,441
stim_treatment,3140,990
stim_treatment,981,523
stim_treatment,1908,613
stim_treatment,967,377
stim_treatment,729,354
stim_treatment,139,112
stim_treatment,1882,867
stim_treatment,2076,760
stim_treatment,358,181
stim_treatment,1182,463
stim_treatment,2189,913
stim_treatment,2783,932
stim_treatment,3830,900
stim_treatment,568,302
stim_treatment,3841,913
stim_treatment,1556,512
stim_treatment,934,456
stim_treatment,1422,589
stim_treatment,1796,607
stim_treatment,1515,664
stim_treatment,265,158
stim_treatment,1010,391
stim_treatment,3067,829
stim_treatment,3752,1074
stim_treatment,196,126
stim_treatment,1090,454
stim_treatment,1922,565
stim_treatment,1502,654
stim_treatment,504,328
stim_treatment,913,410
stim_treatment,2415,829
stim_treatment,706,362
stim_treatment,1588,715
stim_treatment,917,513
stim_treatment,4202,1139
stim_treatment,681,365
stim_treatment,1240,509
stim_treatment,1704,690
stim_treatment,3282,1062
stim_treatment,3194,1008
stim_treatment,4483,1269
stim_treatment,3005,774
stim_treatment,4395,1287
stim_treatment,1135,424
stim_treatment,972,361
stim_treatment,4518,1059
stim_treatment,1271,595
stim_treatment,2237,861
stim_treatment,382,273
stim_treatment,6354,1270
stim_treatment,188,142
stim_treatment,2724,1174
stim_treatment,1166,402
stim_treatment,1384,556
stim_treatment,1705,577
stim_treatment,1149,496
stim_treatment,762,426
stim_treatment,1218,402
stim_treatment,2111,754
stim_treatment,630,310
stim_treatment,3610,807
stim_treatment,1692,742
stim_treatment,3862,1199
stim_treatment,1162,538
stim_treatment,1263,529
stim_treatment,1159,396
stim_treatment,1759,664
stim_treatment,881,300
stim_treatment,1417,569
stim_treatment,1578,580
stim_treatment,1185,548
stim_treatment,2155,903
stim_treatment,1575,640
stim_treatment,1475,618
stim_treatment,678,353
stim_treatment,1046,445
stim_treatment,221,140
stim_treatment,1242,592
stim_treatment,1055,510
stim_treatment,760,345
stim_treatment,1349,567
stim_treatment,2422,781
stim_treatment,1152,516
stim_treatment,884,423
stim_treatment,877,458
stim_treatment,947,456
stim_treatment,751,382
stim_treatment,1313,560
stim_treatment,298,177
stim_treatment,1169,454
stim_treatment,1624,736
stim_treatment,435,280
stim_treatment,1323,513
stim_treatment,1708,597
stim_treatment,790,361
stim_treatment,3833,830
stim_treatment,1677,532
stim_treatment,1261,450
stim_treatment,1931,727
stim_treatment,951,508
stim_treatment,1663,624
stim_treatment,3155,838
stim_treatment,773,382
stim_treatment,592,291
stim_treatment,1367,454
stim_treatment,1983,848
stim_treatment,928,520
stim_treatment,931,515
stim_treatment,1612,653
stim_treatment,1340,418
stim_treatment,1390,614
stim_treatment,121,101
stim_treatment,1806,701
stim_treatment,670,431
stim_treatment,3833,988
stim_treatment,677,350
stim_treatment,2953,979
stim_treatment,1209,470
stim_treatment,1874,622
stim_treatment,843,281
stim_treatment,939,490
stim_treatment,1211,462
stim_treatment,4297,1261
stim_treatment,1289,506
stim_treatment,1428,608
stim_treatment,3520,801
stim_treatment,443,230
stim_treatment,798,352
stim_treatment,3657,1203
stim_treatment,1748,552
stim_treatment,883,427
stim_treatment,7117,1571
stim_treatment,2445,839
stim_treatment,3239,807
stim_treatment,1097,538
stim_treatment,1625,589
stim_treatment,4048,1425
stim_treatment,1073,428
stim_treatment,2969,846
stim_treatment,1164,445
stim_treatment,799,408
stim_treatment,2508,1018
stim_treatment,2070,767
stim_treatment,2983,788
stim_treatment,999,445
stim_treatment,1258,556
stim_treatment,4064,1122
stim_treatment,755,427
stim_treatment,159,101
stim_treatment,2393,790
stim_treatment,2295,947
stim_treatment,1438,698
stim_treatment,1493,523
stim_treatment,4890,1250
stim_treatment,1437,637
stim_treatment,1370,584
stim_treatment,1317,425
stim_treatment,2174,912
stim_treatment,1415,550
stim_treatment,1753,617
stim_treatment,712,299
stim_treatment,923,537
stim_treatment,1539,526
stim_treatment,1852,637
stim_treatment,1688,698
stim_treatment,1231,542
stim_treatment,1596,555
stim_treatment,1052,512
stim_treatment,2742,889
stim_treatment,1603,629
stim_treatment,964,434
stim_treatment,1342,529
stim_treatment,696,393
stim_treatment,914,452
stim_treatment,3344,772
stim_treatment,1016,464
stim_treatment,1731,482
stim_treatment,1604,587
stim_treatment,1455,537
stim_treatment,1306,535
stim_treatment,1172,495
stim_treatment,2578,749
stim_treatment,1984,897
stim_treatment,3231,943
stim_treatment,2612,882
stim_treatment,1621,692
stim_treatment,1021,426
stim_treatment,979,434
stim_treatment,1117,520
stim_treatment,1994,636
stim_treatment,2420,628
stim_treatment,843,524
stim_treatment,1834,601
stim_treatment,606,352
stim_treatment,710,437
stim_treatment,3130,985
stim_treatment,889,415
stim_treatment,425,271
stim_treatment,1150,453
stim_treatment,1225,601
stim_treatment,777,393
stim_treatment,1343,402
stim_treatment,1023,482
stim_treatment,2156,713
stim_treatment,1469,501
stim_treatment,867,420
stim_treatment,739,403
stim_treatment,2454,890
stim_treatment,3148,915
stim_treatment,2830,708
stim_treatment,1980,586
stim_treatment,1261,546
stim_treatment,1054,384
stim_treatment,1461,614
stim_treatment,2201,576
stim_treatment,1093,497
stim_treatment,1468,504
stim_treatment,2093,849
stim_treatment,1083,463
stim_treatment,705,286
stim_treatment,4466,1167
stim_treatment,845,390
stim_treatment,1826,766
stim_treatment,1400,482
stim_treatment,956,407
stim_treatment,2530,923
stim_treatment,1322,571
stim_treatment,761,480
stim_treatment,2995,970
stim_treatment,3070,1093
stim_treatment,3467,962
stim_treatment,3416,1148
stim_treatment,2475,634
stim_treatment,3122,794
stim_treatment,2517,913
stim_treatment,1216,415
stim_treatment,874,384
stim_treatment,848,420
stim_treatment,943,532
stim_treatment,1206,489
stim_treatment,934,417
stim_treatment,2314,671
stim_treatment,1029,467
stim_treatment,1820,597
stim_treatment,1050,474
stim_treatment,1070,420
stim_treatment,2585,941
stim_treatment,656,371
stim_treatment,1399,486
stim_treatment,580,373
stim_treatment,1010,485
stim_treatment,2671,673
stim_treatment,1801,597
stim_treatment,1738,594
stim_treatment,1325,485
stim_treatment,1290,478
stim_treatment,1059,514
stim_treatment,1532,765
stim_treatment,471,272
stim_treatment,830,380
stim_treatment,2415,840
stim_treatment,1633,676
stim_treatment,1608,619
stim_treatment,885,411
stim_treatment,2020,913
stim_treatment,1520,604
stim_treatment,1119,549
stim_treatment,1601,585
stim_treatment,1245,495
stim_treatment,3530,992
stim_treatment,1658,597
stim_treatment,1850,704
stim_treatment,480,278
stim_treatment,180,141
stim_treatment,160,124
stim_treatment,6459,1711
stim_treatment,1233,532
stim_treatment,3380,973
stim_treatment,1387,646
stim_treatment,926,437
stim_treatment,889,409
stim_treatment,1613,760
stim_treatment,5271,1169
stim_treatment,4637,1117
stim_treatment,1162,542
stim_treatment,688,397
stim_treatment,1125,477
stim_treatment,562,278
stim_treatment,1007,401
stim_treatment,1472,542
stim_treatment,830,357
stim_treatment,738,355
stim_treatment,1283,483
stim_treatment,3092,672
stim_treatment,980,447
stim_treatment,4450,1068
stim_treatment,2631,731
stim_treatment,488,267
stim_treatment,1252,540
stim_treatment,1351,460
stim_treatment,2269,900
stim_treatment,1051,470
stim_treatment,2059,1024
stim_treatment,253,145
stim_treatment,1410,624
stim_treatment,564,326
stim_treatment,3867,1297
stim_treatment,3355,773
stim_treatment,1554,637
stim_treatment,828,393
stim_treatment,851,486
stim_treatment,1425,581
stim_treatment,1775,525
stim_treatment,986,475
stim_treatment,1402,564
stim_treatment,1072,460
stim_treatment,1038,520
stim_treatment,1217,495
stim_treatment,539,273
stim_treatment,1550,526
stim_treatment,2053,703
stim_treatment,544,293
stim_treatment,1351,557
stim_treatment,1135,503
stim_treatment,821,393
stim_treatment,1086,447
stim_treatment,3461,1392
stim_treatment,878,366
stim_treatment,3111,829
stim_treatment,1257,385
stim_treatment,1394,579
stim_treatment,901,457
stim_treatment,1292,403
stim_treatment,1704,632
stim_treatment,296,206
stim_treatment,829,440
stim_treatment,751,432
stim_treatment,234,137
stim_treatment,1100,468
stim_treatment,4699,1318
stim_treatment,1479,496
stim_treatment,1038,475
stim_treatment,908,406
stim_treatment,2464,672
stim_treatment,1309,428
stim_treatment,1557,568
stim_treatment,1045,463
stim_treatment,5161,1237
stim_treatment,3100,920
stim_treatment,1105,517
stim_treatment,980,440
stim_treatment,2146,792
stim_treatment,1374,574
stim_treatment,1057,483
stim_treatment,1426,616
stim_treatment,1020,522
stim_treatment,2308,623
stim_treatment,1006,443
stim_treatment,1120,485
stim_treatment,1300,687
stim_treatment,971,475
stim_treatment,2419,586
stim_treatment,2710,874
stim_treatment,762,405
stim_treatment,2807,816
stim_treatment,872,376
stim_treatment,176,108
stim_treatment,2860,580
stim_treatment,3779,994
stim_treatment,2438,568
stim_treatment,717,346
stim_treatment,892,482
stim_treatment,1562,599
stim_treatment,892,464
stim_treatment,1388,561
stim_treatment,1427,692
stim_treatment,1547,591
stim_treatment,1430,588
stim_treatment,1188,476
stim_treatment,4395,1095
stim_treatment,2369,797
stim_treatment,1460,700
stim_treatment,885,444
stim_treatment,1662,648
stim_treatment,580,316
stim_treatment,2317,591
stim_treatment,3902,1184
stim_treatment,3394,935
stim_treatment,209,115
stim_treatment,2472,692
stim_treatment,1304,508
stim_treatment,655,379
stim_treatment,1114,454
stim_treatment,3197,934
stim_treatment,1068,425
stim_treatment,2137,610
stim_treatment,1191,560
stim_treatment,1429,620
stim_treatment,674,303
stim_treatment,963,419
stim_treatment,3024,931
stim_treatment,1245,476
stim_treatment,2206,867
stim_treatment,178,111
stim_treatment,1805,590
stim_treatment,828,440
stim_treatment,1047,501
stim_treatment,1566,537
stim_treatment,961,481
stim_treatment,682,332
stim_treatment,1496,598
stim_treatment,2753,688
stim_treatment,1578,599
stim_treatment,1178,457
stim_treatment,1456,627
stim_treatment,4604,977
stim_treatment,3581,874
stim_treatment,1067,533
stim_treatment,1574,534
stim_treatment,2874,988
stim_treatment,2061,558
stim_treatment,2950,892
stim_treatment,1126,511
stim_treatment,5548,1161
stim_treatment,3053,773
stim_treatment,1500,610
stim_treatment,1113,423
stim_treatment,1062,399
stim_treatment,2093,590
stim_treatment,1134,492
stim_treatment,1553,688
stim_treatment,1249,468
stim_treatment,857,422
stim_treatment,594,319
stim_treatment,1435,605
stim_treatment,1278,506
stim_treatment,1667,484
stim_treatment,1186,567
stim_treatment,692,379
stim_treatment,1287,440
stim_treatment,213,143
stim_treatment,862,409
stim_treatment,2821,783
stim_treatment,778,370
stim_treatment,1608,588
stim_treatment,412,238
stim_treatment,1134,347
stim_treatment,3672,1149
stim_treatment,1721,606
stim_treatment,1297,535
stim_treatment,1091,498
stim_treatment,515,318
stim_treatment,731,286
stim_treatment,4454,1051
stim_treatment,3905,1005
stim_treatment,1151,536
stim_treatment,1385,550
stim_treatment,2086,661
stim_treatment,272,161
stim_treatment,3098,693
stim_treatment,657,372
stim_treatment,2850,815
stim_treatment,822,423
stim_treatment,1392,465
stim_treatment,177,132
stim_treatment,3154,751
stim_treatment,622,302
stim_treatment,1338,422
stim_treatment,4725,1373
stim_treatment,344,210
stim_treatment,1112,511
stim_treatment,1520,616
stim_treatment,1153,539
stim_treatment,3688,992
stim_treatment,2261,570
stim_treatment,1178,435
stim_treatment,513,286
stim_treatment,6038,1294
stim_treatment,1670,583
stim_treatment,1022,515
stim_treatment,1071,452
stim_treatment,777,422
stim_treatment,1052,491
stim_treatment,1075,424
stim_treatment,4144,1225
stim_treatment,1082,489
stim_treatment,1575,839
stim_treatment,1127,466
stim_treatment,1081,547
stim_treatment,1298,652
stim_treatment,1029,469
stim_treatment,2918,811
stim_treatment,1255,504
stim_treatment,4763,1328
stim_treatment,2853,704
stim_treatment,1301,581
stim_treatment,2890,930
stim_treatment,1332,538
stim_treatment,3468,1055
stim_treatment,1830,469
stim_treatment,4024,1026
stim_treatment,782,401
stim_treatment,1135,422
stim_treatment,3204,825
stim_treatment,1426,649
stim_treatment,754,326
stim_treatment,1473,641
stim_treatment,1140,456
stim_treatment,3481,881
stim_treatment,1324,429
stim_treatment,971,476
stim_treatment,2239,818
stim_treatment,4322,1264
stim_treatment,945,476
stim_treatment,1567,533
stim_treatment,1153,508
stim_treatment,1295,461
stim_treatment,1053,642
stim_treatment,1376,515
stim_treatment,1531,672
stim_treatment,1242,500
stim_treatment,1350,528
stim_treatment,2635,879
stim_treatment,4072,862
stim_treatment,2854,884
stim_treatment,1299,519
stim_treatment,756,343
stim_treatment,668,306
stim_treatment,335,159
stim_treatment,795,365
stim_treatment,1307,539
stim_treatment,1155,555
stim_treatment,1111,590
stim_treatment,2995,743
stim_treatment,1614,619
stim_treatment,2101,615
stim_treatment,1987,718
stim_treatment,3923,1155
stim_treatment,1562,589
stim_treatment,4623,1140
stim_treatment,1076,529
stim_treatment,1843,698
stim_treatment,1756,749
stim_treatment,1918,878
stim_treatment,951,410
stim_treatment,3307,1419
stim_treatment,130,107
stim_treatment,1018,478
stim_treatment,698,311
stim_treatment,1482,566
stim_treatment,1685,667
stim_treatment,3952,686
stim_treatment,1182,611
stim_treatment,1391,499
stim_treatment,938,532
stim_treatment,1104,441
stim_treatment,1187,588
stim_treatment,1049,478
stim_treatment,653,362
stim_treatment,3065,786
stim_treatment,2038,629
stim_treatment,699,373
stim_treatment,4908,1453
stim_treatment,2147,606
stim_treatment,2498,868
stim_treatment,1181,565
stim_treatment,941,553
stim_treatment,2613,920
stim_treatment,1309,509
stim_treatment,1215,496
stim_treatment,1325,417
stim_treatment,1503,511
stim_treatment,1901,547
stim_treatment,1560,529
stim_treatment,665,370
stim_treatment,2596,973
stim_treatment,701,357
stim_treatment,1311,469
stim_treatment,742,417
stim_treatment,3274,785
stim_treatment,1204,537
stim_treatment,476,271
stim_treatment,1043,557
stim_treatment,1503,477
stim_treatment,1494,631
stim_treatment,866,483
stim_treatment,2781,935
stim_treatment,168,111
stim_treatment,397,185
stim_treatment,1766,603
stim_treatment,1078,482
stim_treatment,1300,522
stim_treatment,551,244
stim_treatment,1327,541
stim_treatment,405,268
stim_treatment,3270,1043
stim_treatment,1190,479
stim_treatment,1497,569
stim_treatment,2417,630
stim_treatment,1452,528
stim_treatment,1299,552
stim_treatment,1257,522
stim_treatment,1141,473
stim_treatment,1358,509
stim_treatment,1682,673
stim_treatment,2667,647
stim_treatment,1168,413
stim_treatment,991,354
stim_treatment,1389,547
stim_treatment,1537,670
stim_treatment,2192,633
stim_treatment,2264,607
stim_treatment,1451,524
stim_treatment,1214,562
stim_treatment,2394,641
stim_treatment,1583,528
stim_treatment,2074,613
stim_treatment,994,456
stim_treatment,866,361
stim_treatment,1804,605
stim_treatment,1706,716
stim_treatment,1720,697
stim_treatment,912,443
stim_treatment,1783,514
stim_treatment,1155,468
stim_treatment,2084,561
stim_treatment,2714,809
stim_treatment,984,443
stim_treatment,3156,776
stim_treatment,5076,1292
stim_treatment,1266,469
stim_treatment,689,351
stim_treatment,1770,573
stim_treatment,2476,851
stim_treatment,1457,621
stim_treatment,1223,551
stim_treatment,1040,455
stim_treatment,1334,550
stim_treatment,1223,506
stim_treatment,1739,765
stim_treatment,2763,671
stim_treatment,981,402
stim_treatment,1168,508
stim_treatment,922,424
stim_treatment,928,418
stim_treatment,2511,617
stim_treatment,1015,432
stim_treatment,1978,725
stim_treatment,2906,1005
stim_treatment,1187,469
stim_treatment,1852,728
stim_treatment,1079,474
stim_treatment,222,130
stim_treatment,1135,510
stim_treatment,3342,821
stim_treatment,1100,537
stim_treatment,1368,531
stim_treatment,1298,641
stim_treatment,399,191
stim_treatment,4376,1425
stim_treatment,4204,1166
stim_treatment,1436,516
stim_treatment,1176,443
stim_treatment,1280,624
stim_treatment,1860,583
stim_treatment,1527,647
stim_treatment,1282,528
stim_treatment,1171,481
stim_treatment,985,437
stim_treatment,3171,964
stim_treatment,1043,565
stim_treatment,660,352
stim_treatment,3163,1015
stim_treatment,385,270
stim_treatment,4124,1044
stim_treatment,1699,635
stim_treatment,1143,443
stim_treatment,836,362
stim_treatment,2580,927
stim_treatment,1309,569
stim_treatment,2572,713
stim_treatment,2087,666
stim_treatment,1568,692
stim_treatment,584,304
stim_treatment,3570,710
stim_treatment,1309,535
stim_treatment,2047,684
stim_treatment,958,418
stim_treatment,1311,623
stim_treatment,4632,1072
stim_treatment,1243,390
stim_treatment,2932,1401
stim_treatment,1090,510
stim_treatment,1262,450
stim_treatment,1456,640
stim_treatment,153,101
stim_treatment,1122,484
stim_treatment,3177,964
stim_treatment,174,108
stim_treatment,488,331
stim_treatment,1722,589
stim_treatment,1147,559
stim_treatment,1543,657
stim_treatment,6376,1322
stim_treatment,1366,503
stim_treatment,269,167
stim_treatment,1100,514
stim_treatment,1579,578
stim_treatment,3815,908
stim_treatment,1391,576
stim_treatment,1453,471
stim_treatment,1309,506
stim_treatment,1684,636
stim_treatment,793,351
stim_treatment,1349,566
stim_treatment,827,415
stim_treatment,1636,624
stim_treatment,2606,675
stim_treatment,3236,1116
stim_treatment,1271,542
stim_treatment,2143,690
stim_treatment,758,370
stim_treatment,3016,750
stim_treatment,994,442
stim_treatment,599,330
stim_treatment,3423,934
stim_treatment,5673,1340
stim_treatment,894,429
stim_treatment,232,111
stim_treatment,935,435
stim_treatment,2689,739
stim_treatment,867,391
stim_treatment,1108,496
stim_treatment,1358,626
stim_treatment,601,357
stim_treatment,3187,861
stim_treatment,2182,671
stim_treatment,1176,554
stim_treatment,911,416
stim_treatment,572,373
stim_treatment,1539,753
stim_treatment,1282,543
stim_treatment,1165,467
stim_treatment,1308,638
stim_treatment,3323,982
stim_treatment,1832,646
stim_treatment,3328,874
stim_treatment,2949,1078
stim_treatment,155,119
stim_treatment,1087,474
stim_treatment,703,329
stim_treatment,1653,607
stim_treatment,2248,634
stim_treatment,2758,841
stim_treatment,1342,694
stim_treatment,2360,648
stim_treatment,1762,612
stim_treatment,2021,754
stim_treatment,4610,1199
stim_treatment,1745,548
stim_treatment,1513,479
stim_treatment,1327,563
stim_treatment,1052,537
stim_treatment,1049,427
stim_treatment,226,136
stim_treatment,1649,763
stim_treatment,1178,468
stim_treatment,962,432
stim_treatment,3437,818
stim_treatment,1284,578
stim_treatment,1889,617
stim_treatment,1164,476
stim_treatment,1453,660
stim_treatment,1006,465
stim_treatment,634,343
stim_treatment,2879,722
stim_treatment,1218,514
stim_treatment,3162,843
stim_treatment,467,251
stim_treatment,1056,431
stim_treatment,1444,538
stim_treatment,1165,497
stim_treatment,1118,516
stim_treatment,2842,941
stim_treatment,1081,495
stim_treatment,951,439
stim_treatment,1986,981
stim_treatment,1616,650
stim_treatment,1053,435
stim_treatment,1879,717
stim_treatment,896,458
stim_treatment,1728,551
stim_treatment,601,364
stim_treatment,530,292
stim_treatment,1808,822
stim_treatment,3573,1028
stim_treatment,1795,603
stim_treatment,931,424
stim_treatment,1476,580
stim_treatment,1951,790
stim_treatment,1018,487
stim_treatment,1329,510
stim_treatment,998,463
stim_treatment,2468,860
stim_treatment,3022,974
stim_treatment,687,251
stim_treatment,1074,385
stim_treatment,1151,601
stim_treatment,1024,495
stim_treatment,1045,437
stim_treatment,400,186
stim_treatment,2183,663
stim_treatment,1353,457
stim_treatment,422,257
stim_treatment,1154,594
stim_treatment,1100,487
stim_treatment,2509,722
stim_treatment,1587,525
stim_treatment,828,401
stim_treatment,862,379
stim_treatment,1206,403
stim_treatment,2166,576
stim_treatment,1527,584
stim_treatment,1197,448
stim_treatment,1615,586
stim_treatment,1707,548
stim_treatment,902,446
stim_treatment,1373,510
stim_treatment,2021,575
stim_treatment,874,420
stim_treatment,399,217
stim_treatment,1592,583
stim_treatment,755,352
stim_treatment,3797,574
stim_treatment,191,116
stim_treatment,1245,634
stim_treatment,191,113
stim_treatment,1135,421
stim_treatment,1725,607
stim_treatment,1118,430
stim_treatment,2480,779
stim_treatment,796,404
stim_treatment,861,307
stim_treatment,2210,764
stim_treatment,2020,705
stim_treatment,857,327
stim_treatment,1086,496
stim_treatment,975,451
stim_treatment,4589,1067
stim_treatment,1054,461
stim_treatment,1537,498
stim_treatment,2557,678
stim_treatment,1140,574
stim_treatment,1161,532
stim_treatment,2617,1057
stim_treatment,1729,693
stim_treatment,1485,566
stim_treatment,1463,587
stim_treatment,1069,493
stim_treatment,998,447
stim_treatment,1376,526
stim_treatment,1628,561
stim_treatment,883,454
stim_treatment,998,506
stim_treatment,966,508
stim_treatment,1733,676
stim_treatment,939,468
stim_treatment,1030,408
stim_treatment,4641,1418
stim_treatment,1387,498
stim_treatment,3531,984
stim_treatment,799,457
stim_treatment,4560,1000
stim_treatment,1314,544
stim_treatment,4943,1238
stim_treatment,1120,487
stim_treatment,1180,570
stim_treatment,368,233
stim_treatment,866,403
stim_treatment,1054,423
stim_treatment,927,432
stim_treatment,1163,488
stim_treatment,1326,505
stim_treatment,1843,710
stim_treatment,1675,583
stim_treatment,1554,557
stim_treatment,129,100
stim_treatment,3947,1080
stim_treatment,1093,440
stim_treatment,1519,482
stim_treatment,1728,624
stim_treatment,1562,486
stim_treatment,1023,412
stim_treatment,1195,624
stim_treatment,2535,929
stim_treatment,1504,506
stim_treatment,1795,820
stim_treatment,1243,452
stim_treatment,340,179
stim_treatment,4806,1357
stim_treatment,1104,495
stim_treatment,1072,500
stim_treatment,921,401
stim_treatment,1684,444
stim_treatment,1150,607
stim_treatment,1010,517
stim_treatment,2420,822
stim_treatment,1554,576
stim_treatment,939,394
stim_treatment,3672,945
stim_treatment,1686,565
stim_treatment,1390,535
stim_treatment,1499,521
stim_treatment,776,405
stim_treatment,1067,559
stim_treatment,1252,519
stim_treatment,1549,503
stim_treatment,771,341
stim_treatment,1075,488
stim_treatment,3500,898
stim_treatment,3939,985
stim_treatment,1175,508
stim_treatment,1355,580
stim_treatment,1738,627
stim_treatment,1307,500
stim_treatment,2113,788
stim_treatment,1496,646
stim_treatment,1238,538
stim_treatment,1547,531
stim_treatment,2427,765
stim_treatment,1279,407
stim_treatment,5727,1463
stim_treatment,1594,686
stim_treatment,1012,442
stim_treatment,917,496
stim_treatment,999,499
stim_treatment,3169,1024
stim_treatment,1905,672
stim_treatment,2035,812
stim_treatment,215,137
stim_treatment,1513,647
stim_treatment,1334,466
stim_treatment,3400,754
stim_treatment,3200,843
stim_treatment,417,226
stim_treatment,1661,556
stim_treatment,1090,449
stim_treatment,771,489
stim_treatment,1077,392
stim_treatment,599,353
stim_treatment,1291,550
stim_treatment,896,455
stim_treatment,2995,1075
stim_treatment,3244,737
stim_treatment,2700,788
stim_treatment,1238,534
stim_treatment,355,168
stim_treatment,2554,864
stim_treatment,2376,664
stim_treatment,1144,372
stim_treatment,1075,497
stim_treatment,893,424
stim_treatment,732,392
stim_treatment,2741,900
stim_treatment,595,354
stim_treatment,1928,558
stim_treatment,1028,367
stim_treatment,713,375
stim_treatment,462,234
stim_treatment,1143,422
stim_treatment,175,120
stim_treatment,1903,798
stim_treatment,1198,487
stim_treatment,1151,461
stim_treatment,2707,838
stim_treatment,1053,484
stim_treatment,1629,786
stim_treatment,636,323
stim_treatment,1387,579
stim_treatment,1109,481
stim_treatment,4382,1157
stim_treatment,1171,553
stim_treatment,2753,898
stim_treatment,923,412
stim_treatment,1043,440
stim_treatment,3973,979
stim_treatment,1490,605
stim_treatment,1493,592
stim_treatment,300,172
stim_treatment,935,386
stim_treatment,1998,543
stim_treatment,1147,425
stim_treatment,2019,731
stim_treatment,1109,604
stim_treatment,1063,485
stim_treatment,3511,1180
stim_treatment,1405,667
stim_treatment,1029,380
stim_treatment,3520,920
stim_treatment,1355,607
stim_treatment,3958,1066
stim_treatment,3528,746
stim_treatment,2489,924
stim_treatment,891,416
stim_treatment,1921,688
stim_treatment,1058,560
stim_treatment,186,121
stim_treatment,1360,474
stim_treatment,1014,498
stim_treatment,2407,655
stim_treatment,1109,505
stim_treatment,1090,449
stim_treatment,1185,576
stim_treatment,784,371
stim_treatment,932,431
stim_treatment,1486,664
stim_treatment,2165,871
stim_treatment,1423,582
stim_treatment,425,264
stim_treatment,663,254
stim_treatment,1257,608
stim_treatment,3762,910
stim_treatment,3453,985
stim_treatment,1516,608
stim_treatment,482,297
stim_treatment,1287,541
stim_treatment,595,330
stim_treatment,4196,914
stim_treatment,1872,870
stim_treatment,1267,481
stim_treatment,1399,588
stim_treatment,1223,476
stim_treatment,1311,511
stim_treatment,252,147
stim_treatment,749,436
stim_treatment,1250,556
stim_treatment,2373,864
stim_treatment,1137,453
stim_treatment,988,480
stim_treatment,1798,548
stim_treatment,2629,682
stim_treatment,1788,848
stim_treatment,2060,580
stim_treatment,1853,603
stim_treatment,767,388
stim_treatment,3148,989
stim_treatment,3770,1059
stim_treatment,3646,770
stim_treatment,802,402
stim_treatment,1246,509
stim_treatment,1280,570
stim_treatment,1395,552
stim_treatment,2688,687
stim_treatment,3059,749
stim_treatment,1549,479
stim_treatment,1911,604
stim_treatment,1445,519
stim_treatment,3158,690
stim_treatment,872,397
stim_treatment,1267,448
stim_treatment,2019,661
stim_treatment,1019,458
stim_treatment,642,298
stim_treatment,2550,1262
stim_treatment,3894,1019
stim_treatment,1354,547
stim_treatment,864,389
stim_treatment,1349,530
stim_treatment,845,421
stim_treatment,845,454
stim_treatment,1741,597
stim_treatment,1787,654
stim_treatment,1612,601
stim_treatment,1595,588
stim_treatment,1420,567
stim_treatment,1048,481
stim_treatment,1126,552
stim_treatment,417,263
stim_treatment,1256,529
stim_treatment,1539,571
stim_treatment,1060,461
stim_treatment,1782,593
stim_treatment,5240,1438
stim_treatment,746,281
stim_treatment,2301,879
stim_treatment,918,455
stim_treatment,1366,569
stim_treatment,3871,1278
stim_treatment,2031,740
stim_treatment,5043,1412
stim_treatment,1773,817
stim_treatment,1540,555
stim_treatment,1038,388
stim_treatment,1277,591
stim_treatment,1373,532
stim_treatment,2118,647
stim_treatment,2714,678
stim_treatment,344,195
stim_treatment,2132,617
stim_treatment,3005,884
stim_treatment,762,339
stim_treatment,354,223
stim_treatment,2670,1049
stim_treatment,1120,527
stim_treatment,1205,486
stim_treatment,1338,509
stim_treatment,676,435
stim_treatment,813,447
stim_treatment,700,437
stim_treatment,3328,964
stim_treatment,1118,458
stim_treatment,1197,436
stim_treatment,1974,571
stim_treatment,449,291
stim_treatment,2668,672
stim_treatment,1972,699
stim_treatment,1250,530
stim_treatment,1239,470
stim_treatment,2035,697
stim_treatment,1410,590
stim_treatment,1108,487
stim_treatment,643,310
stim_treatment,2700,936
stim_treatment,1208,491
stim_treatment,930,459
stim_treatment,1353,472
stim_treatment,1064,513
stim_treatment,1153,472
stim_treatment,1854,598
stim_treatment,2232,685
stim_treatment,4623,1321
stim_treatment,1968,754
stim_treatment,5881,1456
stim_treatment,964,375
stim_treatment,622,278
stim_treatment,1306,507
stim_treatment,1338,561
stim_treatment,989,489
stim_treatment,486,277
stim_treatment,1093,466
stim_treatment,2622,864
stim_treatment,4784,1212
stim_treatment,1616,733
stim_treatment,2802,754
stim_treatment,1170,524
stim_treatment,2054,613
stim_treatment,738,424
stim_treatment,2935,837
stim_treatment,1799,642
stim_treatment,1642,559
stim_treatment,1126,483
stim_treatment,2701,829
stim_treatment,1481,510
stim_treatment,2616,671
stim_treatment,1317,497
stim_treatment,822,401
stim_treatment,2190,681
stim_treatment,2155,763
stim_treatment,772,353
stim_treatment,1123,562
stim_treatment,827,420
stim_treatment,1509,573
stim_treatment,1077,490
stim_treatment,2200,689
stim_treatment,2661,758
stim_treatment,2050,622
stim_treatment,2633,854
stim_treatment,1452,524
stim_treatment,903,480
stim_treatment,672,343
stim_treatment,4930,1325
stim_treatment,2045,743
stim_treatment,2802,680
stim_treatment,1457,652
stim_treatment,2532,751
stim_treatment,818,448
stim_treatment,1461,524
stim_treatment,2954,685
stim_treatment,896,495
stim_treatment,2283,836
stim_treatment,883,500
stim_treatment,1477,517
stim_treatment,2134,857
stim_treatment,1482,616
stim_treatment,1227,523
stim_treatment,1339,662
stim_treatment,3696,1120
stim_treatment,2031,868
stim_treatment,1264,693
stim_treatment,1420,620
stim_treatment,1044,445
stim_treatment,2299,863
stim_treatment,1683,530
stim_treatment,450,221
stim_treatment,1254,445
stim_treatment,1124,465
stim_treatment,2858,868
stim_treatment,1259,608
stim_treatment,2738,685
stim_treatment,2620,810
stim_treatment,2343,594
stim_treatment,1112,474
stim_treatment,950,503
stim_treatment,1357,506
stim_treatment,1160,469
stim_treatment,1660,538
stim_treatment,1519,530
stim_treatment,1397,606
stim_treatment,2182,719
stim_treatment,3053,887
stim_treatment,1194,523
stim_treatment,1519,726
stim_treatment,1532,662
stim_treatment,1087,499
stim_treatment,1251,518
stim_treatment,708,367
stim_treatment,1244,507
stim_treatment,2801,751
stim_treatment,1783,570
stim_treatment,1108,453
stim_treatment,488,329
stim_treatment,2203,805
stim_treatment,859,407
stim_treatment,788,332
stim_treatment,1257,500
stim_treatment,882,422
stim_treatment,678,355
stim_treatment,3530,872
stim_treatment,2548,1110
stim_treatment,1244,526
stim_treatment,1119,561
stim_treatment,1275,436
stim_treatment,1042,342
stim_treatment,1165,501
stim_treatment,3183,1011
stim_treatment,2684,1015
stim_treatment,1205,488
stim_treatment,4310,1088
stim_treatment,1360,517
stim_treatment,1085,481
stim_treatment,1407,536
stim_treatment,2977,770
stim_treatment,1469,729
stim_treatment,2679,859
stim_treatment,2572,726
stim_treatment,1311,504
stim_treatment,3312,896
stim_treatment,2114,607
stim_treatment,2043,724
stim_treatment,1779,592
stim_treatment,1202,512
stim_treatment,1231,653
stim_treatment,2886,1025
stim_treatment,719,244
stim_treatment,1120,516
stim_treatment,1068,497
stim_treatment,2866,1098
stim_treatment,359,206
stim_treatment,4080,1134
stim_treatment,1328,519
stim_treatment,191,130
stim_treatment,1096,495
stim_treatment,2916,888
stim_treatment,806,405
stim_treatment,1085,488
stim_treatment,2492,769
stim_treatment,1910,565
stim_treatment,1364,613
stim_treatment,584,316
stim_treatment,1942,673
stim_treatment,1361,476
stim_treatment,1824,731
stim_treatment,1351,540
stim_treatment,3057,900
stim_treatment,1026,457
stim_treatment,4516,1051
stim_treatment,3576,936
stim_treatment,1295,503
stim_treatment,1430,631
stim_treatment,756,352
stim_treatment,4269,1042
stim_treatment,2586,687
stim_treatment,1739,493
stim_treatment,1029,505
stim_treatment,2208,635
stim_treatment,1306,577
stim_treatment,2522,743
stim_treatment,3197,409
stim_treatment,1610,598
stim_treatment,2799,893
stim_treatment,1005,483
stim_treatment,542,347
stim_treatment,2135,873
stim_treatment,1811,730
stim_treatment,4113,1156
stim_treatment,2792,1048
stim_treatment,1210,508
stim_treatment,410,241
stim_treatment,1219,562
stim_treatment,2507,777
stim_treatment,4074,1418
stim_treatment,2683,702
stim_treatment,1128,515
stim_treatment,1131,558
stim_treatment,2856,468
stim_treatment,2029,596
stim_treatment,2322,691
stim_treatment,943,525
stim_treatment,2434,632
stim_treatment,1199,463
stim_treatment,1087,330
stim_treatment,1182,568
stim_treatment,3244,770
stim_treatment,426,161
stim_treatment,1750,582
stim_treatment,930,446
stim_treatment,838,464
stim_treatment,1245,517
stim_treatment,3164,768
stim_treatment,2021,820
stim_treatment,1093,515
stim_treatment,1225,519
stim_treatment,1545,633
stim_treatment,1124,530
stim_treatment,1720,510
stim_treatment,1908,634
stim_treatment,2201,648
stim_treatment,793,476
stim_treatment,981,568
stim_treatment,543,246
stim_treatment,896,468
stim_treatment,1002,454
stim_treatment,454,236
stim_treatment,482,240
stim_treatment,509,277
stim_treatment,502,255
stim_treatment,1311,503
stim_treatment,1008,484
stim_treatment,4125,1031
stim_treatment,2644,873
stim_treatment,2257,740
stim_treatment,868,423
stim_treatment,3943,1163
stim_treatment,804,385
stim_treatment,4373,1219
stim_treatment,2201,597
stim_treatment,1130,551
stim_treatment,1708,640
stim_treatment,897,435
stim_treatment,3931,1430
stim_treatment,2590,555
stim_treatment,2336,739
stim_treatment,1352,601
stim_treatment,1247,516
stim_treatment,1377,642
stim_treatment,970,453
stim_treatment,566,290
stim_treatment,1019,507
stim_treatment,680,320
stim_treatment,1005,496
stim_treatment,815,358
stim_treatment,1060,475
stim_treatment,3778,1065
stim_treatment,202,129
stim_treatment,411,234
stim_treatment,841,424
stim_treatment,2431,840
stim_treatment,596,315
stim_treatment,1792,562
stim_treatment,1695,656
stim_treatment,286,151
stim_treatment,1682,833
stim_treatment,2949,825
stim_treatment,1326,588
stim_treatment,1074,403
stim_treatment,1232,509
stim_treatment,3548,1131
stim_treatment,606,313
stim_treatment,1996,817
stim_treatment,510,225
stim_treatment,607,321
stim_treatment,767,468
stim_treatment,1337,513
stim_treatment,945,426
stim_treatment,2707,842
stim_treatment,2948,739
stim_treatment,1685,538
stim_treatment,3663,863
stim_treatment,1028,466
stim_treatment,1107,571
stim_treatment,933,561
stim_treatment,3679,1033
stim_treatment,1316,610
stim_treatment,152,118
stim_treatment,2864,858
stim_treatment,1449,520
stim_treatment,2861,1060
stim_treatment,2413,1046
stim_treatment,474,291
stim_treatment,1106,460
stim_treatment,1429,549
stim_treatment,1349,552
stim_treatment,887,457
stim_treatment,3916,1393
stim_treatment,1495,542
stim_treatment,1717,553
stim_treatment,1196,550
stim_treatment,2033,555
stim_treatment,1126,523
stim_treatment,2547,986
stim_treatment,1188,532
stim_treatment,1231,558
stim_treatment,2553,753
stim_treatment,1365,527
stim_treatment,1213,537
stim_treatment,1062,441
stim_treatment,3070,745
stim_treatment,966,522
stim_treatment,1511,616
stim_treatment,4496,1168
stim_treatment,819,327
stim_treatment,3996,1013
stim_treatment,1980,774
stim_treatment,1894,732
stim_treatment,1678,629
stim_treatment,2412,841
stim_treatment,1026,557
stim_treatment,1689,695
stim_treatment,2620,759
stim_treatment,830,382
stim_treatment,1177,480
stim_treatment,277,140
stim_treatment,1888,737
stim_treatment,1050,420
stim_treatment,2102,818
stim_treatment,1031,442
stim_treatment,3169,784
stim_treatment,2667,821
stim_treatment,2270,689
stim_treatment,2519,815
stim_treatment,1355,451
stim_treatment,3445,900
stim_treatment,719,411
stim_treatment,1141,500
stim_treatment,1001,448
stim_treatment,1051,478
stim_treatment,1004,443
stim_treatment,795,366
stim_treatment,4917,1200
stim_treatment,2382,908
stim_treatment,2426,708
stim_treatment,1249,513
stim_treatment,1166,537
stim_treatment,3100,904
stim_treatment,1256,567
stim_treatment,1425,522
stim_treatment,2231,584
stim_treatment,2354,643
stim_treatment,1156,518
stim_treatment,1000,448
stim_treatment,1358,634
stim_treatment,1386,562
stim_treatment,1069,505
stim_treatment,2325,651
stim_treatment,1335,538
stim_treatment,934,451
stim_treatment,2827,707
stim_treatment,1531,577
stim_treatment,2481,636
stim_treatment,1507,573
stim_treatment,1584,528
stim_treatment,3491,1160
stim_treatment,5132,1179
stim_treatment,690,352
stim_treatment,1933,711
stim_treatment,848,407
stim_treatment,4080,1105
stim_treatment,1279,555
stim_treatment,1670,620
stim_treatment,1327,489
stim_treatment,1724,561
stim_treatment,937,467
stim_treatment,2345,660
stim_treatment,1335,520
stim_treatment,4089,1052
stim_treatment,226,128
stim_treatment,938,399
stim_treatment,848,417
stim_treatment,1551,537
stim_treatment,573,370
stim_treatment,1430,524
stim_treatment,1162,473
stim_treatment,1368,630
stim_treatment,1519,679
stim_treatment,2161,800
stim_treatment,872,434
stim_treatment,1324,566
stim_treatment,767,350
stim_treatment,1993,746
stim_treatment,894,437
stim_treatment,1150,425
stim_treatment,984,489
stim_treatment,1749,625
stim_treatment,2390,833
stim_treatment,1766,757
stim_treatment,3460,1034
stim_treatment,5621,1287
stim_treatment,1057,524
stim_treatment,2665,769
stim_treatment,580,326
stim_treatment,1147,527
stim_treatment,430,272
stim_treatment,1120,546
stim_treatment,1120,563
stim_treatment,5412,1397
stim_treatment,879,468
stim_treatment,971,426
stim_treatment,544,271
stim_treatment,1148,503
stim_treatment,1067,479
stim_treatment,4169,1399
stim_treatment,1094,495
stim_treatment,1099,472
stim_treatment,1851,558
stim_treatment,792,389
stim_treatment,4680,1249
stim_treatment,1394,567
stim_treatment,721,441
stim_treatment,2178,682
stim_treatment,2479,754
stim_treatment,358,224
stim_treatment,3534,969
stim_treatment,868,316
stim_treatment,1225,586
stim_treatment,3028,839
stim_treatment,534,338
stim_treatment,931,390
stim_treatment,3248,1022
stim_treatment,1609,531
stim_treatment,2459,730
stim_treatment,439,267
stim_treatment,1146,426
stim_treatment,913,388
stim_treatment,3985,1148
stim_treatment,946,388
stim_treatment,2871,762
stim_treatment,2947,984
stim_treatment,1302,456
stim_treatment,2081,760
stim_treatment,806,391
stim_treatment,795,459
stim_treatment,1911,635
stim_treatment,2477,893
stim_treatment,841,429
stim_treatment,778,426
stim_treatment,709,382
stim_treatment,2952,1131
stim_treatment,3732,1231
stim_treatment,1613,759
stim_treatment,2726,1017
stim_treatment,2478,762
stim_treatment,1613,621
stim_treatment,2367,848
stim_treatment,1427,571
stim_treatment,838,345
stim_treatment,1488,573
stim_treatment,1249,497
stim_treatment,2717,618
stim_treatment,1348,552
stim_treatment,1457,487
stim_treatment,853,431
stim_treatment,1531,607
stim_treatment,1063,424
stim_treatment,455,234
stim_treatment,923,464
stim_treatment,645,299
stim_treatment,2639,608
stim_treatment,1407,567
stim_treatment,748,434
stim_treatment,2711,631
stim_treatment,3040,934
stim_treatment,917,401
stim_treatment,709,407
stim_treatment,1375,655
stim_treatment,1577,509
stim_treatment,2115,620
stim_treatment,3697,1349
stim_treatment,1663,544
stim_treatment,848,385
stim_treatment,707,404
stim_treatment,2653,649
stim_treatment,3571,964
stim_treatment,5260,1340
stim_treatment,744,411
stim_treatment,1124,479
stim_treatment,1300,561
stim_treatment,1711,579
stim_treatment,1524,611
stim_treatment,1444,520
stim_treatment,815,429
stim_treatment,524,326
stim_treatment,1072,555
stim_treatment,904,455
stim_treatment,1084,482
stim_treatment,423,169
stim_treatment,1341,524
stim_treatment,1594,655
stim_treatment,2969,798
stim_treatment,357,207
stim_treatment,501,289
stim_treatment,1302,462
stim_treatment,4261,986
stim_treatment,1404,563
stim_treatment,1085,507
stim_treatment,937,399
stim_treatment,3964,1170
stim_treatment,858,462
stim_treatment,474,299
stim_treatment,3067,939
stim_treatment,2028,816
stim_treatment,883,431
stim_treatment,1610,531
stim_treatment,3845,1176
stim_treatment,857,389
stim_treatment,4939,1126
stim_treatment,1990,632
stim_treatment,1274,463
stim_treatment,866,458
stim_treatment,3290,1102
stim_treatment,1917,667
stim_treatment,1061,510
stim_treatment,952,461
stim_treatment,1119,454
stim_treatment,1026,478
stim_treatment,1307,545
stim_treatment,4314,1057
stim_treatment,1614,635
stim_treatment,1261,522
stim_treatment,900,369
stim_treatment,3053,1187
stim_treatment,1533,596
stim_treatment,1093,441
stim_treatment,1526,565
stim_treatment,931,448
stim_treatment,1362,488
stim_treatment,3399,896
stim_treatment,1086,376
stim_treatment,1364,545
stim_treatment,745,381
stim_treatment,690,318
stim_treatment,2469,727
stim_treatment,188,104
stim_treatment,1922,854
stim_treatment,1258,619
stim_treatment,1119,383
stim_treatment,1448,551
stim_treatment,868,408
stim_treatment,1160,481
stim_treatment,497,292
stim_treatment,2526,724
stim_treatment,3558,925
stim_treatment,2228,749
stim_treatment,737,338
stim_treatment,1609,721
stim_treatment,2242,767
stim_treatment,951,396
stim_treatment,981,436
stim_treatment,1692,577
stim_treatment,1460,532
stim_treatment,1280,552
stim_treatment,1017,433
stim_treatment,1511,532
stim_treatment,1460,576
stim_treatment,1253,425
stim_treatment,921,534
stim_treatment,991,496
stim_treatment,4359,800
stim_treatment,1353,493
stim_treatment,412,244
stim_treatment,2398,686
stim_treatment,1767,602
stim_treatment,1209,515
stim_treatment,1040,492
stim_treatment,1250,524
stim_treatment,1519,651
stim_treatment,2636,838
stim_treatment,1935,667
stim_treatment,1195,534
stim_treatment,1004,511
stim_treatment,1558,507
stim_treatment,1084,491
stim_treatment,681,384
stim_treatment,4216,1221
stim_treatment,4406,1027
stim_treatment,810,396
stim_treatment,1395,526
stim_treatment,311,167
stim_treatment,1128,445
stim_treatment,1540,658
stim_treatment,338,187
stim_treatment,1409,522
stim_treatment,4016,905
stim_treatment,1324,563
stim_treatment,3410,870
stim_treatment,1985,580
stim_treatment,746,390
stim_treatment,949,547
stim_treatment,3471,1201
stim_treatment,2404,1074
stim_treatment,2916,959
stim_treatment,4871,1408
stim_treatment,1096,442
stim_treatment,1193,439
stim_treatment,2929,918
stim_treatment,1119,450
stim_treatment,2708,743
stim_treatment,1247,465
stim_treatment,1468,550
stim_treatment,330,231
stim_treatment,1106,499
stim_treatment,1773,688
stim_treatment,1069,483
stim_treatment,452,227
stim_treatment,1328,541
stim_treatment,8589,1966
stim_treatment,1339,508
stim_treatment,2925,738
stim_treatment,1225,545
stim_treatment,2440,629
stim_treatment,1543,438
stim_treatment,1515,669
stim_treatment,1126,558
stim_treatment,2498,725
stim_treatment,767,395
stim_treatment,1482,518
stim_treatment,1211,541
stim_treatment,1103,506
stim_treatment,575,263
stim_treatment,1598,663
stim_treatment,2605,754
stim_treatment,2922,871
stim_treatment,1228,575
stim_treatment,748,387
stim_treatment,1899,711
stim_treatment,2417,812
stim_treatment,867,448
stim_treatment,1481,557
stim_treatment,3607,506
stim_treatment,2669,1085
stim_treatment,2044,774
stim_treatment,1945,810
stim_treatment,1274,642
stim_treatment,747,337
stim_treatment,4910,1311
stim_treatment,1122,465
stim_treatment,948,470
stim_treatment,1279,578
stim_treatment,798,324
stim_treatment,985,480
stim_treatment,2259,715
stim_treatment,1623,492
stim_treatment,427,249
stim_treatment,3182,839
stim_treatment,2192,633
stim_treatment,1173,495
stim_treatment,4899,1206
stim_treatment,3506,886
stim_treatment,972,438
stim_treatment,2679,620
stim_treatment,328,198
stim_treatment,5832,1252
stim_treatment,1499,648
stim_treatment,1436,436
stim_treatment,861,296
stim_treatment,985,441
stim_treatment,1279,497
stim_treatment,5140,1450
stim_treatment,2346,761
stim_treatment,1179,595
stim_treatment,937,450
stim_treatment,2205,1008
stim_treatment,1331,529
stim_treatment,2774,894
stim_treatment,3359,847
stim_treatment,1040,460
stim_treatment,1486,516
stim_treatment,1308,540
stim_treatment,748,439
stim_treatment,1395,803
stim_treatment,1175,579
stim_treatment,1218,540
stim_treatment,1923,777
stim_treatment,1048,430
stim_treatment,2232,912
stim_treatment,3691,902
stim_treatment,1030,446
stim_treatment,3107,762
stim_treatment,884,384
stim_treatment,2355,625
stim_treatment,924,426
stim_treatment,2273,762
stim_treatment,1067,497
stim_treatment,885,481
stim_treatment,978,457
stim_treatment,3432,974
stim_treatment,2122,831
stim_treatment,1393,735
stim_treatment,4957,1337
stim_treatment,1003,476
stim_treatment,885,452
stim_treatment,481,264
stim_treatment,1054,561
stim_treatment,1276,479
stim_treatment,1862,679
stim_treatment,1299,517
stim_treatment,3747,941
stim_treatment,876,375
stim_treatment,1994,853
stim_treatment,1175,459
stim_treatment,3683,817
stim_treatment,3291,1007
stim_treatment,972,444
stim_treatment,1091,478
stim_treatment,906,336
stim_treatment,3457,1009
stim_treatment,812,359
stim_treatment,2914,730
stim_treatment,3227,829
stim_treatment,1310,512
stim_treatment,990,444
stim_treatment,2430,664
stim_treatment,3631,962
stim_treatment,967,398
stim_treatment,2501,681
stim_treatment,1602,530
stim_treatment,1289,574
stim_treatment,1805,618
stim_treatment,1039,411
stim_treatment,2390,650
stim_treatment,661,431
stim_treatment,1130,376
stim_treatment,2585,726
stim_treatment,3876,941
stim_treatment,1287,527
stim_treatment,3223,945
stim_treatment,2028,737
stim_treatment,3379,742
stim_treatment,1505,465
stim_treatment,221,136
stim_treatment,2604,841
stim_treatment,1465,542
stim_treatment,1663,622
stim_treatment,532,257
stim_treatment,1550,629
stim_treatment,2037,716
stim_treatment,1560,617
stim_treatment,2410,688
stim_treatment,1063,413
stim_treatment,1335,551
stim_treatment,1853,594
stim_treatment,502,246
stim_treatment,3049,823
stim_treatment,3494,1209
stim_treatment,668,332
stim_treatment,1203,479
stim_treatment,962,469
stim_treatment,2812,991
stim_treatment,3937,1116
stim_treatment,1175,464
stim_treatment,915,479
stim_treatment,647,347
stim_treatment,2317,607
stim_treatment,1459,570
stim_treatment,3285,1194
stim_treatment,2207,652
stim_treatment,960,484
stim_treatment,1673,568
stim_treatment,1191,447
stim_treatment,1424,563
stim_treatment,807,426
stim_treatment,4014,1228
stim_treatment,1062,523
stim_treatment,720,366
stim_treatment,1883,640
stim_treatment,895,324
stim_treatment,1193,506
stim_treatment,544,272
stim_treatment,1155,474
stim_treatment,3783,984
stim_treatment,614,234
stim_treatment,1381,580
stim_treatment,4049,1120
stim_treatment,423,261
stim_treatment,1903,841
stim_treatment,1076,347
stim_treatment,1942,646
stim_treatment,1140,441
stim_treatment,1344,531
stim_treatment,1629,606
stim_treatment,900,438
stim_treatment,1110,420
stim_treatment,1071,587
stim_treatment,1244,480
stim_treatment,852,434
stim_treatment,1467,539
stim_treatment,1523,655
stim_treatment,1279,554
stim_treatment,2519,1002
stim_treatment,2657,792
stim_treatment,1305,534
stim_treatment,2305,938
stim_treatment,977,447
stim_treatment,618,383
stim_treatment,1975,772
stim_treatment,1789,607
stim_treatment,4930,1044
stim_treatment,247,148
stim_treatment,1158,544
stim_treatment,796,300
stim_treatment,2127,946
stim_treatment,1539,610
stim_treatment,1012,387
stim_treatment,775,414
stim_treatment,1662,607
stim_treatment,2640,794
stim_treatment,1032,411
stim_treatment,1436,683
stim_treatment,2171,638
stim_treatment,1724,639
stim_treatment,3769,1004
stim_treatment,1032,479
stim_treatment,832,375
stim_treatment,1153,442
stim_treatment,1218,585
stim_treatment,1613,760
stim_treatment,163,106
stim_treatment,972,494
stim_treatment,1239,501
stim_treatment,1030,483
stim_treatment,2275,710
stim_treatment,1001,472
stim_treatment,3365,836
stim_treatment,4988,1148
stim_treatment,1152,530
stim_treatment,1122,509
stim_treatment,821,467
stim_treatment,863,516
stim_treatment,1120,444
stim_treatment,1768,661
stim_treatment,1358,467
stim_treatment,3440,935
stim_treatment,454,275
stim_treatment,2411,858
stim_treatment,2779,1120
stim_treatment,2843,905
stim_treatment,920,491
stim_treatment,914,461
stim_treatment,1192,454
stim_treatment,1264,503
stim_treatment,1048,419
stim_treatment,1199,500
stim_treatment,2833,687
stim_treatment,1648,738
stim_treatment,3073,784
stim_treatment,1230,418
stim_treatment,910,403
stim_treatment,2933,679
stim_treatment,3190,1314
stim_treatment,1269,551
stim_treatment,211,126
stim_treatment,1604,605
stim_treatment,1440,644
stim_treatment,2249,561
stim_treatment,1105,434
stim_treatment,950,431
stim_treatment,773,401
stim_treatment,1279,450
stim_treatment,1963,592
stim_treatment,2050,630
stim_treatment,2300,670
stim_treatment,1222,580
stim_treatment,406,226
stim_treatment,1684,599
stim_treatment,3788,1107
stim_treatment,1393,572
stim_treatment,2882,874
stim_treatment,555,349
stim_treatment,1547,571
stim_treatment,1083,561
stim_treatment,324,202
stim_treatment,1388,590
stim_treatment,1404,490
stim_treatment,483,252
stim_treatment,3988,1163
stim_treatment,1217,461
stim_treatment,2685,832
stim_treatment,763,404
stim_treatment,625,373
stim_treatment,1002,529
stim_treatment,1400,661
stim_treatment,846,505
stim_treatment,2041,821
stim_treatment,1220,440
stim_treatment,856,417
stim_treatment,995,474
stim_treatment,2705,854
stim_treatment,1027,483
stim_treatment,1299,588
stim_treatment,966,496
stim_treatment,1163,451
stim_treatment,1311,568
stim_treatment,1675,589
stim_treatment,276,119
stim_treatment,3128,765
stim_treatment,3262,918
stim_treatment,1385,500
stim_treatment,811,432
stim_treatment,1977,853
stim_treatment,1134,483
stim_treatment,1074,472
stim_treatment,4285,992
stim_treatment,1626,633
stim_treatment,1333,554
stim_treatment,567,295
stim_treatment,1287,464
stim_treatment,1856,664
stim_treatment,3725,980
stim_treatment,1320,485
stim_treatment,995,454
stim_treatment,1349,513
stim_treatment,4500,1181
stim_treatment,1796,586
stim_treatment,496,310
stim_treatment,1308,749
stim_treatment,1674,711
stim_treatment,2030,975
stim_treatment,1162,479
stim_treatment,1158,553
stim_treatment,901,403
stim_treatment,1144,461
stim_treatment,2720,888
stim_treatment,1851,675
stim_treatment,1964,721
stim_treatment,1011,452
stim_treatment,276,129
stim_treatment,2653,849
stim_treatment,1260,593
stim_treatment,3203,940
stim_treatment,1443,564
stim_treatment,829,347
stim_treatment,3690,1096
stim_treatment,1570,743
stim_treatment,1307,587
stim_treatment,1017,447
stim_treatment,1845,709
stim_treatment,1023,392
stim_treatment,438,264
stim_treatment,1139,540
stim_treatment,367,223
stim_treatment,1781,593
stim_treatment,4582,1094
stim_treatment,2118,883
stim_treatment,1508,550
stim_treatment,1387,564
stim_treatment,2391,824
stim_treatment,552,288
stim_treatment,2151,535
stim_treatment,1437,536
stim_treatment,2129,726
stim_treatment,617,361
stim_treatment,1154,499
stim_treatment,1658,651
stim_treatment,3438,888
stim_treatment,1995,612
stim_treatment,829,451
stim_treatment,2234,733
stim_treatment,1630,763
stim_treatment,793,405
stim_treatment,1613,632
stim_treatment,5122,1405
stim_treatment,1290,508
stim_treatment,1071,510
stim_treatment,720,371
stim_treatment,999,470
stim_treatment,2470,997
stim_treatment,4322,988
stim_treatment,415,211
stim_treatment,625,338
stim_treatment,3494,1309
stim_treatment,1415,585
stim_treatment,2607,592
stim_treatment,945,437
stim_treatment,173,116
stim_treatment,2901,938
stim_treatment,4835,544
stim_treatment,506,239
stim_treatment,173,112
stim_treatment,5277,1335
stim_treatment,2662,752
stim_treatment,875,402
stim_treatment,5112,1200
stim_treatment,1403,572
stim_treatment,3145,919
stim_treatment,1084,372
stim_treatment,3851,1109
stim_treatment,349,194
stim_treatment,617,359
stim_treatment,2086,783
stim_treatment,697,401
stim_treatment,2053,694
stim_treatment,1536,599
stim_treatment,1311,567
stim_treatment,536,260
stim_treatment,2084,794
stim_treatment,2080,594
stim_treatment,1849,585
stim_treatment,3486,883
stim_treatment,993,413
stim_treatment,926,481
stim_treatment,1402,507
stim_treatment,920,448
stim_treatment,2519,814
stim_treatment,2162,900
stim_treatment,752,422
stim_treatment,3988,1210
stim_treatment,3608,1004
stim_treatment,1342,514
stim_treatment,1176,525
stim_treatment,521,290
stim_treatment,4729,1200
stim_treatment,260,156
stim_treatment,1871,820
stim_treatment,3366,827
stim_treatment,1253,519
stim_treatment,1876,709
stim_treatment,1207,596
stim_treatment,791,415
stim_treatment,1381,549
stim_treatment,1202,510
stim_treatment,1762,785
stim_treatment,3595,826
stim_treatment,2145,660
stim_treatment,963,453
stim_treatment,602,258
stim_treatment,1166,593
stim_treatment,2970,722
stim_treatment,1338,588
stim_treatment,2506,897
stim_treatment,933,466
stim_treatment,5948,1468
stim_treatment,1517,546
stim_treatment,1388,557
stim_treatment,1282,676
stim_treatment,935,399
stim_treatment,704,373
stim_treatment,1504,580
stim_treatment,2400,1022
stim_treatment,1104,515
stim_treatment,2909,644
stim_treatment,1154,525
stim_treatment,1382,563
stim_treatment,420,248
stim_treatment,199,115
stim_treatment,3123,865
stim_treatment,4641,1018
stim_treatment,1273,523
stim_treatment,2329,803
stim_treatment,1105,435
stim_treatment,974,463
stim_treatment,266,151
stim_treatment,1549,546
stim_treatment,2767,853
stim_treatment,3444,800
stim_treatment,1411,526
stim_treatment,3765,1011
stim_treatment,1050,443
stim_treatment,1364,595
stim_treatment,1113,489
stim_treatment,1649,734
stim_treatment,2789,922
stim_treatment,1226,487
stim_treatment,1194,524
stim_treatment,988,494
stim_treatment,594,316
stim_treatment,2373,834
stim_treatment,1016,486
stim_treatment,2459,709
stim_treatment,1561,668
stim_treatment,1086,523
stim_treatment,1187,533
stim_treatment,3146,1087
stim_treatment,2990,1004
stim_treatment,903,501
stim_treatment,1522,710
stim_treatment,1561,577
stim_treatment,3752,1353
stim_treatment,937,450
stim_treatment,1547,462
stim_treatment,3753,1053
stim_treatment,952,456
stim_treatment,2117,670
stim_treatment,276,172
stim_treatment,723,385
stim_treatment,8268,1839
stim_treatment,972,523
stim_treatment,1490,645
stim_treatment,871,451
stim_treatment,674,322
stim_treatment,555,291
stim_treatment,1833,654
stim_treatment,670,329
stim_treatment,656,335
stim_treatment,3331,958
stim_treatment,1094,449
stim_treatment,2782,727
stim_treatment,1507,515
stim_treatment,1481,603
stim_treatment,2809,850
stim_treatment,4010,1239
stim_treatment,241,147
stim_treatment,868,432
stim_treatment,1088,481
stim_treatment,1087,513
stim_treatment,660,368
stim_treatment,1274,468
stim_treatment,2799,783
stim_treatment,1522,547
stim_treatment,225,157
stim_treatment,7992,1733
stim_treatment,4495,1284
stim_treatment,3623,1213
stim_treatment,1231,597
stim_treatment,2114,751
stim_treatment,3022,962
stim_treatment,1734,544
stim_treatment,1466,561
stim_treatment,1368,598
stim_treatment,715,385
stim_treatment,469,215
stim_treatment,3372,1029
stim_treatment,1322,540
stim_treatment,4051,1202
stim_treatment,1127,494
stim_treatment,726,355
stim_treatment,1060,497
stim_treatment,644,377
stim_treatment,3945,874
stim_treatment,895,455
stim_treatment,828,431
stim_treatment,1186,430
stim_treatment,1051,476
stim_treatment,158,102
stim_treatment,997,464
stim_treatment,1236,445
stim_treatment,1045,464
stim_treatment,675,348
stim_treatment,3308,1091
stim_treatment,3923,863
stim_treatment,1323,567
stim_treatment,255,135
stim_treatment,2705,943
stim_treatment,1280,424
stim_treatment,1669,608
stim_treatment,1099,538
stim_treatment,1027,545
stim_treatment,916,341
stim_treatment,1211,457
stim_treatment,782,391
stim_treatment,1180,529
stim_treatment,1238,430
stim_treatment,1931,749
stim_treatment,1126,490
stim_treatment,2157,649
stim_treatment,1694,567
stim_treatment,1500,563
stim_treatment,2824,1088
stim_treatment,1502,524
stim_treatment,417,242
stim_treatment,1090,558
stim_treatment,2122,772
stim_treatment,1011,440
stim_treatment,659,312
stim_treatment,2139,770
stim_treatment,707,392
stim_treatment,928,393
stim_treatment,2914,762
stim_treatment,2378,975
stim_treatment,2168,655
stim_treatment,634,341
stim_treatment,4326,1183
stim_treatment,920,445
stim_treatment,2322,726
stim_treatment,1689,738
stim_treatment,1066,500
stim_treatment,1081,464
stim_treatment,937,436
stim_treatment,352,200
stim_treatment,3914,1284
stim_treatment,1048,460
stim_treatment,1949,620
stim_treatment,2114,828
stim_treatment,1476,544
stim_treatment,1181,516
stim_treatment,2930,794
stim_treatment,4566,909
stim_treatment,1108,681
stim_treatment,2927,830
stim_treatment,1307,474
stim_treatment,218,129
stim_treatment,960,429
stim_treatment,1462,519
stim_treatment,2430,792
stim_treatment,1380,513
stim_treatment,1358,512
stim_treatment,2089,556
stim_treatment,3475,939
stim_treatment,2425,670
stim_treatment,1164,400
stim_treatment,2754,994
stim_treatment,2204,659
stim_treatment,193,122
stim_treatment,1239,586
stim_treatment,1430,485
stim_treatment,2396,849
stim_treatment,542,317
stim_treatment,1913,692
stim_treatment,445,241
stim_treatment,1509,442
stim_treatment,867,449
stim_treatment,965,482
stim_treatment,1080,556
stim_treatment,2218,616
stim_treatment,767,412
stim_treatment,3319,1042
stim_treatment,3386,812
stim_treatment,1268,538
stim_treatment,1726,551
stim_treatment,788,338
stim_treatment,1371,622
stim_treatment,2302,924
stim_treatment,2441,703
stim_treatment,823,417
stim_treatment,1346,546
stim_treatment,4584,1102
stim_treatment,875,375
stim_treatment,242,149
stim_treatment,1103,453
stim_treatment,2090,662
stim_treatment,658,349
stim_treatment,1420,515
stim_treatment,2062,624
stim_treatment,924,427
stim_treatment,2132,697
stim_treatment,5667,1224
stim_treatment,1008,430
stim_treatment,784,389
stim_treatment,1178,528
stim_treatment,1841,670
stim_treatment,2175,1045
stim_treatment,396,208
stim_treatment,1244,489
stim_treatment,1649,783
stim_treatment,993,386
stim_treatment,927,459
stim_treatment,1659,573
stim_treatment,1391,526
stim_treatment,1568,603
stim_treatment,1178,578
stim_treatment,3093,703
stim_treatment,1643,592
stim_treatment,1370,476
stim_treatment,1263,473
stim_treatment,1080,464
stim_treatment,5824,1311
stim_treatment,1528,553
stim_treatment,1288,503
stim_treatment,868,409
stim_treatment,2079,851
stim_treatment,1387,439
stim_treatment,352,218
stim_treatment,2057,880
stim_treatment,1085,472
stim_treatment,1663,746
stim_treatment,2741,826
stim_treatment,2499,824
stim_treatment,2183,731
stim_treatment,3038,930
stim_treatment,1281,573
stim_treatment,799,434
stim_treatment,1120,477
stim_treatment,337,207
stim_treatment,1039,465
stim_treatment,1635,495
stim_treatment,3128,1083
stim_treatment,1139,498
stim_treatment,2020,640
stim_treatment,1609,554
stim_treatment,1322,637
stim_treatment,2184,683
stim_treatment,2948,1012
stim_treatment,1865,720
stim_treatment,967,298
stim_treatment,949,487
stim_treatment,1021,453
stim_treatment,1203,428
stim_treatment,1144,338
stim_treatment,1003,512
stim_treatment,1251,497
stim_treatment,1302,530
stim_treatment,2100,765
stim_treatment,2954,771
stim_treatment,2077,835
stim_treatment,772,378
stim_treatment,2370,710
stim_treatment,712,429
stim_treatment,1225,500
stim_treatment,1388,540
stim_treatment,2296,798
stim_treatment,2212,911
stim_treatment,3428,769
stim_treatment,2612,792
stim_treatment,1355,429
stim_treatment,1292,534
stim_treatment,1012,512
stim_treatment,529,249
stim_treatment,1268,567
stim_treatment,1042,534
stim_treatment,1942,748
stim_treatment,1447,631
stim_treatment,1091,448
stim_treatment,1189,493
stim_treatment,1157,514
stim_treatment,1437,590
stim_treatment,1538,581
stim_treatment,1912,655
stim_treatment,3367,815
stim_treatment,1349,454
stim_treatment,2124,706
stim_treatment,1314,638
stim_treatment,763,299
stim_treatment,980,456
stim_treatment,1433,722
stim_treatment,1217,608
stim_treatment,1257,480
stim_treatment,704,351
stim_treatment,317,117
stim_treatment,3559,909
stim_treatment,1081,490
stim_treatment,1429,537
stim_treatment,2088,748
stim_treatment,2981,1032
stim_treatment,2109,824
stim_treatment,1305,612
stim_treatment,943,299
stim_treatment,1000,448
stim_treatment,1809,688
stim_treatment,1581,639
stim_treatment,2000,680
stim_treatment,2934,767
stim_treatment,2541,687
stim_treatment,2763,660
stim_treatment,1144,508
stim_treatment,1368,531
stim_treatment,2504,709
stim_treatment,740,320
stim_treatment,580,281
stim_treatment,936,344
stim_treatment,1340,517
stim_treatment,1725,600
stim_treatment,893,461
stim_treatment,1828,626
stim_treatment,2249,633
stim_treatment,1050,372
stim_treatment,1544,624
stim_treatment,1310,654
stim_treatment,2109,865
stim_treatment,1346,599
stim_treatment,1593,598
stim_treatment,1942,761
stim_treatment,1766,587
stim_treatment,3049,1187
stim_treatment,1679,644
stim_treatment,1386,524
stim_treatment,1284,561
stim_treatment,2336,758
stim_treatment,1477,523
stim_treatment,1510,569
stim_treatment,1011,365
stim_treatment,1177,365
stim_treatment,1773,627
stim_treatment,1189,555
stim_treatment,2732,697
stim_treatment,1308,476
stim_treatment,1314,571
stim_treatment,5286,1345
stim_treatment,3601,1097
stim_treatment,326,136
stim_treatment,2110,837
stim_treatment,814,386
stim_treatment,3154,1137
stim_treatment,609,313
stim_treatment,1124,543
stim_treatment,4922,1209
stim_treatment,2146,606
stim_treatment,4172,1006
stim_treatment,1275,578
stim_treatment,866,351
stim_treatment,2282,858
stim_treatment,468,159
stim_treatment,1282,478
stim_treatment,4186,1057
stim_treatment,1074,469
stim_treatment,1700,552
stim_treatment,1059,438
stim_treatment,1289,481
stim_treatment,1474,573
stim_treatment,2619,980
stim_treatment,1652,548
stim_treatment,1310,522
stim_treatment,1219,539
stim_treatment,2187,664
stim_treatment,688,367
stim_treatment,2342,661
stim_treatment,1143,527
stim_treatment,1309,514
stim_treatment,1599,627
stim_treatment,755,348
stim_treatment,818,435
stim_treatment,951,447
stim_treatment,375,237
stim_treatment,721,419
stim_treatment,2943,691
stim_treatment,921,390
stim_treatment,1442,474
stim_treatment,1272,559
stim_treatment,3061,732
stim_treatment,1031,410
stim_treatment,1224,601
stim_treatment,1160,528
stim_treatment,1023,434
stim_treatment,1900,672
stim_treatment,1115,463
stim_treatment,1207,538
stim_treatment,3075,1074
stim_treatment,1015,427
stim_treatment,2134,789
stim_treatment,3108,683
stim_treatment,1148,524
stim_treatment,1529,544
stim_treatment,1134,472
stim_treatment,722,389
stim_treatment,1486,631
stim_treatment,2913,675
stim_treatment,1543,530
stim_treatment,2448,674
stim_treatment,760,395
stim_treatment,1238,546
stim_treatment,1690,692
stim_treatment,1399,602
stim_treatment,4596,1059
stim_treatment,996,470
stim_treatment,2002,673
stim_treatment,1031,488
stim_treatment,2406,844
stim_treatment,1765,856
stim_treatment,939,444
stim_treatment,714,331
stim_treatment,1318,525
stim_treatment,1119,549
stim_treatment,563,351
stim_treatment,1016,551
stim_treatment,3623,980
stim_treatment,1842,601
stim_treatment,969,414
stim_treatment,1384,554
stim_treatment,1590,609
stim_treatment,1595,543
stim_treatment,680,368
stim_treatment,1613,534
stim_treatment,942,472
stim_treatment,2716,798
stim_treatment,1396,507
stim_treatment,1121,483
stim_treatment,526,246
stim_treatment,504,293
stim_treatment,1259,470
stim_treatment,1152,488
stim_treatment,1279,599
stim_treatment,1367,587
stim_treatment,1226,544
stim_treatment,843,404
stim_treatment,1190,488
stim_treatment,979,473
stim_treatment,1344,547
stim_treatment,2466,809
stim_treatment,598,328
stim_treatment,2004,961
stim_treatment,2051,841
stim_treatment,1204,545
stim_treatment,4610,887
stim_treatment,1864,596
stim_treatment,1050,445
stim_treatment,1318,576
stim_treatment,1122,574
stim_treatment,3416,1143
stim_treatment,2172,700
stim_treatment,3037,781
stim_treatment,2716,591
stim_treatment,2217,646
stim_treatment,1815,502
stim_treatment,706,398
stim_treatment,468,276
stim_treatment,1056,350
stim_treatment,1319,566
stim_treatment,1400,510
stim_treatment,2002,749
stim_treatment,1218,523
stim_treatment,3122,856
stim_treatment,1181,565
stim_treatment,1561,458
stim_treatment,1325,569
stim_treatment,3863,914
stim_treatment,1112,527
stim_treatment,3713,924
stim_treatment,2300,682
stim_treatment,1200,530
stim_treatment,904,476
stim_treatment,434,256
stim_treatment,1253,536
stim_treatment,2735,714
stim_treatment,1795,635
stim_treatment,1059,501
stim_treatment,1721,682
stim_treatment,772,371
stim_treatment,3563,1166
stim_treatment,1100,494
stim_treatment,2592,773
stim_treatment,752,445
stim_treatment,2350,803
stim_treatment,507,259
stim_treatment,971,402
stim_treatment,1198,530
stim_treatment,1841,491
stim_treatment,942,499
stim_treatment,2269,856
stim_treatment,2938,867
stim_treatment,2904,673
stim_treatment,895,385
stim_treatment,1031,477
stim_treatment,852,390
stim_treatment,959,418
stim_treatment,1659,687
stim_treatment,1140,435
stim_treatment,1288,546
stim_treatment,2025,778
stim_treatment,606,250
stim_treatment,1589,474
stim_treatment,805,346
stim_treatment,660,287
stim_treatment,253,153
stim_treatment,3753,1119
stim_treatment,1163,463
stim_treatment,999,445
stim_treatment,1708,732
stim_treatment,1524,578
stim_treatment,452,212
stim_treatment,1305,570
stim_treatment,1145,472
stim_treatment,2689,806
stim_treatment,1304,465
stim_treatment,3650,946
stim_treatment,1238,600
stim_treatment,1063,478
stim_treatment,3845,958
stim_treatment,400,201
stim_treatment,852,412
stim_treatment,341,202
stim_treatment,761,383
stim_treatment,1595,630
stim_treatment,1033,387
stim_treatment,1454,551
stim_treatment,3110,904
stim_treatment,1791,683
stim_treatment,687,309
stim_treatment,1446,538
stim_treatment,745,305
stim_treatment,1387,717
stim_treatment,1430,549
stim_treatment,387,182
stim_treatment,793,376
stim_treatment,949,469
stim_treatment,1767,674
stim_treatment,4606,1111
stim_treatment,463,284
stim_treatment,3460,995
stim_treatment,1107,461
stim_treatment,1757,759
stim_treatment,2678,867
stim_treatment,1331,545
stim_treatment,1485,715
stim_treatment,561,338
stim_treatment,1720,733
stim_treatment,1331,473
stim_treatment,1138,544
stim_treatment,2213,653
stim_treatment,955,459
stim_treatment,875,475
stim_treatment,963,412
stim_treatment,1146,446
stim_treatment,678,346
stim_treatment,3233,864
stim_treatment,1493,640
stim_treatment,950,458
stim_treatment,1559,633
stim_treatment,3697,1027
stim_treatment,856,500
stim_treatment,3265,1032
stim_treatment,1290,487
stim_treatment,1357,529
stim_treatment,1999,618
stim_treatment,2682,780
stim_treatment,1197,506
stim_treatment,1209,572
stim_treatment,1242,589
stim_treatment,891,428
stim_treatment,4374,852
stim_treatment,1541,606
stim_treatment,413,213
stim_treatment,1093,501
stim_treatment,1647,552
stim_treatment,1565,585
stim_treatment,1419,519
stim_treatment,3412,966
stim_treatment,727,381
stim_treatment,2738,1071
stim_treatment,581,314
stim_treatment,402,239
stim_treatment,1984,760
stim_treatment,1290,544
stim_treatment,1127,512
stim_treatment,1239,551
stim_treatment,1115,540
stim_treatment,1529,583
stim_treatment,2780,1017
stim_treatment,708,337
stim_treatment,1153,565
stim_treatment,1073,659
stim_treatment,1319,518
stim_treatment,1040,264
stim_treatment,952,410
stim_treatment,1526,517
stim_treatment,1015,413
stim_treatment,3211,963
stim_treatment,2885,774
stim_treatment,832,461
stim_treatment,1655,783
stim_treatment,1218,533
stim_treatment,274,173
stim_treatment,1021,406
stim_treatment,1197,463
stim_treatment,951,576
stim_treatment,1197,559
stim_treatment,1014,472
stim_treatment,1270,533
stim_treatment,4723,1033
stim_treatment,854,390
stim_treatment,1334,532
stim_treatment,2724,820
stim_treatment,1105,451
stim_treatment,4021,1068
stim_treatment,609,304
stim_treatment,856,419
stim_treatment,530,295
stim_treatment,3224,950
stim_treatment,167,118
stim_treatment,913,457
stim_treatment,5316,1448
stim_treatment,310,158
stim_treatment,2248,712
stim_treatment,948,447
stim_treatment,1113,494
stim_treatment,2689,753
stim_treatment,1389,664
stim_treatment,444,220
stim_treatment,803,397
stim_treatment,3821,970
stim_treatment,265,114
stim_treatment,4727,1152
stim_treatment,949,465
stim_treatment,1592,516
stim_treatment,1600,645
stim_treatment,1259,534
stim_treatment,4012,878
stim_treatment,1257,509
stim_treatment,1439,574
stim_treatment,1216,524
stim_treatment,3434,942
stim_treatment,1424,478
stim_treatment,2902,840
stim_treatment,962,457
stim_treatment,4606,1269
stim_treatment,3547,1093
stim_treatment,1052,575
stim_treatment,1109,518
stim_treatment,1149,565
stim_treatment,1254,471
stim_treatment,2696,805
stim_treatment,3302,856
stim_treatment,3555,804
stim_treatment,884,431
stim_treatment,2305,675
stim_treatment,824,396
stim_treatment,440,251
stim_treatment,2566,975
stim_treatment,5578,1222
stim_treatment,1900,771
stim_treatment,843,417
stim_treatment,2060,696
stim_treatment,400,166
stim_treatment,1059,533
stim_treatment,3493,908
stim_treatment,1149,442
stim_treatment,1140,426
stim_treatment,1363,607
stim_treatment,3799,831
stim_treatment,1007,457
stim_treatment,2003,592
stim_treatment,4498,1314
stim_treatment,1323,564
stim_treatment,1997,596
stim_treatment,4113,1160
stim_treatment,1198,495
stim_treatment,1189,458
stim_treatment,1166,603
stim_treatment,1291,545
stim_treatment,1308,528
stim_treatment,1282,539
stim_treatment,1705,693
stim_treatment,5098,1027
stim_treatment,1874,604
stim_treatment,1916,687
stim_treatment,792,404
stim_treatment,1528,521
stim_treatment,927,439
stim_treatment,744,244
stim_treatment,240,162
stim_treatment,1078,558
stim_treatment,4622,1047
stim_treatment,3559,755
stim_treatment,1201,534
stim_treatment,960,435
stim_treatment,684,343
stim_treatment,820,412
stim_treatment,1030,460
stim_treatment,756,479
stim_treatment,1427,587
stim_treatment,797,420
stim_treatment,4751,1100
stim_treatment,2449,749
stim_treatment,1287,469
stim_treatment,1133,559
stim_treatment,1671,527
stim_treatment,1520,561
stim_treatment,4634,1115
stim_treatment,1209,480
stim_treatment,1298,545
stim_treatment,2446,850
stim_treatment,1033,473
stim_treatment,270,133
stim_treatment,1327,557
stim_treatment,2898,696
stim_treatment,1470,606
stim_treatment,988,470
stim_treatment,1186,469
stim_treatment,2249,671
stim_treatment,1132,539
stim_treatment,3362,917
stim_treatment,811,384
stim_treatment,1707,635
stim_treatment,3116,1105
stim_treatment,1159,531
stim_treatment,815,225
stim_treatment,4791,1110
stim_treatment,3284,959
stim_treatment,3118,784
stim_treatment,3205,803
stim_treatment,1120,495
stim_treatment,475,304
stim_treatment,731,369
stim_treatment,1761,714
stim_treatment,1100,503
stim_treatment,940,397
stim_treatment,2426,750
stim_treatment,1161,454
stim_treatment,3558,994
stim_treatment,1480,577
stim_treatment,1743,838
stim_treatment,1066,360
stim_treatment,825,375
stim_treatment,2948,848
stim_treatment,1302,494
stim_treatment,1231,523
stim_treatment,926,412
stim_treatment,1691,634
stim_treatment,1779,632
stim_treatment,1209,497
stim_treatment,1185,525
stim_treatment,454,274
stim_treatment,1675,663
stim_treatment,1729,857
stim_treatment,999,511
stim_treatment,289,170
stim_treatment,2874,1039
stim_treatment,1319,657
stim_treatment,1454,608
stim_treatment,814,387
stim_treatment,1699,555
stim_treatment,1543,582
stim_treatment,988,428
stim_treatment,1626,557
stim_treatment,1688,510
stim_treatment,1099,427
stim_treatment,3184,900
stim_treatment,971,424
stim_treatment,2522,881
stim_treatment,1941,688
stim_treatment,1607,596
stim_treatment,1242,405
stim_treatment,1314,578
stim_treatment,1447,623
stim_treatment,1131,520
stim_treatment,476,303
stim_treatment,1604,515
stim_treatment,1059,441
stim_treatment,303,130
stim_treatment,956,434
stim_treatment,1058,477
stim_treatment,2831,858
stim_treatment,1032,373
stim_treatment,1249,566
stim_treatment,4433,1091
stim_treatment,1486,622
stim_treatment,724,341
stim_treatment,1641,667
stim_treatment,1057,508
stim_treatment,1309,466
stim_treatment,333,220
stim_treatment,3257,908
stim_treatment,878,448
stim_treatment,4165,1148
stim_treatment,1565,527
stim_treatment,1169,553
stim_treatment,1552,575
stim_treatment,314,101
stim_treatment,2892,1040
stim_treatment,1038,642
stim_treatment,3268,837
stim_treatment,1026,477
stim_treatment,1321,605
stim_treatment,1332,589
stim_treatment,1514,628
stim_treatment,3197,846
stim_treatment,2473,696
stim_treatment,1131,488
stim_treatment,747,357
stim_treatment,956,480
stim_treatment,1528,365
stim_treatment,3208,876
stim_treatment,432,255
stim_treatment,1207,564
stim_treatment,998,567
stim_treatment,1198,497
stim_treatment,2339,825
stim_treatment,678,339
stim_treatment,1946,735
stim_treatment,1231,506
stim_treatment,2459,859
stim_treatment,1427,528
stim_treatment,1942,770
stim_treatment,346,166
stim_treatment,1089,454
stim_treatment,1533,581
stim_treatment,2070,691
stim_treatment,560,299
stim_treatment,1301,504
stim_treatment,2610,758
stim_treatment,1435,505
stim_treatment,2583,1118
stim_treatment,1262,527
stim_treatment,3702,949
stim_treatment,1308,641
stim_treatment,1284,508
stim_treatment,981,453
stim_treatment,919,458
stim_treatment,1271,652
stim_treatment,7116,712
stim_treatment,1193,489
stim_treatment,1485,555
stim_treatment,1103,526
stim_treatment,1553,578
stim_treatment,1391,526
stim_treatment,5620,1468
stim_treatment,1001,453
stim_treatment,2650,975
stim_treatment,3194,913
stim_treatment,1284,532
stim_treatment,1027,429
stim_treatment,3414,1103
stim_treatment,2926,793
stim_treatment,2585,884
stim_treatment,2872,990
stim_treatment,959,500
stim_treatment,698,397
stim_treatment,2922,776
stim_treatment,2924,1030
stim_treatment,1305,503
stim_treatment,691,327
stim_treatment,2622,690
stim_treatment,1524,590
stim_treatment,1625,485
stim_treatment,2452,842
stim_treatment,1154,582
stim_treatment,1990,656
stim_treatment,1187,540
stim_treatment,1618,698
stim_treatment,1135,494
stim_treatment,2567,805
stim_treatment,1014,434
stim_treatment,749,369
stim_treatment,2203,554
stim_treatment,1243,518
stim_treatment,925,465
stim_treatment,285,176
stim_treatment,948,455
stim_treatment,1607,691
stim_treatment,3334,913
stim_treatment,1743,574
stim_treatment,1798,552
stim_treatment,1064,496
stim_treatment,1084,474
stim_treatment,2388,813
stim_treatment,895,383
stim_treatment,1183,504
stim_treatment,5453,1220
stim_treatment,1337,494
stim_treatment,968,451
stim_treatment,3136,1035
stim_treatment,3719,908
stim_treatment,2020,794
stim_treatment,1693,673
stim_treatment,2026,692
stim_treatment,773,443
stim_treatment,1845,711
stim_treatment,1162,502
stim_treatment,426,243
stim_treatment,744,393
stim_treatment,1551,543
stim_treatment,1851,615
stim_treatment,2034,721
stim_treatment,1154,472
stim_treatment,423,229
stim_treatment,960,532
stim_treatment,2176,811
stim_treatment,5547,1205
stim_treatment,1104,509
stim_treatment,1620,580
stim_treatment,1148,525
stim_treatment,1267,562
stim_treatment,281,167
stim_treatment,932,439
stim_treatment,3257,908
stim_treatment,1803,806
stim_treatment,979,536
stim_treatment,2538,703
stim_treatment,857,404
stim_treatment,1564,597
stim_treatment,1006,503
stim_treatment,1272,485
stim_treatment,907,445
stim_treatment,2554,1155
stim_treatment,1096,418
stim_treatment,1313,481
stim_treatment,1349,555
stim_treatment,807,395
stim_treatment,1363,485
stim_treatment,1534,511
stim_treatment,981,437
stim_treatment,1570,533
stim_treatment,1497,589
stim_treatment,1476,532
stim_treatment,1537,523
stim_treatment,210,130
stim_treatment,3228,854
stim_treatment,898,470
stim_treatment,436,257
stim_treatment,788,448
stim_treatment,468,252
stim_treatment,1006,461
stim_treatment,728,373
stim_treatment,1587,507
stim_treatment,1279,574
stim_treatment,2993,1257
stim_treatment,3179,953
stim_treatment,158,107
stim_treatment,1042,469
stim_treatment,940,452
stim_treatment,894,449
stim_treatment,1207,509
stim_treatment,1663,690
stim_treatment,997,478
stim_treatment,1616,610
stim_treatment,1361,523
stim_treatment,1329,578
stim_treatment,1020,504
stim_treatment,997,371
stim_treatment,1596,599
stim_treatment,1829,495
stim_treatment,1807,600
stim_treatment,572,378
stim_treatment,788,316
stim_treatment,1037,465
stim_treatment,1159,505
stim_treatment,886,415
stim_treatment,2874,700
stim_treatment,2868,937
stim_treatment,1226,508
stim_treatment,1880,889
stim_treatment,1277,605
stim_treatment,1153,493
stim_treatment,720,325
stim_treatment,3095,743
stim_treatment,2041,791
stim_treatment,1897,776
stim_treatment,1139,470
stim_treatment,1493,489
stim_treatment,3443,947
stim_treatment,1461,560
stim_treatment,2118,625
stim_treatment,1096,462
stim_treatment,960,462
stim_treatment,888,471
stim_treatment,2066,683
stim_treatment,1313,564
stim_treatment,1830,738
stim_treatment,1405,561
stim_treatment,659,324
stim_treatment,1585,756
stim_treatment,1678,547
stim_treatment,2091,498
stim_treatment,1935,604
stim_treatment,856,380
stim_treatment,1253,462
stim_treatment,1633,627
stim_treatment,936,460
stim_treatment,4025,878
stim_treatment,183,105
stim_treatment,872,451
stim_treatment,3228,843
stim_treatment,2984,924
stim_treatment,951,392
stim_treatment,1847,717
stim_treatment,527,288
stim_treatment,3556,825
stim_treatment,1176,569
stim_treatment,371,176
stim_treatment,1637,653
stim_treatment,1414,631
stim_treatment,469,194
stim_treatment,2929,942
stim_treatment,2979,820
stim_treatment,917,544
stim_treatment,2054,776
stim_treatment,870,443
stim_treatment,5433,1404
stim_treatment,2136,613
stim_treatment,1342,527
stim_treatment,2798,766
stim_treatment,703,393
stim_treatment,2229,848
stim_treatment,1050,481
stim_treatment,925,475
stim_treatment,2210,660
stim_treatment,2040,868
stim_treatment,942,409
stim_treatment,1162,509
stim_treatment,3373,966
stim_treatment,1527,531
stim_treatment,1245,595
stim_treatment,1179,517
stim_treatment,1332,581
stim_treatment,1918,851
stim_treatment,1068,490
stim_treatment,4490,1273
stim_treatment,936,475
stim_treatment,1142,510
stim_treatment,2053,624
stim_treatment,743,377
stim_treatment,986,465
stim_treatment,1647,791
stim_treatment,241,108
stim_treatment,3478,776
stim_treatment,363,255
stim_treatment,1279,466
stim_treatment,957,437
stim_treatment,1390,659
stim_treatment,3390,992
stim_treatment,1605,550
stim_treatment,1574,725
stim_treatment,1036,446
stim_treatment,1589,602
stim_treatment,2680,777
stim_treatment,249,131
stim_treatment,1286,486
stim_treatment,222,144
stim_treatment,412,264
stim_treatment,1435,749
stim_treatment,906,341
stim_treatment,1547,577
stim_treatment,2541,772
stim_treatment,330,147
stim_treatment,2401,869
stim_treatment,2766,889
stim_treatment,505,251
stim_treatment,2171,750
stim_treatment,1107,549
stim_treatment,1385,593
stim_treatment,3413,989
stim_treatment,855,495
stim_treatment,1217,449
stim_treatment,1155,477
stim_treatment,982,481
stim_treatment,1473,453
stim_treatment,1172,499
stim_treatment,1319,554
stim_treatment,239,139
stim_treatment,968,487
stim_treatment,3787,1182
stim_treatment,1125,602
stim_treatment,1062,460
stim_treatment,2972,972
stim_treatment,1635,561
stim_treatment,2307,915
stim_treatment,3182,1146
stim_treatment,1148,504
stim_treatment,1266,547
stim_treatment,2620,822
stim_treatment,271,108
stim_treatment,4245,1040
stim_treatment,1472,559
stim_treatment,1286,507
stim_treatment,1036,465
stim_treatment,939,410
stim_treatment,580,273
stim_treatment,1047,477
stim_treatment,1531,675
stim_treatment,2456,891
stim_treatment,1083,434
stim_treatment,2902,530
stim_treatment,362,181
stim_treatment,1690,562
stim_treatment,1547,552
stim_treatment,1318,516
stim_treatment,1128,530
stim_treatment,1020,583
stim_treatment,630,336
stim_treatment,2216,698
stim_treatment,1422,537
stim_treatment,3613,962
stim_treatment,1445,554
stim_treatment,3957,982
stim_treatment,1455,571
stim_treatment,1467,593
stim_treatment,1334,652
stim_treatment,2911,943
stim_treatment,1105,478
stim_treatment,1265,566
stim_treatment,1077,499
stim_treatment,745,393
stim_treatment,834,394
stim_treatment,685,264
stim_treatment,5635,1608
stim_treatment,2282,926
stim_treatment,1151,403
stim_treatment,2866,1056
stim_treatment,2105,942
stim_treatment,884,446
stim_treatment,1629,662
stim_treatment,1445,474
stim_treatment,843,357
stim_treatment,2958,867
stim_treatment,727,347
stim_treatment,1738,790
stim_treatment,1504,482
stim_treatment,950,451
stim_treatment,3722,1024
stim_treatment,2613,758
stim_treatment,2747,926
stim_treatment,1568,660
stim_treatment,1382,637
stim_treatment,392,239
stim_treatment,714,290
stim_treatment,823,396
stim_treatment,2216,827
stim_treatment,2681,908
stim_treatment,1683,564
stim_treatment,2124,803
stim_treatment,1056,485
stim_treatment,762,407
stim_treatment,1704,507
stim_treatment,955,467
stim_treatment,3786,934
stim_treatment,1313,650
stim_treatment,1308,567
stim_treatment,3481,953
stim_treatment,371,139
stim_treatment,831,387
stim_treatment,1331,447
stim_treatment,769,383
stim_treatment,733,378
stim_treatment,1355,530
stim_treatment,1278,481
stim_treatment,844,410
stim_treatment,777,264
stim_treatment,244,113
stim_treatment,1618,737
stim_treatment,2862,890
stim_treatment,1325,555
stim_treatment,1929,576
stim_treatment,1262,530
stim_treatment,820,470
stim_treatment,1134,475
stim_treatment,1486,566
stim_treatment,1373,465
stim_treatment,1251,464
stim_treatment,762,428
stim_treatment,1888,599
stim_treatment,4318,958
stim_treatment,2714,1006
stim_treatment,1563,762
stim_treatment,2072,547
stim_treatment,1416,636
stim_treatment,1825,688
stim_treatment,1010,476
stim_treatment,1305,532
stim_treatment,1372,532
stim_treatment,924,440
stim_treatment,1530,502
stim_treatment,896,451
stim_treatment,3945,938
stim_treatment,2565,721
stim_treatment,1631,736
stim_treatment,852,574
stim_treatment,1258,529
stim_treatment,3712,1303
stim_treatment,2018,774
stim_treatment,4679,1196
stim_treatment,1086,429
stim_treatment,705,352
stim_treatment,1223,497
stim_treatment,746,410
stim_treatment,1125,468
stim_treatment,1085,507
stim_treatment,1190,468
stim_treatment,1287,547
stim_treatment,805,372
stim_treatment,1166,587
stim_treatment,875,421
stim_treatment,887,410
stim_treatment,440,249
stim_treatment,1575,675
stim_treatment,1156,562
stim_treatment,907,495
stim_treatment,882,379
stim_treatment,1350,652
stim_treatment,894,421
stim_treatment,195,121
stim_treatment,5276,1250
stim_treatment,1168,524
stim_treatment,1002,444
stim_treatment,4250,1196
stim_treatment,1176,459
stim_treatment,1756,713
stim_treatment,468,221
stim_treatment,368,204
stim_treatment,2106,765
stim_treatment,1746,669
stim_treatment,1111,461
stim_treatment,2347,631
stim_treatment,1168,524
stim_treatment,1075,495
stim_treatment,940,444
stim_treatment,965,583
stim_treatment,1348,455
stim_treatment,729,354
stim_treatment,10689,1363
stim_treatment,1134,600
stim_treatment,2364,755
stim_treatment,1183,503
stim_treatment,1798,702
stim_treatment,716,314
stim_treatment,333,219
stim_treatment,3154,952
stim_treatment,982,475
stim_treatment,4249,1052
stim_treatment,1127,541
stim_treatment,389,249
stim_treatment,659,327
stim_treatment,1227,453
stim_treatment,3367,1173
stim_treatment,221,167
stim_treatment,915,406
stim_treatment,1961,670
stim_treatment,829,434
stim_treatment,545,259
stim_treatment,945,362
stim_treatment,1252,488
stim_treatment,1391,619
stim_treatment,2459,872
stim_treatment,1732,660
stim_treatment,3348,914
stim_treatment,1187,455
stim_treatment,636,309
stim_treatment,735,368
stim_treatment,1407,530
stim_treatment,1283,541
stim_treatment,2270,799
stim_treatment,3005,776
stim_treatment,1770,650
stim_treatment,1578,623
stim_treatment,1322,597
stim_treatment,3104,897
stim_treatment,1596,557
stim_treatment,1250,513
stim_treatment,3920,947
stim_treatment,1022,535
stim_treatment,477,272
stim_treatment,1294,478
stim_treatment,1295,579
stim_treatment,1705,652
stim_treatment,3464,741
stim_treatment,755,397
stim_treatment,3097,827
stim_treatment,1515,571
stim_treatment,1082,471
stim_treatment,1116,339
stim_treatment,3706,916
stim_treatment,1049,518
stim_treatment,1807,577
stim_treatment,1646,601
stim_treatment,2752,965
stim_treatment,1354,459
stim_treatment,1001,432
stim_treatment,129,102
stim_treatment,1059,409
stim_treatment,2263,656
stim_treatment,945,467
stim_treatment,973,406
stim_treatment,1303,544
stim_treatment,449,245
stim_treatment,3108,826
stim_treatment,939,457
stim_treatment,1359,594
stim_treatment,1232,531
stim_treatment,6928,1411
stim_treatment,3690,998
stim_treatment,3772,1067
stim_treatment,2521,674
stim_treatment,967,425
stim_treatment,1132,507
stim_treatment,687,377
stim_treatment,3268,1168
stim_treatment,1017,429
stim_treatment,2774,821
stim_treatment,1183,504
stim_treatment,1055,394
stim_treatment,3687,967
stim_treatment,203,142
stim_treatment,2067,713
stim_treatment,2346,665
stim_treatment,1110,457
stim_treatment,2018,777
stim_treatment,731,350
stim_treatment,1190,537
stim_treatment,2629,888
stim_treatment,1312,590
stim_treatment,1000,470
stim_treatment,4257,1237
stim_treatment,3541,1178
stim_treatment,2844,783
stim_treatment,1379,495
stim_treatment,1483,576
stim_treatment,2409,835
stim_treatment,1400,545
stim_treatment,783,319
stim_treatment,1134,589
stim_treatment,2002,750
stim_treatment,1958,743
stim_treatment,1302,574
stim_treatment,1607,663
stim_treatment,909,436
stim_treatment,1730,635
stim_treatment,2695,726
stim_treatment,1926,854
stim_treatment,1416,554
stim_treatment,2228,694
stim_treatment,1243,615
stim_treatment,924,483
stim_treatment,1003,383
stim_treatment,294,204
stim_treatment,1910,661
stim_treatment,2032,872
stim_treatment,2016,866
stim_treatment,2705,975
stim_treatment,1617,583
stim_treatment,260,144
stim_treatment,1851,794
stim_treatment,1483,642
stim_treatment,1565,674
stim_treatment,1400,508
stim_treatment,1294,525
stim_treatment,1224,550
stim_treatment,3157,946
stim_treatment,1312,526
stim_treatment,2008,862
stim_treatment,2267,690
stim_treatment,3361,759
stim_treatment,391,236
stim_treatment,1189,500
stim_treatment,995,451
stim_treatment,6501,1641
stim_treatment,1203,498
stim_treatment,1200,549
stim_treatment,1274,558
stim_treatment,1408,512
stim_treatment,219,110
stim_treatment,133,101
stim_treatment,2384,820
stim_treatment,1242,522
stim_treatment,1358,541
stim_treatment,1535,403
stim_treatment,1377,604
stim_treatment,1392,532
stim_treatment,558,336
stim_treatment,1185,511
stim_treatment,2124,741
stim_treatment,1264,596
stim_treatment,1487,545
stim_treatment,1116,422
stim_treatment,1267,533
stim_treatment,671,347
stim_treatment,737,404
stim_treatment,3108,867
stim_treatment,1426,526
stim_treatment,1580,562
stim_treatment,931,396
stim_treatment,2449,806
stim_treatment,1370,513
stim_treatment,1353,526
stim_treatment,3242,934
stim_treatment,5436,1135
stim_treatment,663,346
stim_treatment,3790,930
stim_treatment,1464,471
stim_treatment,1260,534
stim_treatment,7988,1443
stim_treatment,1208,523
stim_treatment,1163,519
stim_treatment,1354,526
stim_treatment,1445,512
stim_treatment,1119,504
stim_treatment,1348,578
stim_treatment,1307,528
stim_treatment,891,447
stim_treatment,3913,1135
stim_treatment,986,422
stim_treatment,983,572
stim_treatment,208,136
stim_treatment,588,337
stim_treatment,1198,449
stim_treatment,1254,587
stim_treatment,1131,497
stim_treatment,1500,439
stim_treatment,1045,435
stim_treatment,1331,631
stim_treatment,1480,571
stim_treatment,252,153
stim_treatment,1796,731
stim_treatment,845,464
stim_treatment,1387,510
stim_treatment,1046,549
stim_treatment,2177,842
stim_treatment,778,390
stim_treatment,980,349
stim_treatment,1262,530
stim_treatment,1186,443
stim_treatment,2019,793
stim_treatment,1366,563
stim_treatment,1480,633
stim_treatment,1319,496
stim_treatment,1406,646
stim_treatment,2852,728
stim_treatment,406,275
stim_treatment,1451,614
stim_treatment,157,105
stim_treatment,4507,1279
stim_treatment,1215,556
stim_treatment,2709,830
stim_treatment,3382,1033
stim_treatment,1337,530
stim_treatment,2868,754
stim_treatment,2056,712
stim_treatment,193,129
stim_treatment,1061,465
stim_treatment,797,426
stim_treatment,2843,1066
stim_treatment,3273,900
stim_treatment,764,389
stim_treatment,1968,737
stim_treatment,2328,659
stim_treatment,557,302
stim_treatment,1155,426
stim_treatment,298,208
stim_treatment,4857,1166
stim_treatment,947,483
stim_treatment,820,526
stim_treatment,1423,725
stim_treatment,770,391
stim_treatment,1627,677
stim_treatment,984,466
stim_treatment,946,536
stim_treatment,385,219
stim_treatment,1143,506
stim_treatment,2927,1036
stim_treatment,253,178
stim_treatment,2634,702
stim_treatment,4525,1562
stim_treatment,176,133
stim_treatment,2137,715
stim_treatment,2602,1124
stim_treatment,1309,535
stim_treatment,670,345
stim_treatment,2950,930
stim_treatment,807,392
stim_treatment,852,333
stim_treatment,819,379
stim_treatment,4681,1372
stim_treatment,595,318
stim_treatment,977,431
stim_treatment,582,296
stim_treatment,458,260
stim_treatment,292,176
stim_treatment,3848,958
stim_treatment,1479,602
stim_treatment,776,385
stim_treatment,159,108
stim_treatment,1309,533
stim_treatment,1279,471
stim_treatment,1520,589
stim_treatment,2314,710
stim_treatment,1204,543
stim_treatment,2458,847
stim_treatment,626,305
stim_treatment,1042,508
stim_treatment,1035,503
stim_treatment,6287,1543
stim_treatment,1305,673
stim_treatment,1404,538
stim_treatment,4699,1085
stim_treatment,475,301
stim_treatment,3239,805
stim_treatment,2030,872
stim_treatment,932,501
stim_treatment,1368,537
stim_treatment,1085,495
stim_treatment,2161,796
stim_treatment,853,441
stim_treatment,1233,495
stim_treatment,1907,608
stim_treatment,1911,683
stim_treatment,489,234
stim_treatment,2015,576
stim_treatment,1688,624
stim_treatment,602,334
stim_treatment,4929,1123
stim_treatment,4019,1046
stim_treatment,1483,733
stim_treatment,934,513
stim_treatment,907,447
stim_treatment,3970,1077
stim_treatment,377,222
stim_treatment,1984,756
stim_treatment,946,446
stim_treatment,1465,546
stim_treatment,481,238
stim_treatment,1446,628
stim_treatment,1510,517
stim_treatment,1433,513
stim_treatment,887,423
stim_treatment,1737,593
stim_treatment,1484,591
stim_treatment,165,104
stim_treatment,945,464
stim_treatment,639,321
stim_treatment,788,415
stim_treatment,1067,427
stim_treatment,1087,523
stim_treatment,2679,872
stim_treatment,1366,598
stim_treatment,833,398
stim_treatment,4612,1387
stim_treatment,964,399
stim_treatment,2573,719
stim_treatment,923,468
stim_treatment,1740,662
stim_treatment,1286,493
stim_treatment,3962,1195
stim_treatment,894,423
stim_treatment,1261,572
stim_treatment,1581,672
stim_treatment,690,343
stim_treatment,1226,541
stim_treatment,1629,566
stim_treatment,1068,371
stim_treatment,1110,514
stim_treatment,2862,804
stim_treatment,6168,1476
stim_treatment,491,233
stim_treatment,3138,1017
stim_treatment,160,123
stim_treatment,1362,552
stim_treatment,833,470
stim_treatment,1453,492
stim_treatment,718,343
stim_treatment,1100,396
stim_treatment,1393,539
stim_treatment,960,419
stim_treatment,2629,768
stim_treatment,3239,847
stim_treatment,7522,1764
stim_treatment,1833,715
stim_treatment,4166,982
stim_treatment,1520,649
stim_treatment,1939,676
stim_treatment,374,204
stim_treatment,1246,518
stim_treatment,4652,1112
stim_treatment,237,122
stim_treatment,608,272
stim_treatment,3088,736
stim_treatment,1157,435
stim_treatment,2655,865
stim_treatment,1690,677
stim_treatment,769,373
stim_treatment,713,450
stim_treatment,966,426
stim_treatment,3034,817
stim_treatment,947,456
stim_treatment,1120,443
stim_treatment,641,374
stim_treatment,1399,552
stim_treatment,2055,552
stim_treatment,576,307
stim_treatment,929,496
stim_treatment,653,461
stim_treatment,2518,702
stim_treatment,2546,783
stim_treatment,1103,366
stim_treatment,942,376
stim_treatment,1256,437
stim_treatment,1484,661
stim_treatment,1777,512
stim_treatment,1561,593
stim_treatment,2274,900
stim_treatment,1712,623
stim_treatment,1139,591
stim_treatment,1297,522
stim_treatment,1560,639
stim_treatment,1607,599
stim_treatment,1240,481
stim_treatment,707,364
stim_treatment,943,409
stim_treatment,1409,692
stim_treatment,1347,536
stim_treatment,1467,644
stim_treatment,2382,767
stim_treatment,2295,586
stim_treatment,2232,847
stim_treatment,869,466
stim_treatment,3597,975
stim_treatment,1854,727
stim_treatment,3847,611
stim_treatment,2262,989
stim_treatment,831,398
stim_treatment,2799,871
stim_treatment,1775,663
stim_treatment,968,502
stim_treatment,1937,674
stim_treatment,1127,559
stim_treatment,983,417
stim_treatment,917,409
stim_treatment,1183,555
stim_treatment,3689,898
stim_treatment,1099,482
stim_treatment,3064,1020
stim_treatment,2746,798
stim_treatment,428,249
stim_treatment,1431,467
stim_treatment,2701,657
stim_treatment,1925,597
stim_treatment,1537,569
stim_treatment,230,138
stim_treatment,1176,428
stim_treatment,926,453
stim_treatment,3075,846
stim_treatment,1651,532
stim_treatment,4454,848
stim_treatment,945,392
stim_treatment,751,335
stim_treatment,958,483
stim_treatment,1763,632
stim_treatment,784,360
stim_treatment,1086,506
stim_treatment,1396,517
stim_treatment,1744,558
stim_treatment,1573,665
stim_treatment,1218,487
stim_treatment,2014,716
stim_treatment,945,459
stim_treatment,617,276
stim_treatment,3224,773
stim_treatment,2896,879
stim_treatment,1450,495
stim_treatment,509,282
stim_treatment,1632,694
stim_treatment,2218,720
stim_treatment,2131,760
stim_treatment,3965,926
stim_treatment,202,125
stim_treatment,5106,1172
stim_treatment,1720,617
stim_treatment,788,386
stim_treatment,2316,731
stim_treatment,3900,973
stim_treatment,1360,600
stim_treatment,1352,517
stim_treatment,1472,492
stim_treatment,1307,657
stim_treatment,312,206
stim_treatment,384,238
stim_treatment,955,513
stim_treatment,1563,708
stim_treatment,310,171
stim_treatment,1723,824
stim_treatment,1169,482
stim_treatment,4658,1297
stim_treatment,2154,729
stim_treatment,242,118
stim_treatment,591,334
stim_treatment,4590,1291
stim_treatment,476,242
stim_treatment,762,322
stim_treatment,2231,634
stim_treatment,859,393
stim_treatment,1410,586
stim_treatment,2775,769
stim_treatment,1264,518
stim_treatment,1191,452
stim_treatment,932,517
stim_treatment,1248,555
stim_treatment,1315,573
stim_treatment,3084,751
stim_treatment,2090,787
stim_treatment,903,377
stim_treatment,1313,611
stim_treatment,1362,592
stim_treatment,1115,498
stim_treatment,157,109
stim_treatment,2636,1036
stim_treatment,679,303
stim_treatment,4156,941
stim_treatment,750,373
stim_treatment,2219,740
stim_treatment,2371,857
stim_treatment,884,409
stim_treatment,1137,469
stim_treatment,1222,533
stim_treatment,4908,1405
stim_treatment,3820,1006
stim_treatment,396,190
stim_treatment,2976,731
stim_treatment,997,391
stim_treatment,1717,683
stim_treatment,2120,808
stim_treatment,2173,744
stim_treatment,1727,682
stim_treatment,3567,910
stim_treatment,2975,934
stim_treatment,1272,593
stim_treatment,2348,822
stim_treatment,298,221
stim_treatment,3265,915
stim_treatment,3277,828
stim_treatment,521,339
stim_treatment,1054,433
stim_treatment,1058,498
stim_treatment,1156,544
stim_treatment,1183,444
stim_treatment,1707,603
stim_treatment,2345,805
stim_treatment,3183,853
stim_treatment,840,408
stim_treatment,2928,914
stim_treatment,1495,549
stim_treatment,3100,791
stim_treatment,1123,450
stim_treatment,1298,585
stim_treatment,3385,1088
stim_treatment,1997,839
stim_treatment,1429,757
stim_treatment,618,323
stim_treatment,1187,454
stim_treatment,3797,1135
stim_treatment,660,209
stim_treatment,915,513
stim_treatment,2144,655
stim_treatment,1311,504
stim_treatment,789,441
stim_treatment,2254,814
stim_treatment,3396,939
stim_treatment,1374,472
stim_treatment,391,249
stim_treatment,961,384
stim_treatment,2904,892
stim_treatment,928,524
stim_treatment,2798,773
stim_treatment,1599,641
stim_treatment,1073,440
stim_treatment,1997,784
stim_treatment,946,521
stim_treatment,2395,710
stim_treatment,556,320
stim_treatment,1059,537
stim_treatment,5173,1360
stim_treatment,1570,601
stim_treatment,1242,547
stim_treatment,1230,456
stim_treatment,186,115
stim_treatment,6788,1378
stim_treatment,346,177
stim_treatment,2069,879
stim_treatment,1327,574
stim_treatment,1090,418
stim_treatment,2168,708
stim_treatment,124,100
stim_treatment,1090,500
stim_treatment,1479,617
stim_treatment,1696,636
stim_treatment,1330,592
stim_treatment,1159,538
stim_treatment,1299,453
stim_treatment,789,452
stim_treatment,1696,616
stim_treatment,788,440
stim_treatment,2097,806
stim_treatment,756,365
stim_treatment,2480,697
stim_treatment,993,450
stim_treatment,547,263
stim_treatment,1291,532
stim_treatment,639,273
stim_treatment,2871,869
stim_treatment,2396,961
stim_treatment,2526,772
stim_treatment,248,142
stim_treatment,4423,1013
stim_treatment,3971,1082
stim_treatment,2026,549
stim_treatment,400,273
stim_treatment,2385,605
stim_treatment,1990,595
stim_treatment,1534,529
stim_treatment,2754,1031
stim_treatment,1041,592
stim_treatment,909,400
stim_treatment,2807,1075
stim_treatment,2273,906
stim_treatment,905,416
stim_treatment,1126,441
stim_treatment,695,436
stim_treatment,1066,458
stim_treatment,1445,520
stim_treatment,884,338
stim_treatment,2962,935
stim_treatment,823,455
stim_treatment,648,372
stim_treatment,423,226
stim_treatment,259,157
stim_treatment,3578,1105
stim_treatment,1878,629
stim_treatment,3613,866
stim_treatment,1018,470
stim_treatment,843,433
stim_treatment,1530,653
stim_treatment,1834,798
stim_treatment,876,428
stim_treatment,1174,455
stim_treatment,1420,469
stim_treatment,872,492
stim_treatment,768,400
stim_treatment,1482,468
stim_treatment,517,185
stim_treatment,1037,464
stim_treatment,3282,1050
stim_treatment,1279,563
stim_treatment,1545,739
stim_treatment,992,387
stim_treatment,519,300
stim_treatment,3021,906
stim_treatment,1551,527
stim_treatment,651,322
stim_treatment,1346,654
stim_treatment,3248,954
stim_treatment,1221,424
stim_treatment,4470,922
stim_treatment,1131,521
stim_treatment,382,240
stim_treatment,4926,1064
stim_treatment,1325,508
stim_treatment,2644,924
stim_treatment,1970,809
stim_treatment,1280,515
stim_treatment,3488,796
stim_treatment,832,401
stim_treatment,2629,813
stim_treatment,605,421
stim_treatment,1821,662
stim_treatment,716,352
stim_treatment,1691,562
stim_treatment,936,401
stim_treatment,2786,927
stim_treatment,613,301
stim_treatment,241,149
stim_treatment,541,262
stim_treatment,18073,2773
stim_treatment,505,229
stim_treatment,1518,618
stim_treatment,1374,545
stim_treatment,1156,469
stim_treatment,1007,500
stim_treatment,1497,612
stim_treatment,1621,562
stim_treatment,1245,592
stim_treatment,1640,701
stim_treatment,1608,566
stim_treatment,1060,510
stim_treatment,1728,633
stim_treatment,3880,999
stim_treatment,2544,872
stim_treatment,1198,578
stim_treatment,2602,810
stim_treatment,1369,565
stim_treatment,1246,534
stim_treatment,1928,642
stim_treatment,1403,508
stim_treatment,907,406
stim_treatment,233,132
stim_treatment,1478,516
stim_treatment,706,381
stim_treatment,1540,452
stim_treatment,526,289
stim_treatment,957,414
stim_treatment,1205,449
stim_treatment,2807,995
stim_treatment,575,304
stim_treatment,340,166
stim_treatment,1327,496
stim_treatment,1150,403
stim_treatment,869,378
stim_treatment,2029,840
stim_treatment,3151,898
stim_treatment,2295,784
stim_treatment,2028,666
stim_treatment,1197,530
stim_treatment,2641,695
stim_treatment,1774,474
stim_treatment,2556,827
stim_treatment,1974,813
stim_treatment,1288,504
stim_treatment,160,108
stim_treatment,1428,451
stim_treatment,655,334
stim_treatment,779,443
stim_treatment,3569,952
stim_treatment,1834,736
stim_treatment,2486,681
stim_treatment,1501,549
stim_treatment,124,100
stim_treatment,1126,547
stim_treatment,1820,573
stim_treatment,3646,1279
stim_treatment,4542,1384
stim_treatment,132,104
stim_treatment,1815,678
stim_treatment,1169,503
stim_treatment,771,470
stim_treatment,915,467
stim_treatment,919,478
stim_treatment,3613,882
stim_treatment,2831,784
stim_treatment,683,302
stim_treatment,1285,448
stim_treatment,1155,582
stim_treatment,2034,853
stim_treatment,1110,486
stim_treatment,828,392
stim_treatment,1674,500
stim_treatment,2163,772
stim_treatment,2005,615
stim_treatment,2898,945
stim_treatment,1209,449
stim_treatment,3360,1200
stim_treatment,1074,499
stim_treatment,3370,1012
stim_treatment,1069,521
stim_treatment,3333,881
stim_treatment,1260,524
stim_treatment,781,474
stim_treatment,2561,731
stim_treatment,957,442
stim_treatment,448,284
stim_treatment,1334,613
stim_treatment,1495,677
stim_treatment,3137,821
stim_treatment,1732,722
stim_treatment,2732,824
stim_treatment,2028,766
stim_treatment,1237,451
stim_treatment,1359,592
stim_treatment,1551,713
stim_treatment,161,105
stim_treatment,6839,1264
stim_treatment,448,232
stim_treatment,1640,632
stim_treatment,1148,488
stim_treatment,1585,563
stim_treatment,819,354
stim_treatment,3459,1135
stim_treatment,1148,515
stim_treatment,2304,753
stim_treatment,1228,529
stim_treatment,1307,600
stim_treatment,758,301
stim_treatment,2865,848
stim_treatment,4659,1103
stim_treatment,2724,846
stim_treatment,1636,557
stim_treatment,732,410
stim_treatment,1716,751
stim_treatment,1036,476
stim_treatment,1139,504
stim_treatment,1223,523
stim_treatment,1512,611
stim_treatment,719,368
stim_treatment,656,302
stim_treatment,997,397
stim_treatment,2387,623
stim_treatment,1703,705
stim_treatment,1757,517
stim_treatment,3365,860
stim_treatment,1247,515
stim_treatment,1277,521
stim_treatment,3391,1091
stim_treatment,3199,788
stim_treatment,4203,1235
stim_treatment,4257,1017
stim_treatment,1749,631
stim_treatment,951,416
stim_treatment,2412,677
stim_treatment,1486,600
stim_treatment,3255,1245
stim_treatment,2930,704
stim_treatment,1119,439
stim_treatment,1150,436
stim_treatment,1063,476
stim_treatment,782,354
stim_treatment,1911,602
stim_treatment,1652,770
stim_treatment,1446,492
stim_treatment,915,470
stim_treatment,911,389
stim_treatment,1142,483
stim_treatment,1852,719
stim_treatment,2264,872
stim_treatment,324,190
stim_treatment,5361,1249
stim_treatment,2529,622
stim_treatment,1333,551
stim_treatment,1209,554
stim_treatment,1303,596
stim_treatment,1366,503
stim_treatment,803,372
stim_treatment,1496,574
stim_treatment,2740,781
stim_treatment,323,193
stim_treatment,1073,454
stim_treatment,2501,873
stim_treatment,5721,1469
stim_treatment,3876,1017
stim_treatment,614,254
stim_treatment,3727,1106
stim_treatment,405,239
stim_treatment,336,233
stim_treatment,1530,568
stim_treatment,1070,438
stim_treatment,1034,540
stim_treatment,1330,660
stim_treatment,2368,742
stim_treatment,1548,671
stim_treatment,630,337
stim_treatment,1284,477
stim_treatment,1441,546
stim_treatment,1382,534
stim_treatment,829,416
stim_treatment,1924,755
stim_treatment,1170,482
stim_treatment,758,375
stim_treatment,744,370
stim_treatment,1652,570
stim_treatment,935,454
stim_treatment,1234,504
stim_treatment,1614,787
stim_treatment,5863,1354
stim_treatment,1262,456
stim_treatment,907,377
stim_treatment,1118,503
stim_treatment,1193,494
stim_treatment,1057,500
stim_treatment,800,393
stim_treatment,1872,720
stim_treatment,1047,421
stim_treatment,2376,894
stim_treatment,1116,477
stim_treatment,1166,655
stim_treatment,1293,580
stim_treatment,4247,1310
stim_treatment,551,310
stim_treatment,1061,464
stim_treatment,2603,794
stim_treatment,1030,454
stim_treatment,958,466
stim_treatment,958,410
stim_treatment,2644,1147
stim_treatment,1510,517
stim_treatment,1018,451
stim_treatment,603,302
stim_treatment,2692,986
stim_treatment,3161,889
stim_treatment,3306,730
stim_treatment,1693,538
stim_treatment,1341,466
stim_treatment,1294,428
stim_treatment,1217,472
stim_treatment,2032,622
stim_treatment,1125,572
stim_treatment,1569,581
stim_treatment,2443,758
stim_treatment,1515,529
stim_treatment,1542,518
stim_treatment,1025,442
stim_treatment,1487,704
stim_treatment,2045,818
stim_treatment,1402,534
stim_treatment,1131,496
stim_treatment,933,411
stim_treatment,1188,453
stim_treatment,1535,607
stim_treatment,1360,592
stim_treatment,1257,539
stim_treatment,1112,468
stim_treatment,1506,598
stim_treatment,1190,580
stim_treatment,2792,695
stim_treatment,4482,891
stim_treatment,1677,603
stim_treatment,1329,542
stim_treatment,1038,456
stim_treatment,2584,656
stim_treatment,3070,948
stim_treatment,3259,1218
stim_treatment,1718,531
stim_treatment,890,418
stim_treatment,1263,505
stim_treatment,4301,1056
stim_treatment,1053,507
stim_treatment,2012,801
stim_treatment,598,320
stim_treatment,4224,965
stim_treatment,368,204
stim_treatment,1159,465
stim_treatment,1049,548
stim_treatment,1370,512
stim_treatment,769,393
stim_treatment,4838,1054
stim_treatment,1251,676
stim_treatment,994,394
stim_treatment,3291,984
stim_treatment,1896,698
stim_treatment,5586,1548
stim_treatment,1358,616
stim_treatment,912,460
stim_treatment,4734,1227
stim_treatment,270,133
stim_treatment,816,339
stim_treatment,3513,908
stim_treatment,4831,1274
stim_treatment,292,213
stim_treatment,885,377
stim_treatment,808,405
stim_treatment,1783,624
stim_treatment,1227,580
stim_treatment,531,307
stim_treatment,2134,894
stim_treatment,2065,595
stim_treatment,641,385
stim_treatment,1269,537
stim_treatment,2935,739
stim_treatment,2708,651
stim_treatment,2906,705
stim_treatment,1388,519
stim_treatment,1071,431
stim_treatment,1309,515
stim_treatment,2945,1120
stim_treatment,798,466
stim_treatment,2188,553
stim_treatment,1691,853
stim_treatment,1397,536
stim_treatment,2153,624
stim_treatment,1406,600
stim_treatment,1189,534
stim_treatment,1219,441
stim_treatment,2118,631
stim_treatment,1362,540
stim_treatment,1148,528
stim_treatment,2055,691
stim_treatment,1435,512
stim_treatment,982,416
stim_treatment,1139,491
stim_treatment,3279,980
stim_treatment,2764,842
stim_treatment,3347,863
stim_treatment,193,129
stim_treatment,1325,583
stim_treatment,1129,475
stim_treatment,1650,607
stim_treatment,1317,557
stim_treatment,2631,884
stim_treatment,1004,475
stim_treatment,1131,499
stim_treatment,1545,636
stim_treatment,1075,524
stim_treatment,4696,1220
stim_treatment,1608,614
stim_treatment,1383,474
stim_treatment,725,374
stim_treatment,4009,1118
stim_treatment,1078,448
stim_treatment,1812,805
stim_treatment,1213,632
stim_treatment,849,404
stim_treatment,1256,517
stim_treatment,856,436
stim_treatment,633,300
stim_treatment,922,434
stim_treatment,1057,428
stim_treatment,5324,783
stim_treatment,4198,1158
stim_treatment,2370,725
stim_treatment,1295,469
stim_treatment,752,412
stim_treatment,3189,109
stim_treatment,1197,436
stim_treatment,1350,581
stim_treatment,2440,826
stim_treatment,162,105
stim_treatment,996,469
stim_treatment,1537,565
stim_treatment,1127,501
stim_treatment,1320,527
stim_treatment,711,351
stim_treatment,2712,825
stim_treatment,2184,740
stim_treatment,1180,459
stim_treatment,2123,687
stim_treatment,5850,1228
stim_treatment,914,451
stim_treatment,6468,1180
stim_treatment,1062,438
stim_treatment,880,473
stim_treatment,1208,537
stim_treatment,2766,708
stim_treatment,915,447
stim_treatment,1087,487
stim_treatment,894,432
stim_treatment,2184,623
stim_treatment,1195,442
stim_treatment,213,149
stim_treatment,843,435
stim_treatment,893,461
stim_treatment,1454,601
stim_treatment,675,320
stim_treatment,2740,861
stim_treatment,807,393
stim_treatment,1189,487
stim_treatment,1954,748
stim_treatment,1487,582
stim_treatment,981,421
stim_treatment,2785,841
stim_treatment,671,223
stim_treatment,958,453
stim_treatment,368,162
stim_treatment,133,112
stim_treatment,4131,1478
stim_treatment,932,514
stim_treatment,2178,844
stim_treatment,1155,579
stim_treatment,2164,936
stim_treatment,1094,426
stim_treatment,3417,962
stim_treatment,6869,1740
stim_treatment,1868,713
stim_treatment,991,421
stim_treatment,1182,484
stim_treatment,1336,588
stim_treatment,2073,583
stim_treatment,1465,579
stim_treatment,169,127
stim_treatment,1216,528
stim_treatment,1214,577
stim_treatment,1936,675
stim_treatment,5195,1501
stim_treatment,4583,1216
stim_treatment,1899,709
stim_treatment,3242,745
stim_treatment,921,462
stim_treatment,185,113
stim_treatment,3269,879
stim_treatment,1270,523
stim_treatment,696,398
stim_treatment,3569,917
stim_treatment,885,392
stim_treatment,1241,534
stim_treatment,1464,539
stim_treatment,2443,764
stim_treatment,2806,761
stim_treatment,3515,829
stim_treatment,1199,550
stim_treatment,1349,569
stim_treatment,1970,636
stim_treatment,1398,635
stim_treatment,1025,492
stim_treatment,948,452
stim_treatment,1190,447
stim_treatment,756,359
stim_treatment,613,259
stim_treatment,915,426
stim_treatment,623,397
stim_treatment,1528,620
stim_treatment,481,236
stim_treatment,3337,1007
stim_treatment,786,375
stim_treatment,1048,507
stim_treatment,1491,598
stim_treatment,2635,726
stim_treatment,1573,532
stim_treatment,2494,694
stim_treatment,1900,634
stim_treatment,1292,540
stim_treatment,1304,578
stim_treatment,7083,1642
stim_treatment,1095,587
stim_treatment,1839,695
stim_treatment,3347,972
stim_treatment,1463,513
stim_treatment,941,456
stim_treatment,1711,620
stim_treatment,1851,451
stim_treatment,4378,1470
stim_treatment,638,366
stim_treatment,648,381
stim_treatment,1048,430
stim_treatment,1271,579
stim_treatment,972,508
stim_treatment,1212,551
stim_treatment,212,124
stim_treatment,2003,702
stim_treatment,951,381
stim_treatment,2605,1011
stim_treatment,1325,470
stim_treatment,1553,542
stim_treatment,2429,654
stim_treatment,1328,367
stim_treatment,771,419
stim_treatment,1566,559
stim_treatment,1081,410
stim_treatment,896,506
stim_treatment,1043,463
stim_treatment,908,451
stim_treatment,1364,637
stim_treatment,946,459
stim_treatment,1018,466
stim_treatment,4509,1271
stim_treatment,2589,682
stim_treatment,1095,578
stim_treatment,1370,473
stim_treatment,3802,1035
stim_treatment,1363,548
stim_treatment,852,311
stim_treatment,689,280
stim_treatment,1306,597
stim_treatment,999,476
stim_treatment,817,459
stim_treatment,1545,598
stim_treatment,2662,908
stim_treatment,1245,633
stim_treatment,1179,452
stim_treatment,932,420
stim_treatment,788,442
stim_treatment,1656,600
stim_treatment,1010,428
stim_treatment,1022,506
stim_treatment,1325,531
stim_treatment,897,442
stim_treatment,578,300
stim_treatment,460,309
stim_treatment,752,317
stim_treatment,2829,767
stim_treatment,2432,922
stim_treatment,874,420
stim_treatment,1176,509
stim_treatment,1348,441
stim_treatment,2665,850
stim_treatment,2665,864
stim_treatment,1410,545
stim_treatment,2354,730
stim_treatment,4402,979
stim_treatment,1686,510
stim_treatment,910,458
stim_treatment,2892,1098
stim_treatment,876,504
stim_treatment,946,421
stim_treatment,556,252
stim_treatment,810,408
stim_treatment,2837,855
stim_treatment,858,383
stim_treatment,1032,408
stim_treatment,1024,448
stim_treatment,1531,533
stim_treatment,1395,633
stim_treatment,1327,504
stim_treatment,1058,524
stim_treatment,866,425
stim_treatment,865,422
stim_treatment,1151,445
stim_treatment,1294,547
stim_treatment,4515,1179
stim_treatment,2421,633
stim_treatment,2762,880
stim_treatment,999,485
stim_treatment,3287,1312
stim_treatment,1988,662
stim_treatment,3285,928
stim_treatment,328,200
stim_treatment,1730,782
stim_treatment,824,450
stim_treatment,731,384
stim_treatment,1279,479
stim_treatment,3500,911
stim_treatment,1009,408
stim_treatment,1350,642
stim_treatment,784,421
stim_treatment,1424,590
stim_treatment,1397,557
stim_treatment,1442,531
stim_treatment,1912,535
stim_treatment,1448,707
stim_treatment,2898,661
stim_treatment,1712,661
stim_treatment,1241,473
stim_treatment,1263,506
stim_treatment,1875,719
stim_treatment,1223,537
stim_treatment,2038,636
stim_treatment,3981,1103
stim_treatment,1056,520
stim_treatment,1982,765
stim_treatment,2556,950
stim_treatment,590,282
stim_treatment,1068,534
stim_treatment,2969,884
stim_treatment,4047,1210
stim_treatment,921,406
stim_treatment,1538,638
stim_treatment,2783,770
stim_treatment,952,459
stim_treatment,655,328
stim_treatment,440,189
stim_treatment,2305,878
stim_treatment,359,257
stim_treatment,1521,581
stim_treatment,1341,571
stim_treatment,1834,606
stim_treatment,3576,1001
stim_treatment,331,205
stim_treatment,1512,560
stim_treatment,1542,543
stim_treatment,1241,466
stim_treatment,1927,679
stim_treatment,1652,534
stim_treatment,943,356
stim_treatment,574,312
stim_treatment,1436,576
stim_treatment,982,458
stim_treatment,1148,463
stim_treatment,1161,533
stim_treatment,1305,519
stim_treatment,1702,665
stim_treatment,314,207
stim_treatment,1599,561
stim_treatment,1241,551
stim_treatment,331,218
stim_treatment,3589,1015
stim_treatment,1380,461
stim_treatment,2745,771
stim_treatment,976,456
stim_treatment,1089,471
stim_treatment,3283,830
stim_treatment,2124,693
stim_treatment,1440,481
stim_treatment,894,455
stim_treatment,1116,522
stim_treatment,3116,863
stim_treatment,2295,917
stim_treatment,1312,465
stim_treatment,1132,442
stim_treatment,504,278
stim_treatment,2545,762
stim_treatment,1176,412
stim_treatment,1372,563
stim_treatment,740,330
stim_treatment,1222,417
stim_treatment,2032,875
stim_treatment,1525,682
stim_treatment,1246,557
stim_treatment,3372,837
stim_treatment,2935,657
stim_treatment,1437,487
stim_treatment,688,295
stim_treatment,1150,423
stim_treatment,1393,471
stim_treatment,375,237
stim_treatment,1380,605
stim_treatment,1032,490
stim_treatment,2787,683
stim_treatment,1056,435
stim_treatment,2103,1004
stim_treatment,2331,800
stim_treatment,3712,917
stim_treatment,3119,913
stim_treatment,1075,478
stim_treatment,3633,1038
stim_treatment,1291,460
stim_treatment,1866,651
stim_treatment,1909,589
stim_treatment,2561,687
stim_treatment,702,338
stim_treatment,3457,1133
stim_treatment,1679,754
stim_treatment,1559,577
stim_treatment,1379,596
stim_treatment,2527,792
stim_treatment,1034,487
stim_treatment,2796,1032
stim_treatment,190,125
stim_treatment,1545,784
stim_treatment,401,225
stim_treatment,820,408
stim_treatment,1582,391
stim_treatment,1218,565
stim_treatment,1440,500
stim_treatment,1383,621
stim_treatment,712,354
stim_treatment,319,206
stim_treatment,1272,495
stim_treatment,674,318
stim_treatment,731,422
stim_treatment,2570,646
stim_treatment,2385,676
stim_treatment,895,459
stim_treatment,1122,569
stim_treatment,10194,2402
stim_treatment,841,433
stim_treatment,2111,806
stim_treatment,3042,798
stim_treatment,1163,516
stim_treatment,1064,512
stim_treatment,648,374
stim_treatment,1375,499
stim_treatment,865,359
stim_treatment,1072,539
stim_treatment,727,330
stim_treatment,3437,1029
stim_treatment,909,433
stim_treatment,592,275
stim_treatment,1577,640
stim_treatment,1367,509
stim_treatment,917,407
stim_treatment,1364,519
stim_treatment,845,410
stim_treatment,3011,841
stim_treatment,1534,542
stim_treatment,2781,824
stim_treatment,1289,491
stim_treatment,4555,1063
stim_treatment,3285,1138
stim_treatment,4458,1399
stim_treatment,684,379
stim_treatment,1137,458
stim_treatment,1258,546
stim_treatment,984,467
stim_treatment,978,416
stim_treatment,1215,430
stim_treatment,2429,818
stim_treatment,1525,588
stim_treatment,1394,504
stim_treatment,1156,512
stim_treatment,2018,716
stim_treatment,1186,459
stim_treatment,1471,633
stim_treatment,3813,827
stim_treatment,1557,572
stim_treatment,1939,569
stim_treatment,613,274
stim_treatment,1493,471
stim_treatment,1696,557
stim_treatment,683,347
stim_treatment,206,106
stim_treatment,933,482
stim_treatment,1412,494
stim_treatment,2275,826
stim_treatment,2720,807
stim_treatment,1552,837
stim_treatment,2270,629
stim_treatment,257,135
stim_treatment,1550,521
stim_treatment,1415,544
stim_treatment,783,409
stim_treatment,638,345
stim_treatment,2267,762
stim_treatment,1274,531
stim_treatment,2490,618
stim_treatment,1257,534
stim_treatment,441,291
stim_treatment,1523,628
stim_treatment,1527,626
stim_treatment,1150,405
stim_treatment,1852,705
stim_treatment,562,222
stim_treatment,2077,855
stim_treatment,1005,449
stim_treatment,1053,486
stim_treatment,1750,759
stim_treatment,720,457
stim_treatment,1544,674
stim_treatment,1750,499
stim_treatment,3188,846
stim_treatment,1583,575
stim_treatment,589,291
stim_treatment,968,380
stim_treatment,1720,604
stim_treatment,1854,838
stim_treatment,1583,539
stim_treatment,2678,1109
stim_treatment,3987,1078
stim_treatment,1250,612
stim_treatment,5321,1253
stim_treatment,1399,514
stim_treatment,1282,551
stim_treatment,1904,676
stim_treatment,727,423
stim_treatment,1679,829
stim_treatment,1174,498
stim_treatment,2789,856
stim_treatment,1649,675
stim_treatment,3401,851
stim_treatment,1588,552
stim_treatment,946,458
stim_treatment,513,318
stim_treatment,6048,1248
stim_treatment,662,352
stim_treatment,949,389
stim_treatment,1741,684
stim_treatment,1085,416
stim_treatment,2507,909
stim_treatment,1706,662
stim_treatment,1297,517
stim_treatment,3944,988
stim_treatment,2794,829
stim_treatment,1775,573
stim_treatment,2722,766
stim_treatment,248,159
stim_treatment,1361,562
stim_treatment,3814,1004
stim_treatment,948,444
stim_treatment,601,370
stim_treatment,1236,420
stim_treatment,3257,799
stim_treatment,628,372
stim_treatment,995,592
stim_treatment,1261,537
stim_treatment,1144,438
stim_treatment,2174,657
stim_treatment,1434,575
stim_treatment,1247,507
stim_treatment,3553,1115
stim_treatment,1248,628
stim_treatment,2739,822
stim_treatment,528,311
stim_treatment,3295,1130
stim_treatment,2489,768
stim_treatment,2074,945
stim_treatment,1504,608
stim_treatment,1347,608
stim_treatment,2240,792
stim_treatment,1857,586
stim_treatment,3745,1004
stim_treatment,665,343
stim_treatment,828,401
stim_treatment,973,435
stim_treatment,3284,1154
stim_treatment,1157,540
stim_treatment,1031,503
stim_treatment,1342,571
stim_treatment,1251,470
stim_treatment,3333,856
stim_treatment,1842,699
stim_treatment,2740,879
stim_treatment,1816,673
stim_treatment,987,435
stim_treatment,1182,589
stim_treatment,597,349
stim_treatment,945,468
stim_treatment,757,371
stim_treatment,1318,575
stim_treatment,1892,636
stim_treatment,769,377
stim_treatment,2822,874
stim_treatment,3715,942
stim_treatment,2429,880
stim_treatment,3159,1072
stim_treatment,3357,973
stim_treatment,2042,617
stim_treatment,1081,497
stim_treatment,1637,650
stim_treatment,788,269
stim_treatment,236,119
stim_treatment,1181,533
stim_treatment,3300,783
stim_treatment,3241,1013
stim_treatment,2352,813
stim_treatment,1224,552
stim_treatment,1196,516
stim_treatment,1638,752
stim_treatment,883,428
stim_treatment,1202,483
stim_treatment,2280,731
stim_treatment,1398,573
stim_treatment,4380,1124
stim_treatment,597,306
stim_treatment,2370,788
stim_treatment,3083,1046
stim_treatment,3075,798
stim_treatment,1922,688
stim_treatment,445,262
stim_treatment,3675,1088
stim_treatment,933,456
stim_treatment,1255,472
stim_treatment,1289,466
stim_treatment,2925,1120
stim_treatment,1937,647
stim_treatment,1401,731
stim_treatment,905,416
stim_treatment,1275,571
stim_treatment,1588,659
stim_treatment,3189,1067
stim_treatment,978,444
stim_treatment,2588,843
stim_treatment,1415,703
stim_treatment,1364,542
stim_treatment,1095,456
stim_treatment,1485,638
stim_treatment,1397,572
stim_treatment,1635,676
stim_treatment,1564,497
stim_treatment,2216,943
stim_treatment,355,242
stim_treatment,1161,579
stim_treatment,1683,597
stim_treatment,1120,448
stim_treatment,2187,663
stim_treatment,900,424
stim_treatment,1099,491
stim_treatment,1700,597
stim_treatment,959,440
stim_treatment,2710,927
stim_treatment,3961,1015
stim_treatment,2260,749
stim_treatment,1272,592
stim_treatment,1905,655
stim_treatment,1012,422
stim_treatment,1705,617
stim_treatment,2519,640
stim_treatment,1776,713
stim_treatment,1046,539
stim_treatment,2197,788
stim_treatment,2233,719
stim_treatment,1135,487
stim_treatment,743,356
stim_treatment,916,483
stim_treatment,1942,764
stim_treatment,453,264
stim_treatment,2816,874
stim_treatment,3418,873
stim_treatment,1260,444
stim_treatment,1581,507
stim_treatment,2499,1082
stim_treatment,1192,473
stim_treatment,1398,487
stim_treatment,1033,415
stim_treatment,2028,1054
stim_treatment,755,385
stim_treatment,1320,635
stim_treatment,191,106
stim_treatment,1313,563
stim_treatment,1655,659
stim_treatment,404,263
stim_treatment,1206,588
stim_treatment,2886,806
stim_treatment,279,177
stim_treatment,3454,1245
stim_treatment,2831,985
stim_treatment,1049,530
stim_treatment,1516,527
stim_treatment,914,408
stim_treatment,894,405
stim_treatment,847,394
stim_treatment,2891,933
stim_treatment,966,470
stim_treatment,1101,434
stim_treatment,1767,551
stim_treatment,2830,857
stim_treatment,1053,457
stim_treatment,1670,652
stim_treatment,825,407
stim_treatment,928,458
stim_treatment,903,378
stim_treatment,2448,978
stim_treatment,3574,857
stim_treatment,1510,617
stim_treatment,2967,988
stim_treatment,950,464
stim_treatment,2514,823
stim_treatment,1398,651
stim_treatment,1097,526
stim_treatment,3798,1047
stim_treatment,1037,444
stim_treatment,966,456
stim_treatment,1510,508
stim_treatment,728,363
stim_treatment,1565,627
stim_treatment,1584,652
stim_treatment,1254,621
stim_treatment,1637,587
stim_treatment,2251,674
stim_treatment,317,126
stim_treatment,1438,577
stim_treatment,5273,1361
stim_treatment,1383,465
stim_treatment,974,441
stim_treatment,2827,904
stim_treatment,2364,642
stim_treatment,2650,917
stim_treatment,951,446
stim_treatment,1338,444
stim_treatment,975,372
stim_treatment,2389,896
stim_treatment,1511,450
stim_treatment,1095,542
stim_treatment,3161,981
stim_treatment,1059,480
stim_treatment,943,397
stim_treatment,822,401
stim_treatment,348,144
stim_treatment,2741,969
stim_treatment,1259,591
stim_treatment,2776,949
stim_treatment,719,379
stim_treatment,939,458
stim_treatment,2073,695
stim_treatment,1357,623
stim_treatment,288,152
stim_treatment,4096,1027
stim_treatment,2796,920
stim_treatment,1473,675
stim_treatment,4415,1382
stim_treatment,1637,621
stim_treatment,918,395
stim_treatment,2581,873
stim_treatment,1098,558
stim_treatment,2075,560
stim_treatment,2026,640
stim_treatment,4141,969
stim_treatment,481,257
stim_treatment,2301,696
stim_treatment,1715,517
stim_treatment,636,348
stim_treatment,730,397
stim_treatment,2116,818
stim_treatment,966,405
stim_treatment,1008,548
stim_treatment,1370,494
stim_treatment,899,416
stim_treatment,1698,575
stim_treatment,1312,764
stim_treatment,296,143
stim_treatment,939,418
stim_treatment,987,456
stim_treatment,983,404
stim_treatment,4326,1112
stim_treatment,1470,519
stim_treatment,911,452
stim_treatment,3590,1054
stim_treatment,928,434
stim_treatment,718,375
stim_treatment,1449,504
stim_treatment,627,245
stim_treatment,809,411
stim_treatment,2748,772
stim_treatment,1511,537
stim_treatment,1033,463
stim_treatment,2103,705
stim_treatment,1985,941
stim_treatment,1205,472
stim_treatment,858,444
stim_treatment,895,414
stim_treatment,405,155
stim_treatment,2653,887
stim_treatment,2287,875
stim_treatment,2794,936
stim_treatment,553,338
stim_treatment,906,404
stim_treatment,4794,1260
stim_treatment,4696,1341
stim_treatment,269,160
stim_treatment,2261,637
stim_treatment,2167,761
stim_treatment,1375,550
stim_treatment,1676,637
stim_treatment,1070,428
stim_treatment,2258,567
stim_treatment,647,340
stim_treatment,1150,513
stim_treatment,744,349
stim_treatment,1418,616
stim_treatment,1027,440
stim_treatment,1421,565
stim_treatment,1448,478
stim_treatment,1730,556
stim_treatment,1400,763
stim_treatment,2906,826
stim_treatment,1009,437
stim_treatment,1098,493
stim_treatment,759,392
stim_treatment,1399,570
stim_treatment,4211,998
stim_treatment,1828,654
stim_treatment,1630,692
stim_treatment,2858,909
stim_treatment,1568,650
stim_treatment,848,413
stim_treatment,3768,976
stim_treatment,1284,544
stim_treatment,209,130
stim_treatment,976,390
stim_treatment,3511,896
stim_treatment,3217,973
stim_treatment,2795,755
stim_treatment,1691,571
stim_treatment,2891,800
stim_treatment,1467,577
stim_treatment,813,354
stim_treatment,1813,721
stim_treatment,1314,491
stim_treatment,1649,495
stim_treatment,1021,489
stim_treatment,1338,559
stim_treatment,807,429
stim_treatment,1144,436
stim_treatment,139,106
stim_treatment,1015,464
stim_treatment,554,370
stim_treatment,2677,1174
stim_treatment,3085,995
stim_treatment,880,372
stim_treatment,1060,480
stim_treatment,1525,560
stim_treatment,1642,596
stim_treatment,2684,849
stim_treatment,1011,608
stim_treatment,466,282
stim_treatment,2012,739
stim_treatment,1037,480
stim_treatment,1472,625
stim_treatment,1851,755
stim_treatment,6560,1594
stim_treatment,311,202
stim_treatment,1870,654
stim_treatment,2409,703
stim_treatment,2523,954
stim_treatment,895,573
stim_treatment,1041,439
stim_treatment,765,384
stim_treatment,1341,419
stim_treatment,1210,601
stim_treatment,477,230
stim_treatment,1349,669
stim_treatment,1250,500
stim_treatment,2815,845
stim_treatment,3536,917
stim_treatment,1133,483
stim_treatment,916,431
stim_treatment,1912,550
stim_treatment,3370,925
stim_treatment,1674,575
stim_treatment,5578,964
stim_treatment,644,325
stim_treatment,3568,1070
stim_treatment,670,356
stim_treatment,3747,896
stim_treatment,1083,475
stim_treatment,898,393
stim_treatment,647,296
stim_treatment,900,491
stim_treatment,1798,629
stim_treatment,620,337
stim_treatment,996,443
stim_treatment,3141,823
stim_treatment,3876,1052
stim_treatment,1887,726
stim_treatment,973,487
stim_treatment,1474,506
stim_treatment,1679,462
stim_treatment,850,430
stim_treatment,1198,496
stim_treatment,1266,515
stim_treatment,670,259
stim_treatment,2679,646
stim_treatment,774,390
stim_treatment,2030,516
stim_treatment,1288,433
stim_treatment,1186,584
stim_treatment,784,349
stim_treatment,1092,509
stim_treatment,4419,995
stim_treatment,3283,1065
stim_treatment,1289,543
stim_treatment,1609,715
stim_treatment,1190,484
stim_treatment,3863,1109
stim_treatment,2843,877
stim_treatment,2859,841
stim_treatment,153,103
stim_treatment,813,402
stim_treatment,1674,772
stim_treatment,1470,738
stim_treatment,824,387
stim_treatment,1259,589
stim_treatment,1034,470
stim_treatment,1663,552
stim_treatment,1387,588
stim_treatment,860,398
stim_treatment,982,427
stim_treatment,1223,458
stim_treatment,1353,709
stim_treatment,3432,888
stim_treatment,1244,455
stim_treatment,2030,654
stim_treatment,802,395
stim_treatment,2567,842
stim_treatment,1386,645
stim_treatment,1323,516
stim_treatment,928,521
stim_treatment,834,393
stim_treatment,2018,714
stim_treatment,1721,580
stim_treatment,971,425
stim_treatment,934,465
stim_treatment,4614,1164
stim_treatment,1479,511
stim_treatment,655,316
stim_treatment,886,414
stim_treatment,993,500
stim_treatment,1367,534
stim_treatment,3093,788
stim_treatment,2623,702
stim_treatment,317,136
stim_treatment,1044,544
stim_treatment,1455,457
stim_treatment,1035,522
stim_treatment,2595,960
stim_treatment,1579,685
stim_treatment,742,305
stim_treatment,2448,885
stim_treatment,3800,917
stim_treatment,3351,757
stim_treatment,207,115
stim_treatment,2232,871
stim_treatment,1599,463
stim_treatment,545,360
stim_treatment,313,177
stim_treatment,1489,508
stim_treatment,1168,442
stim_treatment,4339,1133
stim_treatment,2826,984
stim_treatment,882,432
stim_treatment,1124,503
stim_treatment,1103,499
stim_treatment,1437,594
stim_treatment,1084,653
stim_treatment,2915,978
stim_treatment,596,343
stim_treatment,1210,454
stim_treatment,2048,721
stim_treatment,856,436
stim_treatment,1211,444
stim_treatment,758,280
stim_treatment,466,204
stim_treatment,1011,495
stim_treatment,666,266
stim_treatment,1089,502
stim_treatment,882,417
stim_treatment,2035,634
stim_treatment,1254,469
stim_treatment,3572,822
stim_treatment,3049,812
stim_treatment,1558,691
stim_treatment,1539,508
stim_treatment,1439,502
stim_treatment,1169,521
stim_treatment,436,257
stim_treatment,1901,664
stim_treatment,1473,556
stim_treatment,4095,1513
stim_treatment,1178,602
stim_treatment,1738,619
stim_treatment,849,418
stim_treatment,2944,764
stim_treatment,1542,605
stim_treatment,861,418
stim_treatment,850,405
stim_treatment,261,130
stim_treatment,674,363
stim_treatment,1364,656
stim_treatment,1190,566
stim_treatment,2017,553
stim_treatment,980,463
stim_treatment,1128,541
stim_treatment,1008,501
stim_treatment,1446,696
stim_treatment,1999,878
stim_treatment,1172,347
stim_treatment,1386,516
stim_treatment,1046,459
stim_treatment,3570,810
stim_treatment,2595,762
stim_treatment,1448,571
stim_treatment,1285,533
stim_treatment,710,339
stim_treatment,1791,632
stim_treatment,1071,463
stim_treatment,2384,653
stim_treatment,873,456
stim_treatment,1152,475
stim_treatment,1019,529
stim_treatment,1436,579
stim_treatment,2519,778
stim_treatment,1344,535
stim_treatment,1030,538
stim_treatment,1968,678
stim_treatment,1400,541
stim_treatment,1560,663
stim_treatment,989,498
stim_treatment,1920,574
stim_treatment,2513,632
stim_treatment,1160,544
stim_treatment,1233,397
stim_treatment,1816,648
stim_treatment,1861,551
stim_treatment,1053,470
stim_treatment,2270,843
stim_treatment,371,220
stim_treatment,1283,558
stim_treatment,1447,567
stim_treatment,1042,425
stim_treatment,3911,1069
stim_treatment,2369,914
stim_treatment,2176,709
stim_treatment,480,200
stim_treatment,2507,863
stim_treatment,3396,903
stim_treatment,4004,1186
stim_treatment,4585,1198
stim_treatment,1486,539
stim_treatment,730,300
stim_treatment,1457,657
stim_treatment,1936,617
stim_treatment,743,426
stim_treatment,1550,737
stim_treatment,1145,534
stim_treatment,5069,1072
stim_treatment,2960,904
stim_treatment,2119,839
stim_treatment,1879,668
stim_treatment,564,225
stim_treatment,460,273
stim_treatment,1007,447
stim_treatment,983,553
stim_treatment,538,234
stim_treatment,2544,884
stim_treatment,1219,562
stim_treatment,1138,576
stim_treatment,4290,916
stim_treatment,999,437
stim_treatment,1340,535
stim_treatment,988,524
stim_treatment,1757,641
stim_treatment,2313,795
stim_treatment,1054,469
stim_treatment,3918,1030
stim_treatment,1389,467
stim_treatment,1110,488
stim_treatment,1140,574
stim_treatment,911,437
stim_treatment,3661,976
stim_treatment,1461,553
stim_treatment,269,138
stim_treatment,1148,439
stim_treatment,888,449
stim_treatment,1170,462
stim_treatment,1056,409
stim_treatment,2575,890
stim_treatment,4648,1172
stim_treatment,1911,754
stim_treatment,831,394
stim_treatment,3018,834
stim_treatment,1009,475
stim_treatment,788,405
stim_treatment,1286,464
stim_treatment,1626,683
stim_treatment,3717,1014
stim_treatment,2869,757
stim_treatment,1064,544
stim_treatment,1677,781
stim_treatment,336,167
stim_treatment,4114,894
stim_treatment,1189,422
stim_treatment,1299,499
stim_treatment,5206,1221
stim_treatment,234,146
stim_treatment,3159,1068
stim_treatment,2332,550
stim_treatment,715,307
stim_treatment,1068,420
stim_treatment,1200,499
stim_treatment,1184,542
stim_treatment,591,337
stim_treatment,1056,458
stim_treatment,3210,931
stim_treatment,1137,484
stim_treatment,1177,619
stim_treatment,1326,504
stim_treatment,1161,509
stim_treatment,2792,911
stim_treatment,3749,966
stim_treatment,1398,533
stim_treatment,286,208
stim_treatment,1482,521
stim_treatment,1446,550
stim_treatment,2919,681
stim_treatment,795,410
stim_treatment,1957,557
stim_treatment,2988,1008
stim_treatment,2384,646
stim_treatment,885,442
stim_treatment,2480,753
stim_treatment,3172,931
stim_treatment,1963,677
stim_treatment,1161,453
stim_treatment,2597,896
stim_treatment,1069,537
stim_treatment,1791,807
stim_treatment,1458,583
stim_treatment,4590,979
stim_treatment,1559,592
stim_treatment,960,484
stim_treatment,989,491
stim_treatment,740,384
stim_treatment,1190,479
stim_treatment,1230,596
stim_treatment,762,351
stim_treatment,2948,797
stim_treatment,1025,436
stim_treatment,2478,677
stim_treatment,1357,552
stim_treatment,3177,774
stim_treatment,1120,563
stim_treatment,1264,569
stim_treatment,1380,523
stim_treatment,6537,1670
stim_treatment,1034,476
stim_treatment,1325,519
stim_treatment,5924,1356
stim_treatment,4081,989
stim_treatment,3285,768
stim_treatment,937,452
stim_treatment,4395,1357
stim_treatment,1134,416
stim_treatment,1076,464
stim_treatment,1167,454
stim_treatment,2810,1043
stim_treatment,1954,865
stim_treatment,4960,1066
stim_treatment,2812,834
stim_treatment,4064,992
stim_treatment,4552,1243
stim_treatment,1551,715
stim_treatment,820,506
stim_treatment,1882,698
stim_treatment,1630,606
stim_treatment,1696,590
stim_treatment,773,419
stim_treatment,3073,592
stim_treatment,1757,632
stim_treatment,3277,870
stim_treatment,707,417
stim_treatment,974,339
stim_treatment,3327,1056
stim_treatment,2495,954
stim_treatment,3460,946
stim_treatment,785,310
stim_treatment,1505,546
stim_treatment,1228,613
stim_treatment,2484,876
stim_treatment,2794,710
stim_treatment,368,177
stim_treatment,3060,880
stim_treatment,1173,503
stim_treatment,3911,858
stim_treatment,6172,1030
stim_treatment,2531,845
stim_treatment,1231,471
stim_treatment,2259,759
stim_treatment,2212,681
stim_treatment,1414,542
stim_treatment,2161,546
stim_treatment,1119,388
stim_treatment,744,466
stim_treatment,3590,691
stim_treatment,1528,610
stim_treatment,2748,847
stim_treatment,1321,564
stim_treatment,3024,966
stim_treatment,3365,755
stim_treatment,2644,752
stim_treatment,2381,911
stim_treatment,1646,511
stim_treatment,3764,1013
stim_treatment,3879,1262
stim_treatment,2203,636
stim_treatment,1040,430
stim_treatment,488,233
stim_treatment,1088,538
stim_treatment,613,320
stim_treatment,2025,704
stim_treatment,2771,1011
stim_treatment,1443,491
stim_treatment,1357,434
stim_treatment,1190,627
stim_treatment,1446,547
stim_treatment,3699,959
stim_treatment,1273,457
stim_treatment,842,488
stim_treatment,2587,727
stim_treatment,2133,772
stim_treatment,4090,763
stim_treatment,734,345
stim_treatment,1485,567
stim_treatment,1821,589
stim_treatment,1145,493
stim_treatment,328,163
stim_treatment,1072,498
stim_treatment,2540,796
stim_treatment,1395,542
stim_treatment,1374,560
stim_treatment,2713,593
stim_treatment,4773,1049
stim_treatment,3371,918
stim_treatment,897,356
stim_treatment,2824,798
stim_treatment,990,533
stim_treatment,1471,579
stim_treatment,215,147
stim_treatment,967,467
stim_treatment,3026,1094
stim_treatment,1742,651
stim_treatment,1927,639
stim_treatment,1513,560
stim_treatment,1943,567
stim_treatment,1871,556
stim_treatment,1215,512
stim_treatment,1183,474
stim_treatment,553,319
stim_treatment,1124,505
stim_treatment,924,423
stim_treatment,1037,411
stim_treatment,4058,1126
stim_treatment,905,424
stim_treatment,2600,820
stim_treatment,1612,554
stim_treatment,979,373
stim_treatment,869,431
stim_treatment,1038,355
stim_treatment,1568,529
stim_treatment,1064,518
stim_treatment,793,325
stim_treatment,3306,902
stim_treatment,2993,744
stim_treatment,1520,459
stim_treatment,1615,412
stim_treatment,1511,483
stim_treatment,3030,794
stim_treatment,702,432
stim_treatment,586,287
stim_treatment,6443,1684
stim_treatment,1082,426
stim_treatment,769,395
stim_treatment,1647,679
stim_treatment,1071,454
stim_treatment,1745,577
stim_treatment,1178,523
stim_treatment,1029,459
stim_treatment,1107,474
stim_treatment,2876,886
stim_treatment,1135,470
stim_treatment,1063,473
stim_treatment,1316,443
stim_treatment,1210,588
stim_treatment,1008,511
stim_treatment,1902,746
stim_treatment,1164,437
stim_treatment,1025,479
stim_treatment,5991,1518
stim_treatment,1355,459
stim_treatment,1478,592
stim_treatment,601,328
stim_treatment,2665,898
stim_treatment,797,375
stim_treatment,307,193
stim_treatment,670,372
stim_treatment,1041,505
stim_treatment,2689,714
stim_treatment,1216,563
stim_treatment,1198,504
stim_treatment,974,437
stim_treatment,739,323
stim_treatment,1401,678
stim_treatment,1972,673
stim_treatment,2806,677
stim_treatment,950,466
stim_treatment,1437,624
stim_treatment,958,576
stim_treatment,1135,415
stim_treatment,375,186
stim_treatment,4060,978
stim_treatment,485,309
stim_treatment,573,324
stim_treatment,1279,527
stim_treatment,1401,550
stim_treatment,1384,581
stim_treatment,2208,595
stim_treatment,901,441
stim_treatment,919,358
stim_treatment,2193,614
stim_treatment,881,449
stim_treatment,921,419
stim_treatment,1115,476
stim_treatment,667,348
stim_treatment,1347,521
stim_treatment,1339,539
stim_treatment,581,329
stim_treatment,1572,635
stim_treatment,1189,531
stim_treatment,870,460
stim_treatment,924,431
stim_treatment,1632,551
stim_treatment,1146,620
stim_treatment,1277,540
stim_treatment,2437,693
stim_treatment,3591,1012
stim_treatment,1305,593
stim_treatment,2361,676
stim_treatment,1055,496
stim_treatment,2077,832
stim_treatment,779,376
stim_treatment,3536,925
stim_treatment,593,231
stim_treatment,971,404
stim_treatment,852,378
stim_treatment,760,376
stim_treatment,2613,793
stim_treatment,1596,651
stim_treatment,584,372
stim_treatment,1383,490
stim_treatment,1228,452
stim_treatment,1784,653
stim_treatment,1102,521
stim_treatment,451,226
stim_treatment,902,396
stim_treatment,1855,685
stim_treatment,1358,479
stim_treatment,1263,621
stim_treatment,1295,623
stim_treatment,1828,637
stim_treatment,1879,873
stim_treatment,1967,718
stim_treatment,2844,1019
stim_treatment,1429,490
stim_treatment,2285,654
stim_treatment,4036,1124
stim_treatment,1571,646
stim_treatment,902,406
stim_treatment,1387,473
stim_treatment,1477,563
stim_treatment,1608,786
stim_treatment,4787,1224
stim_treatment,3422,914
stim_treatment,857,345
stim_treatment,4312,1260
stim_treatment,1644,462
stim_treatment,2204,737
stim_treatment,1197,529
stim_treatment,944,472
stim_treatment,1914,545
stim_treatment,788,398
stim_treatment,1008,465
stim_treatment,2830,1142
stim_treatment,1620,689
stim_treatment,2488,709
stim_treatment,1171,423
stim_treatment,2559,634
stim_treatment,834,410
stim_treatment,1782,650
stim_treatment,1534,673
stim_treatment,1872,616
stim_treatment,4684,1319
stim_treatment,1557,476
stim_treatment,3042,921
stim_treatment,1041,470
stim_treatment,1109,509
stim_treatment,845,410
stim_treatment,735,298
stim_treatment,2084,324
stim_treatment,1029,518
stim_treatment,1189,513
stim_treatment,330,139
stim_treatment,1024,386
stim_treatment,2273,900
stim_treatment,1108,528
stim_treatment,1141,595
stim_treatment,1371,508
stim_treatment,498,285
stim_treatment,1127,446
stim_treatment,1172,530
stim_treatment,1272,749
stim_treatment,2973,923
stim_treatment,2904,941
stim_treatment,2218,825
stim_treatment,1788,937
stim_treatment,1731,687
stim_treatment,761,357
stim_treatment,2259,849
stim_treatment,641,333
stim_treatment,1345,544
stim_treatment,1861,541
stim_treatment,2750,921
stim_treatment,2334,862
stim_treatment,1720,575
stim_treatment,612,318
stim_treatment,4396,100
stim_treatment,1204,554
stim_treatment,4860,1221
stim_treatment,252,150
stim_treatment,2815,1005
stim_treatment,997,561
stim_treatment,1109,461
stim_treatment,1409,631
stim_treatment,1049,411
stim_treatment,462,276
stim_treatment,1135,412
stim_treatment,1844,619
stim_treatment,2955,754
stim_treatment,2213,109
stim_treatment,3113,942
stim_treatment,1247,552
stim_treatment,919,430
stim_treatment,2772,875
stim_treatment,2319,642
stim_treatment,737,400
stim_treatment,1185,534
stim_treatment,1011,421
stim_treatment,2410,702
stim_treatment,2435,755
stim_treatment,1131,516
stim_treatment,1138,560
stim_treatment,1489,546
stim_treatment,1007,425
stim_treatment,1314,564
stim_treatment,2395,781
stim_treatment,1673,587
stim_treatment,2035,835
stim_treatment,1221,492
stim_treatment,2406,728
stim_treatment,3982,1039
stim_treatment,1297,492
stim_treatment,1413,543
stim_treatment,1164,514
stim_treatment,619,310
stim_treatment,788,362
stim_treatment,911,483
stim_treatment,4375,994
stim_treatment,1420,586
stim_treatment,1607,664
stim_treatment,1833,571
stim_treatment,1655,571
stim_treatment,3542,868
stim_treatment,4830,967
stim_treatment,1551,546
stim_treatment,3161,1011
stim_treatment,1304,519
stim_treatment,743,299
stim_treatment,3681,1053
stim_treatment,2379,698
stim_treatment,1174,516
stim_treatment,2306,734
stim_treatment,1608,572
stim_treatment,806,393
stim_treatment,1417,520
stim_treatment,3040,1032
stim_treatment,1212,559
stim_treatment,1093,469
stim_treatment,587,351
stim_treatment,1042,454
stim_treatment,1008,458
stim_treatment,1043,444
stim_treatment,817,381
stim_treatment,1372,558
stim_treatment,1658,651
stim_treatment,2675,829
stim_treatment,3196,684
stim_treatment,1091,500
stim_treatment,1113,470
stim_treatment,932,446
stim_treatment,409,226
stim_treatment,1095,460
stim_treatment,1175,439
stim_treatment,2667,890
stim_treatment,1928,635
stim_treatment,1207,478
stim_treatment,2916,678
stim_treatment,1266,590
stim_treatment,2297,851
stim_treatment,1017,464
stim_treatment,1322,466
stim_treatment,1739,696
stim_treatment,2262,580
stim_treatment,1069,480
stim_treatment,1437,562
stim_treatment,1616,637
stim_treatment,2818,615
stim_treatment,1408,588
stim_treatment,1156,502
stim_treatment,2688,704
stim_treatment,1560,553
stim_treatment,1915,864
stim_treatment,823,421
stim_treatment,2569,775
stim_treatment,1555,699
stim_treatment,4079,1097
stim_treatment,1315,464
stim_treatment,988,447
stim_treatment,1054,498
stim_treatment,2223,790
stim_treatment,1551,600
stim_treatment,661,285
stim_treatment,1147,460
stim_treatment,875,411
stim_treatment,2371,706
stim_treatment,1450,557
stim_treatment,781,404
stim_treatment,1105,474
stim_treatment,2184,934
stim_treatment,1043,488
stim_treatment,3001,785
stim_treatment,2206,972
stim_treatment,2540,760
stim_treatment,1029,511
stim_treatment,698,321
stim_treatment,201,143
stim_treatment,1158,548
stim_treatment,1671,674
stim_treatment,2674,722
stim_treatment,1619,493
stim_treatment,1791,607
stim_treatment,903,431
stim_treatment,2779,1121
stim_treatment,4412,1205
stim_treatment,1414,436
stim_treatment,993,444
stim_treatment,274,176
stim_treatment,3590,1130
stim_treatment,2158,820
stim_treatment,2140,804
stim_treatment,2282,679
stim_treatment,1448,579
stim_treatment,1530,570
stim_treatment,1070,471
stim_treatment,970,478
stim_treatment,3040,1111
stim_treatment,647,361
stim_treatment,745,347
stim_treatment,1199,506
stim_treatment,1053,526
stim_treatment,899,427
stim_treatment,982,487
stim_treatment,1156,518
stim_treatment,2755,700
stim_treatment,3460,962
stim_treatment,1086,499
stim_treatment,3104,825
stim_treatment,1758,564
stim_treatment,3017,708
stim_treatment,1260,620
stim_treatment,983,451
stim_treatment,2489,691
stim_treatment,843,451
stim_treatment,2725,712
stim_treatment,2163,726
stim_treatment,1457,641
stim_treatment,1258,562
stim_treatment,1384,555
stim_treatment,2099,728
stim_treatment,1042,463
stim_treatment,3760,871
stim_treatment,1137,439
stim_treatment,1896,533
stim_treatment,1947,686
stim_treatment,1647,526
stim_treatment,2732,902
stim_treatment,1926,702
stim_treatment,788,351
stim_treatment,2406,727
stim_treatment,1029,453
stim_treatment,1058,476
stim_treatment,3241,898
stim_treatment,2472,752
stim_treatment,1442,561
stim_treatment,902,352
stim_treatment,1618,621
stim_treatment,1764,679
stim_treatment,886,433
stim_treatment,744,374
stim_treatment,2343,719
stim_treatment,1388,613
stim_treatment,1132,448
stim_treatment,3289,970
stim_treatment,748,481
stim_treatment,2148,678
stim_treatment,2317,641
stim_treatment,869,427
stim_treatment,1249,476
stim_treatment,2148,697
stim_treatment,1496,617
stim_treatment,1553,516
stim_treatment,1645,651
stim_treatment,1574,664
stim_treatment,1321,563
stim_treatment,1156,491
stim_treatment,1720,579
stim_treatment,544,274
stim_treatment,2201,559
stim_treatment,1979,810
stim_treatment,1397,800
stim_treatment,2091,533
stim_treatment,1710,821
stim_treatment,1057,380
stim_treatment,1484,583
stim_treatment,1038,414
stim_treatment,1299,499
stim_treatment,874,434
stim_treatment,1770,898
stim_treatment,2925,952
stim_treatment,458,229
stim_treatment,1746,599
stim_treatment,903,396
stim_treatment,1252,511
stim_treatment,573,230
stim_treatment,1722,602
stim_treatment,5530,1202
stim_treatment,638,277
stim_treatment,1058,420
stim_treatment,1383,519
stim_treatment,893,423
stim_treatment,482,307
stim_treatment,1437,705
stim_treatment,1117,573
stim_treatment,1293,460
stim_treatment,2237,997
stim_treatment,2524,950
stim_treatment,1947,604
stim_treatment,601,340
stim_treatment,1029,488
stim_treatment,856,434
stim_treatment,3421,1036
stim_treatment,1105,423
stim_treatment,1541,598
stim_treatment,1790,727
stim_treatment,1497,718
stim_treatment,768,343
stim_treatment,2282,663
stim_treatment,1164,493
stim_treatment,1208,512
stim_treatment,1081,563
stim_treatment,1531,584
stim_treatment,2565,737
stim_treatment,857,387
stim_treatment,2350,1020
stim_treatment,2706,933
stim_treatment,1003,495
stim_treatment,673,314
stim_treatment,1414,502
stim_treatment,1227,491
stim_treatment,758,364
stim_treatment,897,403
stim_treatment,1056,460
stim_treatment,1486,577
stim_treatment,2186,754
stim_treatment,3245,801
stim_treatment,1112,455
stim_treatment,1575,565
stim_treatment,1534,642
stim_treatment,4594,739
stim_treatment,1286,468
stim_treatment,2429,776
stim_treatment,153,114
stim_treatment,1110,543
stim_treatment,906,439
stim_treatment,1377,533
stim_treatment,1286,494
stim_treatment,530,281
stim_treatment,2112,606
stim_treatment,1908,597
stim_treatment,1155,463
stim_treatment,3010,929
stim_treatment,852,477
stim_treatment,3947,1088
stim_treatment,1618,694
stim_treatment,445,259
stim_treatment,1141,499
stim_treatment,1637,548
stim_treatment,1209,514
stim_treatment,2198,877
stim_treatment,2125,693
stim_treatment,1284,478
stim_treatment,991,454
stim_treatment,678,294
stim_treatment,1495,539
stim_treatment,1802,623
stim_treatment,824,417
stim_treatment,437,114
stim_treatment,4534,1185
stim_treatment,2996,770
stim_treatment,1604,583
stim_treatment,1371,519
stim_treatment,1640,575
stim_treatment,3648,825
stim_treatment,2913,818
stim_treatment,679,305
stim_treatment,987,404
stim_treatment,1694,619
stim_treatment,1125,533
stim_treatment,1344,660
stim_treatment,1951,806
stim_treatment,2055,799
stim_treatment,734,393
stim_treatment,1433,511
stim_treatment,1117,469
stim_treatment,2001,763
stim_treatment,371,195
stim_treatment,5709,1482
stim_treatment,902,469
stim_treatment,2517,828
stim_treatment,3065,1014
stim_treatment,286,183
stim_treatment,1444,611
stim_treatment,1477,582
stim_treatment,1171,539
stim_treatment,2392,830
stim_treatment,3787,1037
stim_treatment,1437,652
stim_treatment,715,368
stim_treatment,1073,489
stim_treatment,1303,559
stim_treatment,1127,546
stim_treatment,1062,496
stim_treatment,960,498
stim_treatment,1081,476
stim_treatment,753,369
stim_treatment,5525,1241
stim_treatment,1897,553
stim_treatment,946,454
stim_treatment,953,470
stim_treatment,735,313
stim_treatment,1092,472
stim_treatment,706,453
stim_treatment,2279,655
stim_treatment,1407,600
stim_treatment,1130,526
stim_treatment,770,350
stim_treatment,1494,564
stim_treatment,3264,883
stim_treatment,1313,468
stim_treatment,929,453
stim_treatment,1186,514
stim_treatment,738,317
stim_treatment,1376,499
stim_treatment,4861,1158
stim_treatment,1913,616
stim_treatment,1559,681
stim_treatment,1264,562
stim_treatment,1368,542
stim_treatment,2993,826
stim_treatment,1484,631
stim_treatment,1664,614
stim_treatment,752,321
stim_treatment,1727,554
stim_treatment,1473,526
stim_treatment,2591,939
stim_treatment,592,285
stim_treatment,813,365
stim_treatment,1299,551
stim_treatment,1632,632
stim_treatment,3077,939
stim_treatment,1079,531
stim_treatment,2754,730
stim_treatment,3473,1179
stim_treatment,1866,713
stim_treatment,395,224
stim_treatment,998,448
stim_treatment,1636,823
stim_treatment,1238,604
stim_treatment,1068,486
stim_treatment,898,402
stim_treatment,1955,763
stim_treatment,6470,1381
stim_treatment,999,403
stim_treatment,2057,841
stim_treatment,893,411
stim_treatment,1128,528
stim_treatment,3863,1100
stim_treatment,720,465
stim_treatment,791,450
stim_treatment,1363,625
stim_treatment,927,370
stim_treatment,1199,447
stim_treatment,1339,536
stim_treatment,1223,506
stim_treatment,1182,578
stim_treatment,1929,823
stim_treatment,2324,863
stim_treatment,971,464
stim_treatment,1811,765
stim_treatment,1500,564
stim_treatment,543,203
stim_treatment,1225,489
stim_treatment,1247,544
stim_treatment,1220,480
stim_treatment,760,394
stim_treatment,2174,545
stim_treatment,1104,564
stim_treatment,1275,458
stim_treatment,1457,583
stim_treatment,871,461
stim_treatment,739,412
stim_treatment,2036,656
stim_treatment,955,446
stim_treatment,1353,527
stim_treatment,576,367
stim_treatment,1866,596
stim_treatment,1565,664
stim_treatment,1373,574
stim_treatment,1093,510
stim_treatment,486,237
stim_treatment,1129,665
stim_treatment,968,459
stim_treatment,1535,569
stim_treatment,992,455
stim_treatment,368,227
stim_treatment,4453,983
stim_treatment,1283,539
stim_treatment,262,130
stim_treatment,1149,505
stim_treatment,740,422
stim_treatment,2358,651
stim_treatment,2477,702
stim_treatment,1192,405
stim_treatment,2624,731
stim_treatment,821,384
stim_treatment,2182,671
stim_treatment,3740,1174
stim_treatment,1131,477
stim_treatment,229,138
stim_treatment,3716,879
stim_treatment,2806,1116
stim_treatment,3450,1216
stim_treatment,1062,527
stim_treatment,1022,391
stim_treatment,1345,465
stim_treatment,3798,1016
stim_treatment,878,369
stim_treatment,1463,783
stim_treatment,540,286
stim_treatment,1512,581
stim_treatment,1457,638
stim_treatment,1179,495
stim_treatment,1663,548
stim_treatment,2002,647
stim_treatment,862,347
stim_treatment,2626,864
stim_treatment,2454,1035
stim_treatment,3319,1030
stim_treatment,3308,956
stim_treatment,1201,492
stim_treatment,2840,967
stim_treatment,5251,1117
stim_treatment,1230,435
stim_treatment,1375,583
stim_treatment,3113,1124
stim_treatment,517,336
stim_treatment,2064,690
stim_treatment,2775,800
stim_treatment,2015,800
stim_treatment,2533,973
stim_treatment,1038,478
stim_treatment,2065,810
stim_treatment,1592,533
stim_treatment,853,410
stim_treatment,1066,422
stim_treatment,763,407
stim_treatment,1554,568
stim_treatment,888,443
stim_treatment,1224,525
stim_treatment,197,116
stim_treatment,2914,744
stim_treatment,980,483
stim_treatment,1040,498
stim_treatment,1410,553
stim_treatment,2626,630
stim_treatment,1105,459
stim_treatment,1618,725
stim_treatment,2554,748
stim_treatment,1116,476
stim_treatment,1488,533
stim_treatment,2004,603
stim_treatment,1785,756
stim_treatment,3898,961
stim_treatment,2012,773
stim_treatment,1676,552
stim_treatment,2554,984
stim_treatment,1554,485
stim_treatment,2090,841
stim_treatment,1090,490
stim_treatment,1508,604
stim_treatment,1387,723
stim_treatment,3272,1101
stim_treatment,465,270
stim_treatment,1686,571
stim_treatment,2497,948
stim_treatment,1369,520
stim_treatment,698,383
stim_treatment,175,119
stim_treatment,5998,1442
stim_treatment,1141,441
stim_treatment,1019,471
stim_treatment,477,260
stim_treatment,1148,616
stim_treatment,707,375
stim_treatment,739,396
stim_treatment,1636,556
stim_treatment,1513,643
stim_treatment,626,345
stim_treatment,2769,735
stim_treatment,1587,673
stim_treatment,1285,483
stim_treatment,1704,576
stim_treatment,1300,491
stim_treatment,2332,815
stim_treatment,1932,620
stim_treatment,4050,988
stim_treatment,4446,978
stim_treatment,1652,693
stim_treatment,980,437
stim_treatment,4963,1261
stim_treatment,3697,1009
stim_treatment,1040,534
stim_treatment,336,210
stim_treatment,2260,937
stim_treatment,1920,614
stim_treatment,1180,545
stim_treatment,2861,714
stim_treatment,919,444
stim_treatment,3871,1030
stim_treatment,748,399
stim_treatment,1206,505
stim_treatment,1274,530
stim_treatment,2836,692
stim_treatment,1036,474
stim_treatment,1383,544
stim_treatment,1119,478
stim_treatment,1077,476
stim_treatment,369,113
stim_treatment,1360,623
stim_treatment,565,269
stim_treatment,2657,751
stim_treatment,927,470
stim_treatment,1013,425
stim_treatment,719,332
stim_treatment,2780,792
stim_treatment,3996,1121
stim_treatment,1028,448
stim_treatment,1263,491
stim_treatment,1555,719
stim_treatment,1006,425
stim_treatment,487,306
stim_treatment,918,465
stim_treatment,2153,701
stim_treatment,2835,900
stim_treatment,3581,814
stim_treatment,1334,611
stim_treatment,1973,563
stim_treatment,4417,999
stim_treatment,3818,928
stim_treatment,1018,389
stim_treatment,1246,558
stim_treatment,1053,465
stim_treatment,1867,632
stim_treatment,1152,428
stim_treatment,730,263
stim_treatment,2641,880
stim_treatment,3092,1236
stim_treatment,743,388
stim_treatment,1369,526
stim_treatment,1480,661
stim_treatment,3315,967
stim_treatment,1178,544
stim_treatment,1277,573
stim_treatment,829,340
stim_treatment,643,296
stim_treatment,1275,570
stim_treatment,742,342
stim_treatment,3427,1189
stim_treatment,2673,620
stim_treatment,1363,566
stim_treatment,959,491
stim_treatment,214,138
stim_treatment,4183,1160
stim_treatment,1373,554
stim_treatment,1805,618
stim_treatment,1156,488
stim_treatment,1029,550
stim_treatment,848,438
stim_treatment,2531,824
stim_treatment,3311,1126
stim_treatment,821,370
stim_treatment,793,362
stim_treatment,1447,567
stim_treatment,836,471
stim_treatment,1021,435
stim_treatment,1709,597
stim_treatment,1370,561
stim_treatment,1894,714
stim_treatment,3396,640
stim_treatment,941,453
stim_treatment,1351,577
stim_treatment,2487,705
stim_treatment,1373,492
stim_treatment,836,372
stim_treatment,2718,859
stim_treatment,1511,517
stim_treatment,956,472
stim_treatment,1028,444
stim_treatment,242,141
stim_treatment,2300,634
stim_treatment,2736,802
stim_treatment,292,157
stim_treatment,3116,880
stim_treatment,1547,566
stim_treatment,1191,460
stim_treatment,1263,455
stim_treatment,803,415
stim_treatment,1574,560
stim_treatment,2000,842
stim_treatment,2013,736
stim_treatment,583,317
stim_treatment,3965,1480
stim_treatment,1368,532
stim_treatment,1204,582
stim_treatment,769,411
stim_treatment,972,464
stim_treatment,1060,554
stim_treatment,853,478
stim_treatment,1595,630
stim_treatment,564,249
stim_treatment,731,370
stim_treatment,2206,742
stim_treatment,5042,1350
stim_treatment,1229,522
stim_treatment,697,378
stim_treatment,1020,422
stim_treatment,3241,1028
stim_treatment,1313,534
stim_treatment,1218,421
stim_treatment,1545,579
stim_treatment,946,474
stim_treatment,1950,763
stim_treatment,876,411
stim_treatment,808,444
stim_treatment,992,483
stim_treatment,2861,789
stim_treatment,1435,539
stim_treatment,1922,568
stim_treatment,930,415
stim_treatment,4339,1070
stim_treatment,4215,1068
stim_treatment,892,402
stim_treatment,1477,487
stim_treatment,492,241
stim_treatment,1602,639
stim_treatment,4296,1063
stim_treatment,3706,943
stim_treatment,1802,732
stim_treatment,1855,625
stim_treatment,1345,600
stim_treatment,2959,1169
stim_treatment,4393,1113
stim_treatment,658,285
stim_treatment,2467,795
stim_treatment,1214,495
stim_treatment,1387,518
stim_treatment,4436,1415
stim_treatment,1378,664
stim_treatment,1184,493
stim_treatment,5353,1409
stim_treatment,1036,438
stim_treatment,936,464
stim_treatment,2948,710
stim_treatment,1247,463
stim_treatment,5821,1437
stim_treatment,1106,535
stim_treatment,2913,777
stim_treatment,1021,499
stim_treatment,2220,678
stim_treatment,910,413
stim_treatment,564,320
stim_treatment,682,386
stim_treatment,1403,688
stim_treatment,825,374
stim_treatment,2383,575
stim_treatment,1968,782
stim_treatment,748,372
stim_treatment,3664,1026
stim_treatment,1073,474
stim_treatment,1293,502
stim_treatment,1180,600
stim_treatment,700,458
stim_treatment,1237,609
stim_treatment,1389,485
stim_treatment,2024,721
stim_treatment,1362,501
stim_treatment,2745,1036
stim_treatment,2883,916
stim_treatment,1352,480
stim_treatment,1032,349
stim_treatment,366,212
stim_treatment,998,426
stim_treatment,847,484
stim_treatment,2013,799
stim_treatment,1253,470
stim_treatment,2169,846
stim_treatment,604,315
stim_treatment,1022,519
stim_treatment,1984,628
stim_treatment,4099,1037
stim_treatment,1306,518
stim_treatment,957,370
stim_treatment,1346,499
stim_treatment,419,167
stim_treatment,1095,470
stim_treatment,1543,592
stim_treatment,1338,585
stim_treatment,1102,579
stim_treatment,1173,553
stim_treatment,1713,780
stim_treatment,836,450
stim_treatment,1150,502
stim_treatment,3017,818
stim_treatment,1370,523
stim_treatment,1980,818
stim_treatment,1316,536
stim_treatment,1702,512
stim_treatment,1592,525
stim_treatment,534,323
stim_treatment,1057,506
stim_treatment,490,261
stim_treatment,1660,630
stim_treatment,451,255
stim_treatment,1031,528
stim_treatment,2859,802
stim_treatment,2959,940
stim_treatment,6251,1669
stim_treatment,1771,789
stim_treatment,1610,504
stim_treatment,1066,562
stim_treatment,1519,559
stim_treatment,3245,1019
stim_treatment,1457,596
stim_treatment,877,452
stim_treatment,2073,923
stim_treatment,1192,491
stim_treatment,1055,465
stim_treatment,955,543
stim_treatment,257,173
stim_treatment,7420,1413
stim_treatment,1178,531
stim_treatment,2630,732
stim_treatment,2071,715
stim_treatment,398,240
stim_treatment,1346,545
stim_treatment,2436,1029
stim_treatment,1097,545
stim_treatment,1165,531
stim_treatment,2278,900
stim_treatment,2886,828
stim_treatment,712,327
stim_treatment,872,435
stim_treatment,2329,828
stim_treatment,1106,614
stim_treatment,1366,607
stim_treatment,2043,779
stim_treatment,578,337
stim_treatment,1463,583
stim_treatment,939,450
stim_treatment,1225,520
stim_treatment,813,425
stim_treatment,2801,709
stim_treatment,1042,456
stim_treatment,1508,643
stim_treatment,2334,543
stim_treatment,1013,474
stim_treatment,713,348
stim_treatment,1234,517
stim_treatment,1394,525
stim_treatment,2573,676
stim_treatment,1301,508
stim_treatment,1259,497
stim_treatment,1357,507
stim_treatment,1167,452
stim_treatment,1061,449
stim_treatment,1407,611
stim_treatment,3599,820
stim_treatment,142,103
stim_treatment,896,522
stim_treatment,3840,905
stim_treatment,959,471
stim_treatment,2010,538
stim_treatment,837,369
stim_treatment,1095,408
stim_treatment,895,418
stim_treatment,589,360
stim_treatment,1883,696
stim_treatment,3141,953
stim_treatment,3640,1343
stim_treatment,2221,758
stim_treatment,2971,889
stim_treatment,2200,603
stim_treatment,944,443
stim_treatment,4016,968
stim_treatment,194,118
stim_treatment,2284,892
stim_treatment,2112,586
stim_treatment,1029,423
stim_treatment,1804,549
stim_treatment,1791,579
stim_treatment,2678,802
stim_treatment,1170,403
stim_treatment,971,487
stim_treatment,3320,848
stim_treatment,3121,964
stim_treatment,988,469
stim_treatment,1824,621
stim_treatment,2549,974
stim_treatment,3287,828
stim_treatment,1234,525
stim_treatment,4904,1208
stim_treatment,4516,1109
stim_treatment,2573,775
stim_treatment,1296,463
stim_treatment,1364,586
stim_treatment,4820,1061
stim_treatment,347,171
stim_treatment,2972,1121
stim_treatment,1212,504
stim_treatment,1237,565
stim_treatment,1890,787
stim_treatment,937,440
stim_treatment,2645,1033
stim_treatment,2764,771
stim_treatment,1090,503
stim_treatment,1377,522
stim_treatment,1489,491
stim_treatment,1763,636
stim_treatment,6576,1297
stim_treatment,1037,461
stim_treatment,1014,465
stim_treatment,1013,367
stim_treatment,902,434
stim_treatment,1421,567
stim_treatment,1671,528
stim_treatment,1368,551
stim_treatment,1519,544
stim_treatment,2204,608
stim_treatment,1613,636
stim_treatment,1273,541
stim_treatment,1501,662
stim_treatment,881,454
stim_treatment,1068,489
stim_treatment,1591,726
stim_treatment,1395,444
stim_treatment,2092,927
stim_treatment,1272,599
stim_treatment,931,380
stim_treatment,1406,564
stim_treatment,991,422
stim_treatment,1219,512
stim_treatment,1213,544
stim_treatment,4891,1178
stim_treatment,3526,1213
stim_treatment,896,470
stim_treatment,1601,598
stim_treatment,804,451
stim_treatment,1081,579
stim_treatment,811,387
stim_treatment,1591,582
stim_treatment,2005,751
stim_treatment,1358,474
stim_treatment,1358,449
stim_treatment,4426,1380
stim_treatment,832,445
stim_treatment,2590,614
stim_treatment,1924,1021
stim_treatment,1769,600
stim_treatment,2634,908
stim_treatment,2589,717
stim_treatment,3117,886
stim_treatment,6296,1495
stim_treatment,967,493
stim_treatment,1164,581
stim_treatment,1118,389
stim_treatment,1671,592
stim_treatment,5647,1594
stim_treatment,2325,844
stim_treatment,1201,416
stim_treatment,767,371
stim_treatment,1056,509
stim_treatment,1907,625
stim_treatment,745,456
stim_treatment,1245,592
stim_treatment,1177,348
stim_treatment,726,350
stim_treatment,760,389
stim_treatment,1329,669
stim_treatment,2464,853
stim_treatment,1265,496
stim_treatment,1424,590
stim_treatment,601,360
stim_treatment,1357,595
stim_treatment,916,390
stim_treatment,1185,540
stim_treatment,5001,1361
stim_treatment,1608,775
stim_treatment,4086,1284
stim_treatment,1072,506
stim_treatment,1376,553
stim_treatment,1168,516
stim_treatment,2994,901
stim_treatment,1160,468
stim_treatment,1121,451
stim_treatment,265,190
stim_treatment,1323,404
stim_treatment,2268,730
stim_treatment,829,396
stim_treatment,1467,486
stim_treatment,1429,557
stim_treatment,564,348
stim_treatment,4723,1084
stim_treatment,578,284
stim_treatment,2416,759
stim_treatment,1002,439
stim_treatment,2772,680
stim_treatment,602,322
stim_treatment,2900,944
stim_treatment,1689,643
stim_treatment,2877,741
stim_treatment,466,266
stim_treatment,2513,1023
stim_treatment,1645,809
stim_treatment,990,410
stim_treatment,1363,595
stim_treatment,3036,875
stim_treatment,3342,1045
stim_treatment,1420,560
stim_treatment,429,236
stim_treatment,2869,990
stim_treatment,928,453
stim_treatment,677,333
stim_treatment,1009,458
stim_treatment,515,262
stim_treatment,863,372
stim_treatment,1746,523
stim_treatment,1150,549
stim_treatment,1843,537
stim_treatment,802,398
stim_treatment,1057,523
stim_treatment,631,314
stim_treatment,1930,937
stim_treatment,2108,858
stim_treatment,1290,605
stim_treatment,3902,932
stim_treatment,2388,840
stim_treatment,1597,562
stim_treatment,2275,706
stim_treatment,2054,621
stim_treatment,1029,571
stim_treatment,1233,467
stim_treatment,2067,639
stim_treatment,739,372
stim_treatment,1156,506
stim_treatment,584,328
stim_treatment,2006,598
stim_treatment,1661,656
stim_treatment,2438,790
stim_treatment,1440,543
stim_treatment,1106,461
stim_treatment,1402,644
stim_treatment,1540,548
stim_treatment,1239,558
stim_treatment,1814,641
stim_treatment,1114,476
stim_treatment,860,479
stim_treatment,958,352
stim_treatment,2469,957
stim_treatment,924,415
stim_treatment,2477,927
stim_treatment,1079,513
stim_treatment,723,219
stim_treatment,4289,999
stim_treatment,1459,563
stim_treatment,3644,1001
stim_treatment,1105,530
stim_treatment,962,468
stim_treatment,795,376
stim_treatment,1115,526
stim_treatment,1525,589
stim_treatment,548,283
stim_treatment,2347,812
stim_treatment,1787,470
stim_treatment,1168,492
stim_treatment,1240,494
stim_treatment,3505,858
stim_treatment,1158,549
stim_treatment,2921,970
stim_treatment,1032,457
stim_treatment,401,220
stim_treatment,1130,495
stim_treatment,3191,893
stim_treatment,3883,941
stim_treatment,1726,779
stim_treatment,376,239
stim_treatment,1150,516
stim_treatment,4234,1092
stim_treatment,2112,652
stim_treatment,560,331
stim_treatment,1790,703
stim_treatment,1880,731
stim_treatment,1299,529
stim_treatment,1754,739
stim_treatment,1281,584
stim_treatment,3558,1206
stim_treatment,778,373
stim_treatment,1803,553
stim_treatment,2715,730
stim_treatment,830,419
stim_treatment,3064,890
stim_treatment,905,374
stim_treatment,2082,606
stim_treatment,1758,609
stim_treatment,970,401
stim_treatment,3040,917
stim_treatment,1014,441
stim_treatment,1604,626
stim_treatment,2111,695
stim_treatment,743,251
stim_treatment,1149,542
stim_treatment,1331,557
stim_treatment,1199,463
stim_treatment,1003,429
stim_treatment,845,417
stim_treatment,683,422
stim_treatment,575,329
stim_treatment,2032,792
stim_treatment,749,364
stim_treatment,2127,860
stim_treatment,1688,667
stim_treatment,1081,535
stim_treatment,1943,540
stim_treatment,531,287
stim_treatment,2647,1051
stim_treatment,872,439
stim_treatment,943,424
stim_treatment,1057,353
stim_treatment,1771,669
stim_treatment,188,119
stim_treatment,3479,1220
stim_treatment,1005,564
stim_treatment,3799,1156
stim_treatment,1536,506
stim_treatment,1136,425
stim_treatment,1260,639
stim_treatment,3457,865
stim_treatment,1674,492
stim_treatment,1144,436
stim_treatment,2952,864
stim_treatment,1035,442
stim_treatment,2397,1060
stim_treatment,2639,791
stim_treatment,1579,484
stim_treatment,738,355
stim_treatment,2420,770
stim_treatment,1129,555
stim_treatment,2070,704
stim_treatment,1525,656
stim_treatment,980,484
stim_treatment,786,349
stim_treatment,1488,539
stim_treatment,1385,547
stim_treatment,2334,801
stim_treatment,877,405
stim_treatment,1440,594
stim_treatment,1346,579
stim_treatment,791,432
stim_treatment,459,259
stim_treatment,4982,985
stim_treatment,688,387
stim_treatment,2787,909
stim_treatment,1748,620
stim_treatment,1085,470
stim_treatment,6485,1530
stim_treatment,2441,729
stim_treatment,1304,516
stim_treatment,5536,540
stim_treatment,2486,864
stim_treatment,2462,805
stim_treatment,1110,507
stim_treatment,993,426
stim_treatment,2860,721
stim_treatment,1704,686
stim_treatment,1225,669
stim_treatment,1200,549
stim_treatment,1031,464
stim_treatment,1472,555
stim_treatment,1066,497
stim_treatment,922,388
stim_treatment,1470,620
stim_treatment,1022,404
stim_treatment,1665,586
stim_treatment,868,397
stim_treatment,1248,531
stim_treatment,778,398
stim_treatment,5187,1414
stim_treatment,1048,461
stim_treatment,903,486
stim_treatment,3112,751
stim_treatment,1189,519
stim_treatment,1126,491
stim_treatment,1501,526
stim_treatment,1132,466
stim_treatment,1184,486
stim_treatment,3162,817
stim_treatment,1496,476
stim_treatment,3023,827
stim_treatment,1953,882
stim_treatment,198,112
stim_treatment,1662,596
stim_treatment,1318,451
stim_treatment,1505,718
stim_treatment,2956,865
stim_treatment,1528,666
stim_treatment,195,132
stim_treatment,1177,407
stim_treatment,517,264
stim_treatment,1147,492
stim_treatment,2555,822
stim_treatment,1229,566
stim_treatment,907,449
stim_treatment,1989,758
stim_treatment,1754,556
stim_treatment,2822,806
stim_treatment,863,437
stim_treatment,886,430
stim_treatment,519,283
stim_treatment,1245,569
stim_treatment,1371,543
stim_treatment,1300,576
stim_treatment,1263,525
stim_treatment,1236,572
stim_treatment,1100,622
stim_treatment,1907,607
stim_treatment,2819,849
stim_treatment,1662,767
stim_treatment,2660,800
stim_treatment,2182,784
stim_treatment,1703,585
stim_treatment,1407,583
stim_treatment,1236,540
stim_treatment,2427,910
stim_treatment,1057,404
stim_treatment,2559,1007
stim_treatment,221,145
stim_treatment,1669,719
stim_treatment,1558,611
stim_treatment,404,301
stim_treatment,961,422
stim_treatment,2638,639
stim_treatment,1928,680
stim_treatment,2022,633
stim_treatment,1474,709
stim_treatment,2546,1039
stim_treatment,907,479
stim_treatment,846,322
stim_treatment,2098,534
stim_treatment,2255,691
stim_treatment,1150,500
stim_treatment,1235,489
stim_treatment,945,476
stim_treatment,1043,461
stim_treatment,583,358
stim_treatment,1063,460
stim_treatment,1159,459
stim_treatment,1234,551
stim_treatment,3576,898
stim_treatment,1441,589
stim_treatment,1693,642
stim_treatment,2727,875
stim_treatment,2329,993
stim_treatment,1356,561
stim_treatment,191,128
stim_treatment,1202,597
stim_treatment,177,132
stim_treatment,3744,922
stim_treatment,1183,493
stim_treatment,613,277
stim_treatment,617,281
stim_treatment,715,349
stim_treatment,3016,796
stim_treatment,2244,670
stim_treatment,1037,402
stim_treatment,1727,519
stim_treatment,1020,413
stim_treatment,1520,564
stim_treatment,1715,699
stim_treatment,1329,532
stim_treatment,1681,778
stim_treatment,1965,693
stim_treatment,1532,579
stim_treatment,2045,618
stim_treatment,1149,477
stim_treatment,2627,900
stim_treatment,1407,617
stim_treatment,1028,477
stim_treatment,2547,852
stim_treatment,1491,455
stim_treatment,1850,614
stim_treatment,962,488
stim_treatment,3486,931
stim_treatment,774,441
stim_treatment,1606,639
stim_treatment,1042,458
stim_treatment,2714,879
stim_treatment,1141,465
stim_treatment,2036,604
stim_treatment,1100,479
stim_treatment,328,192
stim_treatment,952,524
stim_treatment,2297,735
stim_treatment,2601,1079
stim_treatment,926,461
stim_treatment,1034,559
stim_treatment,1172,486
stim_treatment,527,249
stim_treatment,1763,698
stim_treatment,3222,1046
stim_treatment,1133,541
stim_treatment,2015,576
stim_treatment,347,186
stim_treatment,165,119
stim_treatment,3665,720
stim_treatment,1284,440
stim_treatment,967,478
stim_treatment,423,257
stim_treatment,444,282
stim_treatment,1194,500
stim_treatment,2011,564
stim_treatment,907,434
stim_treatment,1169,573
stim_treatment,1285,521
stim_treatment,1270,596
stim_treatment,1231,622
stim_treatment,1197,586
stim_treatment,808,385
stim_treatment,4310,852
stim_treatment,1503,484
stim_treatment,802,381
stim_treatment,1327,572
stim_treatment,3384,920
stim_treatment,1372,468
stim_treatment,1103,476
stim_treatment,1203,567
stim_treatment,3326,878
stim_treatment,4618,1339
stim_treatment,1152,486
stim_treatment,2601,942
stim_treatment,2772,926
stim_treatment,2062,620
stim_treatment,1470,568
stim_treatment,857,485
stim_treatment,1051,442
stim_treatment,602,302
stim_treatment,3296,889
stim_treatment,1983,635
stim_treatment,861,415
stim_treatment,1723,726
stim_treatment,2428,828
stim_treatment,219,112
stim_treatment,1040,421
stim_treatment,2594,897
stim_treatment,1419,570
stim_treatment,1311,527
stim_treatment,2563,640
stim_treatment,1182,456
stim_treatment,2668,1010
stim_treatment,2070,830
stim_treatment,3851,1093
stim_treatment,1737,758
stim_treatment,923,445
stim_treatment,1512,598
stim_treatment,980,436
stim_treatment,4376,1070
stim_treatment,286,154
stim_treatment,1780,562
stim_treatment,1022,464
stim_treatment,1544,589
stim_treatment,1370,540
stim_treatment,966,464
stim_treatment,882,422
stim_treatment,3544,881
stim_treatment,5121,1255
stim_treatment,1417,581
stim_treatment,1233,685
stim_treatment,623,342
stim_treatment,395,189
stim_treatment,3669,1194
stim_treatment,2586,644
stim_treatment,1324,503
stim_treatment,1851,690
stim_treatment,1628,559
stim_treatment,1072,432
stim_treatment,1157,609
stim_treatment,1061,506
stim_treatment,471,238
stim_treatment,1218,594
stim_treatment,230,149
stim_treatment,1639,737
stim_treatment,900,430
stim_treatment,1866,621
stim_treatment,1287,551
stim_treatment,2310,671
stim_treatment,1272,438
stim_treatment,2269,1017
stim_treatment,1772,717
stim_treatment,722,292
stim_treatment,870,477
stim_treatment,4958,1266
stim_treatment,1252,458
stim_treatment,336,207
stim_treatment,399,272
stim_treatment,2674,945
stim_treatment,1243,578
stim_treatment,1047,478
stim_treatment,945,432
stim_treatment,208,103
stim_treatment,971,452
stim_treatment,1727,725
stim_treatment,1332,561
stim_treatment,881,443
stim_treatment,1106,581
stim_treatment,3114,753
stim_treatment,1119,461
stim_treatment,2128,695
stim_treatment,3273,973
stim_treatment,992,442
stim_treatment,751,395
stim_treatment,1607,590
stim_treatment,1385,517
stim_treatment,1054,521
stim_treatment,1655,650
stim_treatment,1857,688
stim_treatment,1909,584
stim_treatment,1989,698
stim_treatment,1049,513
stim_treatment,1037,437
stim_treatment,2463,861
stim_treatment,2089,794
stim_treatment,829,382
stim_treatment,2481,834
stim_treatment,996,578
stim_treatment,598,270
stim_treatment,862,391
stim_treatment,1999,922
stim_treatment,3884,921
stim_treatment,875,385
stim_treatment,2146,877
stim_treatment,1031,510
stim_treatment,1173,460
stim_treatment,1283,557
stim_treatment,1462,612
stim_treatment,941,463
stim_treatment,1358,574
stim_treatment,1373,574
stim_treatment,300,158
stim_treatment,1379,442
stim_treatment,1637,689
stim_treatment,2143,800
stim_treatment,2024,725
stim_treatment,1111,437
stim_treatment,1929,818
stim_treatment,1660,518
stim_treatment,4002,1083
stim_treatment,3332,899
stim_treatment,3160,847
stim_treatment,2895,944
stim_treatment,2477,802
stim_treatment,935,417
stim_treatment,1058,502
stim_treatment,151,108
stim_treatment,1364,576
stim_treatment,1197,516
stim_treatment,1814,629
stim_treatment,1028,459
stim_treatment,1944,756
stim_treatment,5733,1356
stim_treatment,1493,597
stim_treatment,163,105
stim_treatment,1328,675
stim_treatment,757,307
stim_treatment,1275,547
stim_treatment,963,475
stim_treatment,1231,517
stim_treatment,2444,1089
stim_treatment,1995,539
stim_treatment,1238,469
stim_treatment,2483,778
stim_treatment,1352,508
stim_treatment,1046,495
stim_treatment,579,301
stim_treatment,920,404
stim_treatment,307,183
stim_treatment,4139,907
stim_treatment,778,396
stim_treatment,1174,548
stim_treatment,652,427
stim_treatment,1034,517
stim_treatment,4832,1230
stim_treatment,931,425
stim_treatment,1458,482
stim_treatment,1513,581
stim_treatment,4484,1118
stim_treatment,302,175
stim_treatment,200,110
stim_treatment,4871,1131
stim_treatment,259,157
stim_treatment,1063,587
stim_treatment,840,402
stim_treatment,1212,477
stim_treatment,1135,472
stim_treatment,1133,593
stim_treatment,1010,448
stim_treatment,980,525
stim_treatment,271,133
stim_treatment,1382,485
stim_treatment,1397,572
stim_treatment,1138,482
stim_treatment,976,400
stim_treatment,1499,511
stim_treatment,844,349
stim_treatment,3643,907
stim_treatment,610,303
stim_treatment,1689,659
stim_treatment,611,294
stim_treatment,1972,685
stim_treatment,2536,698
stim_treatment,3495,695
stim_treatment,2051,685
stim_treatment,2065,633
stim_treatment,2333,840
stim_treatment,1889,784
stim_treatment,885,463
stim_treatment,1742,760
stim_treatment,1314,495
stim_treatment,1352,511
stim_treatment,1203,438
stim_treatment,810,369
stim_treatment,568,305
stim_treatment,817,424
stim_treatment,865,402
stim_treatment,3894,852
stim_treatment,1870,612
stim_treatment,984,409
stim_treatment,1458,605
stim_treatment,950,491
stim_treatment,2860,904
stim_treatment,1121,402
stim_treatment,1065,496
stim_treatment,3160,1249
stim_treatment,781,363
stim_treatment,1210,485
stim_treatment,1300,682
stim_treatment,231,135
stim_treatment,1636,611
stim_treatment,3282,899
stim_treatment,371,268
stim_treatment,1773,702
stim_treatment,1390,561
stim_treatment,1225,535
stim_treatment,628,325
stim_treatment,2703,1043
stim_treatment,1005,431
stim_treatment,1530,598
stim_treatment,845,412
stim_treatment,1309,474
stim_treatment,1565,679
stim_treatment,343,166
stim_treatment,1422,694
stim_treatment,986,530
stim_treatment,1072,496
stim_treatment,531,271
stim_treatment,2420,851
stim_treatment,907,456
stim_treatment,1729,590
stim_treatment,1638,508
stim_treatment,2771,857
stim_treatment,2172,877
stim_treatment,3008,838
stim_treatment,1733,805
stim_treatment,974,439
stim_treatment,1266,449
stim_treatment,745,331
stim_treatment,666,322
stim_treatment,1453,490
stim_treatment,1304,508
stim_treatment,1447,477
stim_treatment,2593,773
stim_treatment,900,410
stim_treatment,1390,540
stim_treatment,1832,686
stim_treatment,936,475
stim_treatment,1815,697
stim_treatment,1124,502
stim_treatment,1194,533
stim_treatment,1085,506
stim_treatment,596,324
stim_treatment,1315,519
stim_treatment,1408,682
stim_treatment,2316,654
stim_treatment,1126,490
stim_treatment,932,457
stim_treatment,4096,962
stim_treatment,1740,648
stim_treatment,1506,550
stim_treatment,1339,563
stim_treatment,257,180
stim_treatment,956,434
stim_treatment,296,195
stim_treatment,935,365
stim_treatment,3426,835
stim_treatment,846,402
stim_treatment,2211,696
stim_treatment,2767,767
stim_treatment,1428,510
stim_treatment,944,439
stim_treatment,606,326
stim_treatment,1010,441
stim_treatment,1396,465
stim_treatment,3231,841
stim_treatment,1302,489
stim_treatment,1257,570
stim_treatment,1006,377
stim_treatment,246,160
stim_treatment,1069,493
stim_treatment,1402,432
stim_treatment,978,512
stim_treatment,701,309
stim_treatment,809,380
stim_treatment,1610,614
stim_treatment,2467,718
stim_treatment,2905,1098
stim_treatment,769,367
stim_treatment,1203,535
stim_treatment,1713,586
stim_treatment,1409,562
stim_treatment,1034,466
stim_treatment,797,342
stim_treatment,691,318
stim_treatment,1243,464
stim_treatment,1051,670
stim_treatment,1607,517
stim_treatment,2011,763
stim_treatment,762,437
stim_treatment,1366,585
stim_treatment,1606,607
stim_treatment,2129,637
stim_treatment,2492,643
stim_treatment,1037,453
stim_treatment,1440,643
stim_treatment,1876,636
stim_treatment,1126,539
stim_treatment,431,264
stim_treatment,1031,469
stim_treatment,1017,460
stim_treatment,1300,731
stim_treatment,998,413
stim_treatment,2621,668
stim_treatment,1655,629
stim_treatment,1697,653
stim_treatment,1376,612
stim_treatment,1450,621
stim_treatment,1215,569
stim_treatment,1301,547
stim_treatment,1365,531
stim_treatment,1503,498
stim_treatment,3169,947
stim_treatment,932,552
stim_treatment,2092,724
stim_treatment,869,428
stim_treatment,3045,831
stim_treatment,701,362
stim_treatment,1086,490
stim_treatment,3207,766
stim_treatment,1678,641
stim_treatment,1113,357
stim_treatment,1337,559
stim_treatment,1537,529
stim_treatment,1342,528
stim_treatment,1336,597
stim_treatment,1304,635
stim_treatment,3800,1023
stim_treatment,1218,493
stim_treatment,614,305
stim_treatment,2688,877
stim_treatment,1078,498
stim_treatment,1755,635
stim_treatment,1096,510
stim_treatment,514,287
stim_treatment,2231,671
stim_treatment,1456,658
stim_treatment,1755,737
stim_treatment,3704,954
stim_treatment,1509,568
stim_treatment,1329,548
stim_treatment,1476,638
stim_treatment,859,469
stim_treatment,1519,557
stim_treatment,1321,515
stim_treatment,1487,566
stim_treatment,2508,920
stim_treatment,1074,518
stim_treatment,1798,674
stim_treatment,949,448
stim_treatment,536,323
stim_treatment,690,330
stim_treatment,1000,483
stim_treatment,841,421
stim_treatment,776,392
stim_treatment,851,417
stim_treatment,552,288
stim_treatment,2993,876
stim_treatment,1723,540
stim_treatment,2827,854
stim_treatment,684,349
stim_treatment,876,420
stim_treatment,990,452
stim_treatment,3709,1029
stim_treatment,1876,450
stim_treatment,2974,697
stim_treatment,788,415
stim_treatment,1524,525
stim_treatment,1282,556
stim_treatment,1183,522
stim_treatment,2704,788
stim_treatment,1823,556
stim_treatment,1394,585
stim_treatment,1470,616
stim_treatment,393,225
stim_treatment,2049,633
stim_treatment,3410,815
stim_treatment,980,563
stim_treatment,1114,539
stim_treatment,1301,571
stim_treatment,1045,556
stim_treatment,3744,1288
stim_treatment,2913,841
stim_treatment,1356,587
stim_treatment,833,366
stim_treatment,1572,531
stim_treatment,854,414
stim_treatment,2808,731
stim_treatment,803,384
stim_treatment,1009,499
stim_treatment,2970,854
stim_treatment,3355,1063
stim_treatment,738,318
stim_treatment,1618,678
stim_treatment,1380,472
stim_treatment,3350,931
stim_treatment,1356,516
stim_treatment,524,247
stim_treatment,1521,653
stim_treatment,1390,561
stim_treatment,1350,561
stim_treatment,718,373
stim_treatment,3744,839
stim_treatment,307,177
stim_treatment,6550,1503
stim_treatment,4935,1407
stim_treatment,1284,541
stim_treatment,1261,570
stim_treatment,885,426
stim_treatment,878,402
stim_treatment,1152,472
stim_treatment,955,381
stim_treatment,1947,718
stim_treatment,1675,582
stim_treatment,1664,472
stim_treatment,1699,591
stim_treatment,1133,499
stim_treatment,2010,585
stim_treatment,237,139
stim_treatment,1581,594
stim_treatment,989,486
stim_treatment,1735,623
stim_treatment,1839,671
stim_treatment,1163,463
stim_treatment,2181,696
stim_treatment,2603,928
stim_treatment,1502,638
stim_treatment,1499,561
stim_treatment,1546,608
stim_treatment,5255,1332
stim_treatment,1114,478
stim_treatment,5483,1308
stim_treatment,644,329
stim_treatment,1521,570
stim_treatment,3869,923
stim_treatment,1152,497
stim_treatment,1025,355
stim_treatment,1161,528
stim_treatment,945,453
stim_treatment,2405,598
stim_treatment,4149,1249
stim_treatment,1906,636
stim_treatment,645,164
stim_treatment,1165,544
stim_treatment,3575,710
stim_treatment,4652,1138
stim_treatment,955,430
stim_treatment,6751,1378
stim_treatment,1105,480
stim_treatment,1007,454
stim_treatment,1665,546
stim_treatment,1084,517
stim_treatment,989,416
stim_treatment,263,134
stim_treatment,2060,844
stim_treatment,1414,560
stim_treatment,537,273
stim_treatment,1092,518
stim_treatment,1091,465
stim_treatment,1420,625
stim_treatment,456,240
stim_treatment,1712,615
stim_treatment,1605,722
stim_treatment,743,318
stim_treatment,2368,570
stim_treatment,1302,477
stim_treatment,1339,557
stim_treatment,886,381
stim_treatment,946,444
stim_treatment,387,221
stim_treatment,2648,838
stim_treatment,959,451
stim_treatment,901,494
stim_treatment,1377,528
stim_treatment,1828,522
stim_treatment,988,461
stim_treatment,807,401
stim_treatment,1348,429
stim_treatment,1892,788
stim_treatment,4531,1273
stim_treatment,1601,681
stim_treatment,2265,718
stim_treatment,1081,486
stim_treatment,845,403
stim_treatment,1528,592
stim_treatment,392,227
stim_treatment,3562,1025
stim_treatment,1749,654
stim_treatment,1030,470
stim_treatment,1661,468
stim_treatment,1600,669
stim_treatment,1163,499
stim_treatment,1724,730
stim_treatment,640,338
stim_treatment,4960,1569
stim_treatment,992,468
stim_treatment,3000,736
stim_treatment,2371,884
stim_treatment,1627,712
stim_treatment,1843,714
stim_treatment,1986,631
stim_treatment,509,243
stim_treatment,1293,469
stim_treatment,1884,784
stim_treatment,869,488
stim_treatment,1362,515
stim_treatment,4307,1221
stim_treatment,1344,652
stim_treatment,2934,729
stim_treatment,552,290
stim_treatment,1344,550
stim_treatment,3068,854
stim_treatment,647,367
stim_treatment,1182,524
stim_treatment,1121,475
stim_treatment,4523,1316
stim_treatment,1573,596
stim_treatment,2063,753
stim_treatment,1379,472
stim_treatment,2341,706
stim_treatment,1725,646
stim_treatment,652,343
stim_treatment,3472,758
stim_treatment,1042,466
stim_treatment,3129,920
stim_treatment,1149,499
stim_treatment,2631,850
stim_treatment,820,335
stim_treatment,1199,475
stim_treatment,1431,493
stim_treatment,1329,589
stim_treatment,2901,884
stim_treatment,6542,1301
stim_treatment,312,166
stim_treatment,1231,416
stim_treatment,1692,586
stim_treatment,788,416
stim_treatment,1111,351
stim_treatment,1233,521
stim_treatment,1589,486
stim_treatment,1568,614
stim_treatment,758,320
stim_treatment,1112,515
stim_treatment,1552,593
stim_treatment,969,451
stim_treatment,1071,478
stim_treatment,826,531
stim_treatment,1090,505
stim_treatment,965,459
stim_treatment,1398,663
stim_treatment,1177,500
stim_treatment,933,438
stim_treatment,5440,1291
stim_treatment,3480,930
stim_treatment,555,309
stim_treatment,1241,461
stim_treatment,905,496
stim_treatment,923,426
stim_treatment,3266,1020
stim_treatment,1009,453
stim_treatment,4453,1100
stim_treatment,838,440
stim_treatment,861,434
stim_treatment,1221,516
stim_treatment,4221,992
stim_treatment,1604,919
stim_treatment,1446,570
stim_treatment,999,443
stim_treatment,2951,834
stim_treatment,2448,746
stim_treatment,3095,871
stim_treatment,1002,488
stim_treatment,1554,549
stim_treatment,834,462
stim_treatment,1276,461
stim_treatment,967,443
stim_treatment,859,405
stim_treatment,1910,801
stim_treatment,1299,453
stim_treatment,2117,724
stim_treatment,1347,544
stim_treatment,1854,689
stim_treatment,2406,624
stim_treatment,1261,576
stim_treatment,2250,596
stim_treatment,714,415
stim_treatment,734,321
stim_treatment,1352,551
stim_treatment,1831,723
stim_treatment,1227,501
stim_treatment,1792,614
stim_treatment,1864,659
stim_treatment,2637,694
stim_treatment,1397,596
stim_treatment,1239,562
stim_treatment,1412,541
stim_treatment,2741,688
stim_treatment,1109,574
stim_treatment,1292,609
stim_treatment,1202,479
stim_treatment,1280,470
stim_treatment,2580,624
stim_treatment,3311,740
stim_treatment,246,148
stim_treatment,922,424
stim_treatment,3406,1279
stim_treatment,2063,673
stim_treatment,3787,1226
stim_treatment,1206,511
stim_treatment,1142,426
stim_treatment,2328,792
stim_treatment,1425,614
stim_treatment,620,276
stim_treatment,1505,602
stim_treatment,1366,513
stim_treatment,623,341
stim_treatment,813,441
stim_treatment,1190,479
stim_treatment,1250,642
stim_treatment,865,419
stim_treatment,1001,387
stim_treatment,1138,585
stim_treatment,1831,805
stim_treatment,1326,552
stim_treatment,1289,523
stim_treatment,3332,963
stim_treatment,622,297
stim_treatment,1712,606
stim_treatment,2287,956
stim_treatment,1992,733
stim_treatment,1243,504
stim_treatment,2444,808
stim_treatment,1345,524
stim_treatment,563,262
stim_treatment,388,218
stim_treatment,1425,548
stim_treatment,3065,1010
stim_treatment,4249,1098
stim_treatment,1106,478
stim_treatment,1632,609
stim_treatment,5126,1541
stim_treatment,1076,542
stim_treatment,3099,882
stim_treatment,803,435
stim_treatment,2444,734
stim_treatment,1213,546
stim_treatment,909,445
stim_treatment,906,443
stim_treatment,533,225
stim_treatment,2286,764
stim_treatment,2318,664
stim_treatment,1379,549
stim_treatment,1192,507
stim_treatment,887,471
stim_treatment,540,341
stim_treatment,609,284
stim_treatment,3540,1079
stim_treatment,1777,611
stim_treatment,2585,860
stim_treatment,1366,515
stim_treatment,1333,563
stim_treatment,1835,714
stim_treatment,2578,782
stim_treatment,213,118
stim_treatment,1635,600
stim_treatment,220,159
stim_treatment,1194,535
stim_treatment,940,465
stim_treatment,3190,1083
stim_treatment,832,400
stim_treatment,3990,1032
stim_treatment,3683,948
stim_treatment,906,434
stim_treatment,3361,1037
stim_treatment,859,450
stim_treatment,969,469
stim_treatment,1962,686
stim_treatment,491,246
stim_treatment,2143,667
stim_treatment,718,359
stim_treatment,2399,810
stim_treatment,2303,663
stim_treatment,1518,637
stim_treatment,1386,499
stim_treatment,2210,724
stim_treatment,1075,425
stim_treatment,1251,546
stim_treatment,4448,991
stim_treatment,2324,738
stim_treatment,1477,568
stim_treatment,1195,499
stim_treatment,678,360
stim_treatment,1853,648
stim_treatment,2540,978
stim_treatment,1549,558
stim_treatment,1228,453
stim_treatment,1038,509
stim_treatment,3368,971
stim_treatment,1450,529
stim_treatment,2848,988
stim_treatment,3774,983
stim_treatment,1348,599
stim_treatment,2702,929
stim_treatment,1657,514
stim_treatment,1283,473
stim_treatment,970,443
stim_treatment,1472,520
stim_treatment,311,217
stim_treatment,970,536
stim_treatment,1945,863
stim_treatment,1866,686
stim_treatment,3388,949
stim_treatment,1479,468
stim_treatment,963,437
stim_treatment,1801,545
stim_treatment,1017,508
stim_treatment,2336,887
stim_treatment,1134,525
stim_treatment,2038,795
stim_treatment,1774,598
stim_treatment,3943,741
stim_treatment,1295,663
stim_treatment,857,437
stim_treatment,3356,1250
stim_treatment,968,481
stim_treatment,942,460
stim_treatment,2473,798
stim_treatment,1830,823
stim_treatment,887,450
stim_treatment,2172,801
stim_treatment,1231,568
stim_treatment,2999,720
stim_treatment,710,364
stim_treatment,4565,1438
stim_treatment,3527,924
stim_treatment,1794,632
stim_treatment,1734,683
stim_treatment,869,342
stim_treatment,3492,1088
stim_treatment,1159,482
stim_treatment,2716,845
stim_treatment,1650,742
stim_treatment,1244,432
stim_treatment,940,453
stim_treatment,1285,476
stim_treatment,2674,896
stim_treatment,5013,1232
stim_treatment,1424,661
stim_treatment,838,422
stim_treatment,1841,690
stim_treatment,646,306
stim_treatment,3436,916
stim_treatment,1436,562
stim_treatment,5069,1312
stim_treatment,2238,616
stim_treatment,2764,1007
stim_treatment,4692,1247
stim_treatment,1309,542
stim_treatment,963,380
stim_treatment,1264,502
stim_treatment,441,226
stim_treatment,1454,542
stim_treatment,1397,553
stim_treatment,3008,1022
stim_treatment,1805,742
stim_treatment,1063,495
stim_treatment,3964,1080
stim_treatment,963,382
stim_treatment,3912,1036
stim_treatment,1637,524
stim_treatment,1392,555
stim_treatment,2539,822
stim_treatment,1170,412
stim_treatment,4182,816
stim_treatment,1761,543
stim_treatment,1236,388
stim_treatment,1023,468
stim_treatment,1107,439
stim_treatment,1366,543
stim_treatment,1481,610
stim_treatment,888,422
stim_treatment,1188,581
stim_treatment,1697,683
stim_treatment,1035,490
stim_treatment,781,392
stim_treatment,682,328
stim_treatment,1061,526
stim_treatment,3781,961
stim_treatment,1319,456
stim_treatment,572,293
stim_treatment,2652,923
stim_treatment,1126,654
stim_treatment,1083,470
stim_treatment,291,140
stim_treatment,514,284
stim_treatment,1482,784
stim_treatment,3619,792
stim_treatment,2750,808
stim_treatment,253,112
stim_treatment,1684,541
stim_treatment,2008,777
stim_treatment,1598,578
stim_treatment,1212,619
stim_treatment,626,296
stim_treatment,1362,582
stim_treatment,1298,458
stim_treatment,1382,527
stim_treatment,1550,699
stim_treatment,3987,915
stim_treatment,856,430
stim_treatment,957,454
stim_treatment,1800,659
stim_treatment,1192,418
stim_treatment,1517,593
stim_treatment,795,451
stim_treatment,472,262
stim_treatment,1195,462
stim_treatment,877,428
stim_treatment,723,319
stim_treatment,4610,1116
stim_treatment,2567,796
stim_treatment,1048,437
stim_treatment,1574,593
stim_treatment,1157,484
stim_treatment,699,327
stim_treatment,937,458
stim_treatment,1712,554
stim_treatment,3598,978
stim_treatment,1491,544
stim_treatment,1835,664
stim_treatment,1013,636
stim_treatment,1996,604
stim_treatment,1159,492
stim_treatment,2008,739
stim_treatment,935,476
stim_treatment,228,100
stim_treatment,1482,589
stim_treatment,796,393
stim_treatment,1550,598
stim_treatment,1542,680
stim_treatment,2423,863
stim_treatment,1310,484
stim_treatment,1250,577
stim_treatment,2551,797
stim_treatment,1260,544
stim_treatment,2711,880
stim_treatment,3500,1194
stim_treatment,936,435
stim_treatment,3648,936
stim_treatment,1726,579
stim_treatment,2706,963
stim_treatment,590,304
stim_treatment,1558,641
stim_treatment,265,135
stim_treatment,1107,424
stim_treatment,1348,512
stim_treatment,2709,918
stim_treatment,1257,479
stim_treatment,930,457
stim_treatment,3575,793
stim_treatment,232,130
stim_treatment,1010,473
stim_treatment,862,421
stim_treatment,1408,509
stim_treatment,4325,1072
stim_treatment,2383,556
stim_treatment,390,199
stim_treatment,2582,685
stim_treatment,1155,505
stim_treatment,4503,1038
stim_treatment,2054,828
stim_treatment,625,395
stim_treatment,2666,693
stim_treatment,1479,497
stim_treatment,1198,516
stim_treatment,2908,900
stim_treatment,2718,757
stim_treatment,2829,785
stim_treatment,1376,545
stim_treatment,1456,632
stim_treatment,4636,1339
stim_treatment,1193,510
stim_treatment,404,228
stim_treatment,1569,533
stim_treatment,1831,765
stim_treatment,2009,612
stim_treatment,903,356
stim_treatment,1332,564
stim_treatment,4557,1432
stim_treatment,1329,523
stim_treatment,724,404
stim_treatment,2130,649
stim_treatment,1235,527
stim_treatment,569,265
stim_treatment,2110,774
stim_treatment,2007,720
stim_treatment,1082,436
stim_treatment,1209,447
stim_treatment,972,271
stim_treatment,1289,624
stim_treatment,996,476
stim_treatment,1141,487
stim_treatment,910,478
stim_treatment,2763,997
stim_treatment,1512,500
stim_treatment,520,169
stim_treatment,532,352
stim_treatment,230,150
stim_treatment,1136,419
stim_treatment,1702,602
stim_treatment,1515,594
stim_treatment,1086,477
stim_treatment,3124,1103
stim_treatment,644,309
stim_treatment,477,293
stim_treatment,1233,566
stim_treatment,965,410
stim_treatment,1741,533
stim_treatment,969,432
stim_treatment,786,397
stim_treatment,1111,430
stim_treatment,2428,692
stim_treatment,2201,893
stim_treatment,1690,748
stim_treatment,1119,455
stim_treatment,1435,675
stim_treatment,339,226
stim_treatment,1058,545
stim_treatment,1621,571
stim_treatment,3004,745
stim_treatment,1471,707
stim_treatment,876,454
stim_treatment,1468,562
stim_treatment,798,405
stim_treatment,676,296
stim_treatment,4724,1248
stim_treatment,913,409
stim_treatment,2760,808
stim_treatment,838,415
stim_treatment,219,112
stim_treatment,5048,1045
stim_treatment,1116,425
stim_treatment,1395,497
stim_treatment,5359,1489
stim_treatment,2850,751
stim_treatment,2745,737
stim_treatment,3306,821
stim_treatment,1585,645
stim_treatment,714,359
stim_treatment,5828,1575
stim_treatment,2173,877
stim_treatment,1231,645
stim_treatment,868,441
stim_treatment,1241,571
stim_treatment,1062,676
stim_treatment,1238,509
stim_treatment,1084,459
stim_treatment,1816,773
stim_treatment,1347,527
stim_treatment,1683,507
stim_treatment,675,259
stim_treatment,829,402
stim_treatment,966,465
stim_treatment,1254,574
stim_treatment,1143,482
stim_treatment,636,245
stim_treatment,667,346
stim_treatment,1055,547
stim_treatment,2388,815
stim_treatment,1020,447
stim_treatment,1032,448
stim_treatment,1250,517
stim_treatment,3125,874
stim_treatment,1473,624
stim_treatment,833,455
stim_treatment,1130,541
stim_treatment,1576,599
stim_treatment,1576,629
stim_treatment,825,430
stim_treatment,2777,938
stim_treatment,4317,897
stim_treatment,877,388
stim_treatment,181,145
stim_treatment,1326,505
stim_treatment,1949,744
stim_treatment,1525,484
stim_treatment,2361,630
stim_treatment,2188,660
stim_treatment,1184,413
stim_treatment,804,410
stim_treatment,1049,470
stim_treatment,1697,630
stim_treatment,732,267
stim_treatment,298,181
stim_treatment,1005,344
stim_treatment,1407,549
stim_treatment,1507,541
stim_treatment,1818,623
stim_treatment,1639,577
stim_treatment,433,245
stim_treatment,1479,534
stim_treatment,3053,883
stim_treatment,1703,498
stim_treatment,4697,1022
stim_treatment,1269,523
stim_treatment,934,497
stim_treatment,1157,492
stim_treatment,1175,445
stim_treatment,3474,722
stim_treatment,1879,658
stim_treatment,483,302
stim_treatment,4503,1068
stim_treatment,4335,1288
stim_treatment,162,111
stim_treatment,1420,544
stim_treatment,728,435
stim_treatment,1156,523
stim_treatment,1137,700
stim_treatment,1537,569
stim_treatment,1761,660
stim_treatment,1596,579
stim_treatment,1360,624
stim_treatment,1073,507
stim_treatment,1362,512
stim_treatment,3281,876
stim_treatment,2268,739
stim_treatment,7638,1982
stim_treatment,1154,531
stim_treatment,2914,799
stim_treatment,3396,1242
stim_treatment,1116,460
stim_treatment,1246,508
stim_treatment,4289,1442
stim_treatment,2183,712
stim_treatment,1321,444
stim_treatment,1245,524
stim_treatment,1240,524
stim_treatment,1371,538
stim_treatment,1104,455
stim_treatment,1613,502
stim_treatment,1046,440
stim_treatment,1117,488
stim_treatment,988,400
stim_treatment,333,155
stim_treatment,557,284
stim_treatment,4008,1093
stim_treatment,3901,1112
stim_treatment,401,253
stim_treatment,774,281
stim_treatment,6052,1584
stim_treatment,160,117
stim_treatment,1535,556
stim_treatment,1061,576
stim_treatment,1271,600
stim_treatment,732,307
stim_treatment,3706,909
stim_treatment,1514,538
stim_treatment,898,436
stim_treatment,975,423
stim_treatment,2740,901
stim_treatment,1306,452
stim_treatment,934,502
stim_treatment,1761,760
stim_treatment,1080,554
stim_treatment,2142,788
stim_treatment,3213,813
stim_treatment,1527,609
stim_treatment,1025,514
stim_treatment,1738,636
stim_treatment,1130,527
stim_treatment,2986,830
stim_treatment,1213,374
stim_treatment,1138,615
stim_treatment,855,511
stim_treatment,6285,1707
stim_treatment,882,404
stim_treatment,2017,771
stim_treatment,1579,501
stim_treatment,641,314
stim_treatment,1021,508
stim_treatment,1195,487
stim_treatment,2813,857
stim_treatment,893,358
stim_treatment,1120,457
stim_treatment,1634,748
stim_treatment,1581,740
stim_treatment,850,390
stim_treatment,1230,574
stim_treatment,1687,784
stim_treatment,1228,573
stim_treatment,1794,741
stim_treatment,1800,678
stim_treatment,1772,522
stim_treatment,2823,900
stim_treatment,1694,591
stim_treatment,1051,423
stim_treatment,3324,1179
stim_treatment,1478,575
stim_treatment,1515,512
stim_treatment,788,384
stim_treatment,1696,661
stim_treatment,1528,540
stim_treatment,2865,968
stim_treatment,692,441
stim_treatment,7186,1646
stim_treatment,1586,609
stim_treatment,1441,624
stim_treatment,1551,513
stim_treatment,1295,527
stim_treatment,1152,524
stim_treatment,2509,707
stim_treatment,1226,504
stim_treatment,2016,652
stim_treatment,1164,455
stim_treatment,1097,487
stim_treatment,570,328
stim_treatment,1109,561
stim_treatment,1044,426
stim_treatment,1045,452
stim_treatment,684,398
stim_treatment,2415,960
stim_treatment,3061,947
stim_treatment,558,352
stim_treatment,5539,1436
stim_treatment,1359,751
stim_treatment,870,441
stim_treatment,675,343
stim_treatment,1507,459
stim_treatment,264,138
stim_treatment,2348,671
stim_treatment,734,369
stim_treatment,1648,670
stim_treatment,1167,591
stim_treatment,2664,704
stim_treatment,887,480
stim_treatment,1399,495
stim_treatment,936,416
stim_treatment,675,354
stim_treatment,723,357
stim_treatment,3940,929
stim_treatment,824,437
stim_treatment,888,386
stim_treatment,2803,969
stim_treatment,1224,619
stim_treatment,1866,649
stim_treatment,1605,591
stim_treatment,1336,503
stim_treatment,2969,674
stim_treatment,144,113
stim_treatment,5387,1617
stim_treatment,1697,690
stim_treatment,997,367
stim_treatment,824,447
stim_treatment,1886,581
stim_treatment,3432,941
stim_treatment,3175,788
stim_treatment,1579,692
stim_treatment,568,296
stim_treatment,672,362
stim_treatment,2469,911
stim_treatment,674,238
stim_treatment,1966,628
stim_treatment,1149,514
stim_treatment,1255,521
stim_treatment,964,423
stim_treatment,1098,494
stim_treatment,1364,559
stim_treatment,1361,534
stim_treatment,1807,505
stim_treatment,842,398
stim_treatment,1323,527
stim_treatment,981,447
stim_treatment,2256,704
stim_treatment,2696,830
stim_treatment,1712,559
stim_treatment,4104,1032
stim_treatment,1008,487
stim_treatment,1220,485
stim_treatment,3892,1012
stim_treatment,1514,566
stim_treatment,1376,546
stim_treatment,3925,969
stim_treatment,1281,622
stim_treatment,1340,506
stim_treatment,3264,107
stim_treatment,676,423
stim_treatment,2558,910
stim_treatment,385,188
stim_treatment,3358,933
stim_treatment,3275,762
stim_treatment,1875,739
stim_treatment,1748,497
stim_treatment,1005,433
stim_treatment,839,418
stim_treatment,2901,1093
stim_treatment,3820,892
stim_treatment,425,203
stim_treatment,1560,491
stim_treatment,950,495
stim_treatment,3362,1070
stim_treatment,1129,520
stim_treatment,927,443
stim_treatment,1242,463
stim_treatment,1242,479
stim_treatment,883,420
stim_treatment,1467,660
stim_treatment,1561,580
stim_treatment,876,417
stim_treatment,1218,549
stim_treatment,821,341
stim_treatment,1160,511
stim_treatment,1782,792
stim_treatment,1833,850
stim_treatment,1086,479
stim_treatment,487,291
stim_treatment,1275,553
stim_treatment,4022,1185
stim_treatment,994,508
stim_treatment,3256,1048
stim_treatment,938,417
stim_treatment,1473,588
stim_treatment,2299,729
stim_treatment,379,222
stim_treatment,1884,563
stim_treatment,1025,428
stim_treatment,2996,940
stim_treatment,190,118
stim_treatment,3535,1002
stim_treatment,191,130
stim_treatment,1028,498
stim_treatment,2564,866
stim_treatment,1646,560
stim_treatment,1037,385
stim_treatment,198,119
stim_treatment,1368,512
stim_treatment,1065,460
stim_treatment,1004,525
stim_treatment,1270,457
stim_treatment,2844,786
stim_treatment,1318,512
stim_treatment,1454,580
stim_treatment,243,117
stim_treatment,1337,612
stim_treatment,1644,551
stim_treatment,2353,755
stim_treatment,1130,540
stim_treatment,978,460
stim_treatment,1712,789
stim_treatment,3947,1003
stim_treatment,1658,586
stim_treatment,1199,463
stim_treatment,808,408
stim_treatment,738,252
stim_treatment,3336,836
stim_treatment,1243,618
stim_treatment,881,412
stim_treatment,2026,599
stim_treatment,750,466
stim_treatment,1031,422
stim_treatment,1806,670
stim_treatment,1269,551
stim_treatment,2604,982
stim_treatment,2495,1001
stim_treatment,766,431
stim_treatment,812,361
stim_treatment,368,143
stim_treatment,917,471
stim_treatment,1079,513
stim_treatment,4459,909
stim_treatment,1047,388
stim_treatment,1416,596
stim_treatment,2897,890
stim_treatment,1672,573
stim_treatment,797,326
stim_treatment,3143,762
stim_treatment,336,193
stim_treatment,197,128
stim_treatment,1894,899
stim_treatment,932,446
stim_treatment,1675,631
stim_treatment,3408,1230
stim_treatment,1588,591
stim_treatment,2728,883
stim_treatment,1061,478
stim_treatment,1244,481
stim_treatment,2191,907
stim_treatment,656,299
stim_treatment,1616,711
stim_treatment,1217,560
stim_treatment,825,399
stim_treatment,295,130
stim_treatment,811,384
stim_treatment,958,440
stim_treatment,3806,1083
stim_treatment,2112,571
stim_treatment,2492,899
stim_treatment,450,175
stim_treatment,1099,462
stim_treatment,1765,768
stim_treatment,1660,689
stim_treatment,1749,619
stim_treatment,1618,824
stim_treatment,2014,530
stim_treatment,1094,573
stim_treatment,3263,1211
stim_treatment,1903,682
stim_treatment,3796,1114
stim_treatment,5815,1181
stim_treatment,1407,706
stim_treatment,1760,725
stim_treatment,1390,534
stim_treatment,1012,401
stim_treatment,1185,553
stim_treatment,1098,639
stim_treatment,1816,631
stim_treatment,1115,497
stim_treatment,1151,573
stim_treatment,1321,578
stim_treatment,1535,514
stim_treatment,981,478
stim_treatment,1028,523
stim_treatment,1554,704
stim_treatment,2584,827
stim_treatment,1500,613
stim_treatment,1020,479
stim_treatment,491,254
stim_treatment,2553,700
stim_treatment,1622,608
stim_treatment,611,303
stim_treatment,1018,491
stim_treatment,603,338
stim_treatment,132,106
stim_treatment,2654,1029
stim_treatment,1373,456
stim_treatment,1257,549
stim_treatment,3935,952
stim_treatment,1969,638
stim_treatment,1512,529
stim_treatment,2932,824
stim_treatment,1155,456
stim_treatment,1618,602
stim_treatment,939,415
stim_treatment,3706,835
stim_treatment,4044,920
stim_treatment,469,253
stim_treatment,1969,584
stim_treatment,1197,552
stim_treatment,3565,720
stim_treatment,683,392
stim_treatment,2111,720
stim_treatment,1346,512
stim_treatment,1541,467
stim_treatment,1121,486
stim_treatment,2363,756
stim_treatment,2060,758
stim_treatment,855,422
stim_treatment,1031,465
stim_treatment,2352,857
stim_treatment,1644,644
stim_treatment,3317,890
stim_treatment,2076,894
stim_treatment,948,467
stim_treatment,1358,578
stim_treatment,2917,1206
stim_treatment,768,318
stim_treatment,2586,663
stim_treatment,1205,667
stim_treatment,1148,406
stim_treatment,1241,558
stim_treatment,1362,557
stim_treatment,1475,504
stim_treatment,1867,578
stim_treatment,2197,649
stim_treatment,1404,611
stim_treatment,1677,554
stim_treatment,1730,650
stim_treatment,1183,456
stim_treatment,1181,557
stim_treatment,1111,534
stim_treatment,3353,965
stim_treatment,1432,559
stim_treatment,1052,470
stim_treatment,1202,494
stim_treatment,1213,542
stim_treatment,1433,589
stim_treatment,495,306
stim_treatment,3593,930
stim_treatment,927,456
stim_treatment,1095,475
stim_treatment,1706,544
stim_treatment,2530,844
stim_treatment,1197,495
stim_treatment,1690,693
stim_treatment,340,230
stim_treatment,581,264
stim_treatment,3140,949
stim_treatment,787,401
stim_treatment,3946,1016
stim_treatment,3698,451
stim_treatment,787,455
stim_treatment,869,446
stim_treatment,4710,1258
stim_treatment,637,247
stim_treatment,799,414
stim_treatment,167,108
stim_treatment,1815,902
stim_treatment,1524,564
stim_treatment,1228,529
stim_treatment,1147,537
stim_treatment,653,340
stim_treatment,1388,627
stim_treatment,1958,693
stim_treatment,718,333
stim_treatment,2116,651
stim_treatment,1086,548
stim_treatment,1247,463
stim_treatment,1217,507
stim_treatment,1157,486
stim_treatment,3348,906
stim_treatment,3445,1019
stim_treatment,2957,903
stim_treatment,1437,527
stim_treatment,1054,436
stim_treatment,1351,541
stim_treatment,1569,546
stim_treatment,3502,808
stim_treatment,2151,648
stim_treatment,3682,882
stim_treatment,2842,998
stim_treatment,1332,443
stim_treatment,1442,568
stim_treatment,3642,790
stim_treatment,1170,408
stim_treatment,3369,964
stim_treatment,2281,750
stim_treatment,1170,455
stim_treatment,961,462
stim_treatment,3545,1171
stim_treatment,990,486
stim_treatment,1798,677
stim_treatment,877,413
stim_treatment,997,481
stim_treatment,849,440
stim_treatment,989,337
stim_treatment,1496,566
stim_treatment,4392,1131
stim_treatment,3677,1022
stim_treatment,1322,548
stim_treatment,4759,1292
stim_treatment,3146,786
stim_treatment,1518,584
stim_treatment,841,394
stim_treatment,1504,769
stim_treatment,4357,1012
stim_treatment,1753,669
stim_treatment,1053,447
stim_treatment,1471,575
stim_treatment,3309,890
stim_treatment,2226,709
stim_treatment,1046,523
stim_treatment,944,475
stim_treatment,409,240
stim_treatment,1468,542
stim_treatment,3114,653
stim_treatment,1566,571
stim_treatment,1545,633
stim_treatment,3138,966
stim_treatment,1716,787
stim_treatment,536,267
stim_treatment,2021,701
stim_treatment,1370,572
stim_treatment,1284,558
stim_treatment,1744,698
stim_treatment,1560,551
stim_treatment,3420,1018
stim_treatment,1839,640
stim_treatment,1332,538
stim_treatment,704,383
stim_treatment,862,449
stim_treatment,3017,1086
stim_treatment,1247,530
stim_treatment,3116,903
stim_treatment,1871,801
stim_treatment,814,393
stim_treatment,2448,884
stim_treatment,1744,802
stim_treatment,1404,527
stim_treatment,1397,625
stim_treatment,1320,579
stim_treatment,1571,571
stim_treatment,1799,628
stim_treatment,772,407
stim_treatment,4300,1352
stim_treatment,1319,362
stim_treatment,1200,439
stim_treatment,988,426
stim_treatment,1216,524
stim_treatment,1455,624
stim_treatment,1164,546
stim_treatment,1389,672
stim_treatment,1386,518
stim_treatment,1815,528
stim_treatment,2587,842
stim_treatment,1432,537
stim_treatment,1552,644
stim_treatment,469,231
stim_treatment,2492,849
stim_treatment,5994,1394
stim_treatment,175,114
stim_treatment,1675,575
stim_treatment,1676,597
stim_treatment,746,320
stim_treatment,989,476
stim_treatment,1641,566
stim_treatment,1559,599
stim_treatment,2484,767
stim_treatment,1098,502
stim_treatment,2921,615
stim_treatment,1073,558
stim_treatment,1513,688
stim_treatment,592,307
stim_treatment,2063,567
stim_treatment,803,421
stim_treatment,965,421
stim_treatment,3415,1016
stim_treatment,829,452
stim_treatment,1653,583
stim_treatment,1001,431
stim_treatment,1844,602
stim_treatment,1362,633
stim_treatment,535,246
stim_treatment,922,450
stim_treatment,1112,466
stim_treatment,1465,529
stim_treatment,1386,643
stim_treatment,2380,837
stim_treatment,1175,396
stim_treatment,729,369
stim_treatment,950,517
stim_treatment,1072,506
stim_treatment,2213,915
stim_treatment,981,370
stim_treatment,1530,531
stim_treatment,1077,463
stim_treatment,1142,562
stim_treatment,457,213
stim_treatment,1152,514
stim_treatment,1000,412
stim_treatment,1311,504
stim_treatment,1667,587
stim_treatment,2269,707
stim_treatment,4089,1002
stim_treatment,1572,542
stim_treatment,1321,570
stim_treatment,1395,519
stim_treatment,886,421
stim_treatment,952,467
stim_treatment,1547,414
stim_treatment,5128,1275
stim_treatment,785,483
stim_treatment,2201,958
stim_treatment,5851,1441
stim_treatment,1360,472
stim_treatment,1612,542
stim_treatment,2647,1008
stim_treatment,2376,760
stim_treatment,1594,710
stim_treatment,528,298
stim_treatment,1245,473
stim_treatment,873,455
stim_treatment,3737,965
stim_treatment,1779,582
stim_treatment,944,449
stim_treatment,1014,544
stim_treatment,1518,502
stim_treatment,3207,883
stim_treatment,484,289
stim_treatment,406,242
stim_treatment,1139,486
stim_treatment,1613,565
stim_treatment,1887,712
stim_treatment,1553,533
stim_treatment,1072,486
stim_treatment,1124,426
stim_treatment,1746,600
stim_treatment,1655,552
stim_treatment,1368,558
stim_treatment,1400,733
stim_treatment,333,191
stim_treatment,1354,509
stim_treatment,1747,666
stim_treatment,616,374
stim_treatment,1855,713
stim_treatment,1930,699
stim_treatment,1105,524
stim_treatment,1014,361
stim_treatment,1189,552
stim_treatment,1233,447
stim_treatment,627,340
stim_treatment,1400,502
stim_treatment,2123,659
stim_treatment,1190,579
stim_treatment,3473,1083
stim_treatment,812,442
stim_treatment,1086,507
stim_treatment,3612,1173
stim_treatment,2001,690
stim_treatment,1285,598
stim_treatment,2411,971
stim_treatment,1016,404
stim_treatment,1127,443
stim_treatment,1097,463
stim_treatment,600,317
stim_treatment,3187,761
stim_treatment,3685,939
stim_treatment,716,432
stim_treatment,180,104
stim_treatment,1317,440
stim_treatment,949,415
stim_treatment,1259,486
stim_treatment,3634,902
stim_treatment,3201,817
stim_treatment,2505,683
stim_treatment,1133,421
stim_treatment,1445,535
stim_treatment,1112,514
stim_treatment,860,355
stim_treatment,3641,863
stim_treatment,896,401
stim_treatment,1854,586
stim_treatment,2515,582
stim_treatment,3539,937
stim_treatment,2554,1086
stim_treatment,2551,913
stim_treatment,2201,941
stim_treatment,1235,568
stim_treatment,1282,536
stim_treatment,1987,671
stim_treatment,1619,610
stim_treatment,419,256
stim_treatment,2912,828
stim_treatment,207,112
stim_treatment,948,472
stim_treatment,1111,457
stim_treatment,2811,740
stim_treatment,1193,507
stim_treatment,2501,736
stim_treatment,1890,858
stim_treatment,1513,532
stim_treatment,1647,721
stim_treatment,2284,824
stim_treatment,1045,497
stim_treatment,1403,596
stim_treatment,1016,423
stim_treatment,1574,696
stim_treatment,1013,407
stim_treatment,927,435
stim_treatment,1180,602
stim_treatment,700,338
stim_treatment,990,320
stim_treatment,1068,523
stim_treatment,1191,491
stim_treatment,566,310
stim_treatment,1157,567
stim_treatment,623,354
stim_treatment,1324,484
stim_treatment,749,436
stim_treatment,1722,623
stim_treatment,291,188
stim_treatment,1319,579
stim_treatment,1685,497
stim_treatment,1514,605
stim_treatment,3537,1316
stim_treatment,1371,563
stim_treatment,853,336
stim_treatment,1518,584
stim_treatment,354,229
stim_treatment,1945,607
stim_treatment,5000,1333
stim_treatment,506,123
stim_treatment,3146,891
stim_treatment,1376,416
stim_treatment,1506,552
stim_treatment,1311,535
stim_treatment,1288,506
stim_treatment,597,349
stim_treatment,1165,575
stim_treatment,2546,820
stim_treatment,1278,489
stim_treatment,1646,527
stim_treatment,1624,694
stim_treatment,503,237
stim_treatment,1955,667
stim_treatment,1217,394
stim_treatment,2175,626
stim_treatment,1378,592
stim_treatment,1372,573
stim_treatment,2680,919
stim_treatment,1008,386
stim_treatment,1122,481
stim_treatment,1155,492
stim_treatment,2466,753
stim_treatment,1167,633
stim_treatment,3193,1112
stim_treatment,470,285
stim_treatment,2491,659
stim_treatment,1190,544
stim_treatment,1164,665
stim_treatment,3104,1088
stim_treatment,967,483
stim_treatment,2233,816
stim_treatment,1091,504
stim_treatment,1087,512
stim_treatment,1337,464
stim_treatment,867,409
stim_treatment,2431,911
stim_treatment,2485,938
stim_treatment,1679,608
stim_treatment,1438,621
stim_treatment,1272,546
stim_treatment,1287,519
stim_treatment,1385,652
stim_treatment,3323,918
stim_treatment,988,360
stim_treatment,1423,623
stim_treatment,2767,803
stim_treatment,774,408
stim_treatment,1801,583
stim_treatment,1199,587
stim_treatment,863,397
stim_treatment,1002,461
stim_treatment,702,438
stim_treatment,2196,710
stim_treatment,901,521
stim_treatment,3352,1131
stim_treatment,256,159
stim_treatment,841,371
stim_treatment,1398,728
stim_treatment,1721,647
stim_treatment,831,409
stim_treatment,2095,726
stim_treatment,1445,568
stim_treatment,1332,539
stim_treatment,1622,600
stim_treatment,1307,494
stim_treatment,1270,454
stim_treatment,2778,754
stim_treatment,518,258
stim_treatment,1714,688
stim_treatment,1202,394
stim_treatment,2357,713
stim_treatment,3007,840
stim_treatment,861,402
stim_treatment,1933,498
stim_treatment,1085,304
stim_treatment,2118,848
stim_treatment,1177,482
stim_treatment,1519,592
stim_treatment,1539,673
stim_treatment,1253,550
stim_treatment,1915,568
stim_treatment,1135,427
stim_treatment,5011,1165
stim_treatment,1412,572
stim_treatment,1199,540
stim_treatment,2012,746
stim_treatment,1324,485
stim_treatment,1097,519
stim_treatment,1786,623
stim_treatment,788,277
stim_treatment,1730,605
stim_treatment,469,268
stim_treatment,1658,594
stim_treatment,582,271
stim_treatment,927,415
stim_treatment,1386,554
stim_treatment,3942,1153
stim_treatment,1549,551
stim_treatment,2474,844
stim_treatment,1863,566
stim_treatment,1576,517
stim_treatment,1459,612
stim_treatment,2292,640
stim_treatment,7202,1741
stim_treatment,768,348
stim_treatment,1563,611
stim_treatment,822,362
stim_treatment,1294,372
stim_treatment,5287,1234
stim_treatment,1963,629
stim_treatment,863,424
stim_treatment,1552,493
stim_treatment,3246,1051
stim_treatment,1288,508
stim_treatment,1824,598
stim_treatment,1913,542
stim_treatment,1827,631
stim_treatment,1577,779
stim_treatment,851,426
stim_treatment,696,353
stim_treatment,812,426
stim_treatment,639,327
stim_treatment,850,429
stim_treatment,2019,683
stim_treatment,813,308
stim_treatment,953,442
stim_treatment,2828,721
stim_treatment,1008,481
stim_treatment,2666,924
stim_treatment,2679,711
stim_treatment,1243,520
stim_treatment,1051,441
stim_treatment,1239,582
stim_treatment,185,101
stim_treatment,1192,512
stim_treatment,1030,480
stim_treatment,2107,737
stim_treatment,2364,761
stim_treatment,2839,1131
stim_treatment,2604,776
stim_treatment,3499,840
stim_treatment,302,165
stim_treatment,2054,756
stim_treatment,2729,841
stim_treatment,291,111
stim_treatment,3078,1275
stim_treatment,854,433
stim_treatment,1029,433
stim_treatment,1526,514
stim_treatment,1098,473
stim_treatment,1028,495
stim_treatment,947,381
stim_treatment,1762,668
stim_treatment,2494,685
stim_treatment,876,429
stim_treatment,1448,496
stim_treatment,1681,604
stim_treatment,840,433
stim_treatment,3059,979
stim_treatment,1649,658
stim_treatment,1435,574
stim_treatment,3159,1202
stim_treatment,242,169
stim_treatment,4240,1136
stim_treatment,2654,718
stim_treatment,1140,555
stim_treatment,2170,761
stim_treatment,3128,861
stim_treatment,2052,687
stim_treatment,1767,652
stim_treatment,1135,451
stim_treatment,2009,653
stim_treatment,3809,898
stim_treatment,1408,659
stim_treatment,942,425
stim_treatment,1726,558
stim_treatment,1903,662
stim_treatment,429,207
stim_treatment,2144,915
stim_treatment,4066,1112
stim_treatment,1644,581
stim_treatment,1147,404
stim_treatment,1095,542
stim_treatment,1214,458
stim_treatment,669,301
stim_treatment,4537,1209
stim_treatment,3048,892
stim_treatment,1636,636
stim_treatment,2505,677
stim_treatment,3037,717
stim_treatment,2587,664
stim_treatment,2824,890
stim_treatment,1072,494
stim_treatment,1203,488
stim_treatment,1469,706
stim_treatment,1002,518
stim_treatment,1120,445
stim_treatment,2854,1058
stim_treatment,563,287
stim_treatment,3417,915
stim_treatment,901,546
stim_treatment,1763,814
stim_treatment,2466,739
stim_treatment,740,279
stim_treatment,1042,531
stim_treatment,917,430
stim_treatment,1273,558
stim_treatment,2360,945
stim_treatment,1287,539
stim_treatment,538,345
stim_treatment,1330,434
stim_treatment,2001,778
stim_treatment,624,349
stim_treatment,2827,793
stim_treatment,4299,970
stim_treatment,1877,724
stim_treatment,3535,1113
stim_treatment,3081,1127
stim_treatment,3665,1137
stim_treatment,1469,547
stim_treatment,2518,1069
stim_treatment,1297,591
stim_treatment,926,434
stim_treatment,597,274
stim_treatment,1339,507
stim_treatment,1151,621
stim_treatment,889,512
stim_treatment,2886,928
stim_treatment,3818,804
stim_treatment,1368,582
stim_treatment,2987,970
stim_treatment,541,358
stim_treatment,1995,615
stim_treatment,1460,550
stim_treatment,1412,499
stim_treatment,1435,534
stim_treatment,1325,495
stim_treatment,6074,1536
stim_treatment,3684,957
stim_treatment,2164,767
stim_treatment,3109,1016
stim_treatment,1174,402
stim_treatment,691,323
stim_treatment,632,333
stim_treatment,811,331
stim_treatment,499,317
stim_treatment,1501,583
stim_treatment,879,476
stim_treatment,1532,587
stim_treatment,3397,720
stim_treatment,1000,366
stim_treatment,1327,626
stim_treatment,2016,774
stim_treatment,827,360
stim_treatment,1605,572
stim_treatment,1567,680
stim_treatment,3026,959
stim_treatment,1153,393
stim_treatment,3120,917
stim_treatment,3541,964
stim_treatment,587,312
stim_treatment,733,400
stim_treatment,2949,1018
stim_treatment,870,396
stim_treatment,1296,707
stim_treatment,1353,605
stim_treatment,975,483
stim_treatment,2313,922
stim_treatment,1803,590
stim_treatment,3161,864
stim_treatment,1358,591
stim_treatment,644,321
stim_treatment,876,426
stim_treatment,1254,535
stim_treatment,956,377
stim_treatment,2172,772
stim_treatment,812,333
stim_treatment,3381,841
stim_treatment,583,330
stim_treatment,1904,743
stim_treatment,1535,610
stim_treatment,1807,690
stim_treatment,1296,552
stim_treatment,1404,578
stim_treatment,2124,648
stim_treatment,1564,482
stim_treatment,1038,456
stim_treatment,1123,533
stim_treatment,1168,521
stim_treatment,2108,712
stim_treatment,831,398
stim_treatment,1523,531
stim_treatment,908,520
stim_treatment,1038,457
stim_treatment,2522,829
stim_treatment,171,101
stim_treatment,5611,1228
stim_treatment,2287,733
stim_treatment,2254,649
stim_treatment,1117,533
stim_treatment,1225,452
stim_treatment,496,279
stim_treatment,1964,699
stim_treatment,649,292
stim_treatment,1450,496
stim_treatment,1506,585
stim_treatment,1158,507
stim_treatment,1756,768
stim_treatment,2442,794
stim_treatment,1336,571
stim_treatment,1904,501
stim_treatment,3110,925
stim_treatment,1111,533
stim_treatment,4258,716
stim_treatment,1745,504
stim_treatment,1032,438
stim_treatment,2541,693
stim_treatment,1363,539
stim_treatment,949,427
stim_treatment,1882,568
stim_treatment,668,337
stim_treatment,1125,483
stim_treatment,1632,597
stim_treatment,1583,626
stim_treatment,1486,567
stim_treatment,233,164
stim_treatment,2836,776
stim_treatment,1418,584
stim_treatment,3755,1228
stim_treatment,3440,850
stim_treatment,546,305
stim_treatment,2998,920
stim_treatment,1121,480
stim_treatment,1870,569
stim_treatment,631,308
stim_treatment,822,405
stim_treatment,2296,843
stim_treatment,1784,641
stim_treatment,1418,620
stim_treatment,1484,684
stim_treatment,1177,479
stim_treatment,1268,531
stim_treatment,1497,568
stim_treatment,708,327
stim_treatment,1123,500
stim_treatment,443,246
stim_treatment,1312,500
stim_treatment,1410,626
stim_treatment,3993,1029
stim_treatment,5010,1074
stim_treatment,2747,767
stim_treatment,1528,563
stim_treatment,1043,437
stim_treatment,2620,718
stim_treatment,1323,539
stim_treatment,929,380
stim_treatment,478,280
stim_treatment,2562,826
stim_treatment,1830,561
stim_treatment,1379,519
stim_treatment,1319,503
stim_treatment,2428,720
stim_treatment,2782,838
stim_treatment,1157,529
stim_treatment,2259,784
stim_treatment,919,501
stim_treatment,2268,703
stim_treatment,958,411
stim_treatment,1849,584
stim_treatment,4988,1215
stim_treatment,1078,456
stim_treatment,3072,1085
stim_treatment,1142,546
stim_treatment,970,502
stim_treatment,3610,1119
stim_treatment,1688,588
stim_treatment,1422,499
stim_treatment,2742,677
stim_treatment,4553,1139
stim_treatment,1137,504
stim_treatment,129,103
stim_treatment,3236,978
stim_treatment,1238,511
stim_treatment,1169,537
stim_treatment,216,109
stim_treatment,1717,605
stim_treatment,1033,400
stim_treatment,978,507
stim_treatment,1301,522
stim_treatment,1161,482
stim_treatment,499,327
stim_treatment,2901,834
stim_treatment,883,374
stim_treatment,1178,537
stim_treatment,1418,482
stim_treatment,642,261
stim_treatment,1548,771
stim_treatment,1789,629
stim_treatment,1706,572
stim_treatment,908,444
stim_treatment,686,322
stim_treatment,3548,734
stim_treatment,2494,578
stim_treatment,1583,524
stim_treatment,3313,1153
stim_treatment,1348,638
stim_treatment,4126,1180
stim_treatment,544,244
stim_treatment,1309,539
stim_treatment,646,315
stim_treatment,1722,588
stim_treatment,3169,825
stim_treatment,1736,706
stim_treatment,420,256
stim_treatment,1623,582
stim_treatment,1291,566
stim_treatment,2911,788
stim_treatment,181,115
stim_treatment,4996,1252
stim_treatment,1011,434
stim_treatment,1858,560
stim_treatment,949,451
stim_treatment,2141,906
stim_treatment,884,421
stim_treatment,1107,526
stim_treatment,2144,757
stim_treatment,759,369
stim_treatment,1199,470
stim_treatment,1296,533
stim_treatment,1241,505
stim_treatment,2654,777
stim_treatment,1079,493
stim_treatment,1437,472
stim_treatment,7192,1669
stim_treatment,1244,442
stim_treatment,1910,608
stim_treatment,1602,734
stim_treatment,1099,452
stim_treatment,2710,720
stim_treatment,909,531
stim_treatment,1445,627
stim_treatment,1539,572
stim_treatment,2107,500
stim_treatment,1408,529
stim_treatment,2725,700
stim_treatment,1025,458
stim_treatment,968,463
stim_treatment,1460,560
stim_treatment,2673,914
stim_treatment,814,458
stim_treatment,1403,571
stim_treatment,2309,857
stim_treatment,4430,1315
stim_treatment,926,443
stim_treatment,5823,1519
stim_treatment,1441,438
stim_treatment,968,546
stim_treatment,4074,1275
stim_treatment,2034,760
stim_treatment,2469,797
stim_treatment,495,243
stim_treatment,1259,512
stim_treatment,3787,1031
stim_treatment,2199,708
stim_treatment,1386,457
stim_treatment,1127,555
stim_treatment,2863,651
stim_treatment,1501,571
stim_treatment,1101,507
stim_treatment,1367,521
stim_treatment,2367,862
stim_treatment,1046,461
stim_treatment,896,425
stim_treatment,627,382
stim_treatment,2108,689
stim_treatment,3172,1164
stim_treatment,2242,951
stim_treatment,1691,734
stim_treatment,4660,1159
stim_treatment,2827,601
stim_treatment,2938,991
stim_treatment,775,377
stim_treatment,1273,433
stim_treatment,998,493
stim_treatment,412,209
stim_treatment,3261,696
stim_treatment,1491,617
stim_treatment,530,283
stim_treatment,1042,520
stim_treatment,1915,686
stim_treatment,1479,550
stim_treatment,1238,491
stim_treatment,4194,982
stim_treatment,1321,516
stim_treatment,855,413
stim_treatment,1718,653
stim_treatment,1762,595
stim_treatment,1453,683
stim_treatment,3670,1359
stim_treatment,2201,718
stim_treatment,6017,1424
stim_treatment,1203,398
stim_treatment,1179,552
stim_treatment,3495,967
stim_treatment,1394,534
stim_treatment,1807,582
stim_treatment,2483,899
stim_treatment,1327,529
stim_treatment,776,402
stim_treatment,2158,523
stim_treatment,1840,595
stim_treatment,1346,495
stim_treatment,2827,910
stim_treatment,274,113
stim_treatment,1503,557
stim_treatment,4179,1032
stim_treatment,1518,589
stim_treatment,2872,669
stim_treatment,4697,1342
stim_treatment,1284,514
stim_treatment,1371,556
stim_treatment,230,146
stim_treatment,2024,810
stim_treatment,996,449
stim_treatment,1339,657
stim_treatment,1184,474
stim_treatment,1573,486
stim_treatment,1502,659
stim_treatment,5029,1520
stim_treatment,1205,616
stim_treatment,1534,588
stim_treatment,1783,531
stim_treatment,3698,710
stim_treatment,1416,561
stim_treatment,1989,650
stim_treatment,1195,531
stim_treatment,2169,640
stim_treatment,1070,412
stim_treatment,1177,551
stim_treatment,1054,484
stim_treatment,1854,763
stim_treatment,1344,611
stim_treatment,906,394
stim_treatment,3121,889
stim_treatment,1779,681
stim_treatment,2503,752
stim_treatment,1535,492
stim_treatment,5057,1368
stim_treatment,2126,745
stim_treatment,362,224
stim_treatment,3321,961
stim_treatment,2546,831
stim_treatment,1480,551
stim_treatment,2896,969
stim_treatment,269,176
stim_treatment,1042,408
stim_treatment,467,236
stim_treatment,1675,580
stim_treatment,1117,475
stim_treatment,1711,665
stim_treatment,3452,1014
stim_treatment,1048,439
stim_treatment,3103,603
stim_treatment,1293,532
stim_treatment,1167,522
stim_treatment,2692,703
stim_treatment,1226,596
stim_treatment,711,377
stim_treatment,1261,510
stim_treatment,1006,490
stim_treatment,1286,669
stim_treatment,847,429
stim_treatment,1392,549
stim_treatment,1862,742
stim_treatment,916,363
stim_treatment,1188,499
stim_treatment,1900,844
stim_treatment,1363,486
stim_treatment,1114,496
stim_treatment,1396,517
stim_treatment,276,177
stim_treatment,549,262
stim_treatment,1323,415
stim_treatment,1429,410
stim_treatment,1636,799
stim_treatment,848,348
stim_treatment,4228,1011
stim_treatment,2566,715
stim_treatment,1045,357
stim_treatment,1108,528
stim_treatment,2239,993
stim_treatment,2915,749
stim_treatment,3170,791
stim_treatment,1386,514
stim_treatment,1071,515
stim_treatment,3476,941
stim_treatment,1066,626
stim_treatment,5475,1029
stim_treatment,1070,424
stim_treatment,2148,656
stim_treatment,2534,892
stim_treatment,1320,574
stim_treatment,970,466
stim_treatment,2038,823
stim_treatment,2932,804
stim_treatment,326,200
stim_treatment,1399,556
stim_treatment,4366,1238
stim_treatment,248,151
stim_treatment,2512,862
stim_treatment,1180,385
stim_treatment,1484,569
stim_treatment,2011,809
stim_treatment,1292,532
stim_treatment,1981,668
stim_treatment,852,441
stim_treatment,2816,688
stim_treatment,3183,981
stim_treatment,241,162
stim_treatment,1047,450
stim_treatment,915,463
stim_treatment,953,458
stim_treatment,1531,571
stim_treatment,1915,859
stim_treatment,1222,416
stim_treatment,1397,612
stim_treatment,3232,981
stim_treatment,864,435
stim_treatment,1055,467
stim_treatment,554,288
stim_treatment,1865,746
stim_treatment,800,451
stim_treatment,1564,592
stim_treatment,2007,645
stim_treatment,2224,656
stim_treatment,2508,922
stim_treatment,2112,870
stim_treatment,1637,537
stim_treatment,3502,1021
stim_treatment,2568,870
stim_treatment,1834,564
stim_treatment,891,390
stim_treatment,2888,1078
stim_treatment,1544,602
stim_treatment,1577,610
stim_treatment,1703,574
stim_treatment,1020,443
stim_treatment,190,121
stim_treatment,3693,901
stim_treatment,4807,1271
stim_treatment,1210,516
stim_treatment,1925,706
stim_treatment,2838,729
stim_treatment,1563,571
stim_treatment,1926,629
stim_treatment,2273,781
stim_treatment,1305,550
stim_treatment,2479,793
stim_treatment,930,457
stim_treatment,452,232
stim_treatment,1123,575
stim_treatment,1569,602
stim_treatment,1422,468
stim_treatment,1042,407
stim_treatment,628,333
stim_treatment,1015,469
stim_treatment,979,440
stim_treatment,1719,600
stim_treatment,710,385
stim_treatment,1632,610
stim_treatment,357,253
stim_treatment,1266,539
stim_treatment,1018,411
stim_treatment,783,431
stim_treatment,1442,583
stim_treatment,1709,527
stim_treatment,974,412
stim_treatment,4578,976
stim_treatment,1151,487
stim_treatment,1241,623
stim_treatment,1084,564
stim_treatment,1729,583
stim_treatment,4126,1224
stim_treatment,829,408
stim_treatment,1423,634
stim_treatment,1379,499
stim_treatment,505,278
stim_treatment,1225,565
stim_treatment,1587,628
stim_treatment,1909,664
stim_treatment,2823,807
stim_treatment,1521,662
stim_treatment,1894,792
stim_treatment,550,210
stim_treatment,3297,986
stim_treatment,954,482
stim_treatment,991,413
stim_treatment,653,310
stim_treatment,1077,498
stim_treatment,602,283
stim_treatment,675,454
stim_treatment,1485,760
stim_treatment,1796,824
stim_treatment,1449,608
stim_treatment,1083,511
stim_treatment,861,470
stim_treatment,1259,517
stim_treatment,383,208
stim_treatment,2188,1038
stim_treatment,3429,734
stim_treatment,892,452
stim_treatment,3489,861
stim_treatment,1139,625
stim_treatment,1306,573
stim_treatment,2921,867
stim_treatment,1952,563
stim_treatment,277,104
stim_treatment,256,152
stim_treatment,1727,584
stim_treatment,2233,795
stim_treatment,1735,527
stim_treatment,974,350
stim_treatment,1283,589
stim_treatment,386,284
stim_treatment,1135,580
stim_treatment,2571,692
stim_treatment,1312,590
stim_treatment,2048,822
stim_treatment,1881,723
stim_treatment,2724,914
stim_treatment,1497,547
stim_treatment,1710,694
stim_treatment,585,278
stim_treatment,1197,557
stim_treatment,327,214
stim_treatment,939,522
stim_treatment,1331,529
stim_treatment,646,325
stim_treatment,1375,482
stim_treatment,754,380
stim_treatment,1421,622
stim_treatment,5974,1411
stim_treatment,2427,614
stim_treatment,1192,483
stim_treatment,1798,626
stim_treatment,4813,1103
stim_treatment,2112,741
stim_treatment,571,246
stim_treatment,424,247
stim_treatment,3801,1009
stim_treatment,4006,859
stim_treatment,1237,435
stim_treatment,1059,376
stim_treatment,1424,658
stim_treatment,350,218
stim_treatment,2759,760
stim_treatment,1532,578
stim_treatment,4646,1453
stim_treatment,2839,780
stim_treatment,529,265
stim_treatment,2727,632
stim_treatment,3296,1259
stim_treatment,6574,1352
stim_treatment,1242,486
stim_treatment,1145,413
stim_treatment,1004,482
stim_treatment,3638,1151
stim_treatment,982,481
stim_treatment,1682,500
stim_treatment,2100,797
stim_treatment,926,440
stim_treatment,475,257
stim_treatment,901,465
stim_treatment,2583,910
stim_treatment,2858,880
stim_treatment,3345,974
stim_treatment,2959,781
stim_treatment,1145,561
stim_treatment,2897,711
stim_treatment,643,363
stim_treatment,661,254
stim_treatment,1562,665
stim_treatment,1510,513
stim_treatment,436,232
stim_treatment,744,389
stim_treatment,594,297
stim_treatment,492,252
stim_treatment,803,417
stim_treatment,3256,925
stim_treatment,756,348
stim_treatment,1037,459
stim_treatment,1204,391
stim_treatment,1183,588
stim_treatment,931,571
stim_treatment,1371,543
stim_treatment,4799,114
stim_treatment,3061,836
stim_treatment,220,124
stim_treatment,4151,1007
stim_treatment,2147,809
stim_treatment,2090,898
stim_treatment,1661,779
stim_treatment,1299,536
stim_treatment,840,403
stim_treatment,1759,745
stim_treatment,973,470
stim_treatment,851,426
stim_treatment,629,338
stim_treatment,4366,1039
stim_treatment,3607,1109
stim_treatment,1394,596
stim_treatment,1150,535
stim_treatment,1229,536
stim_treatment,2795,812
stim_treatment,202,114
stim_treatment,3270,1063
stim_treatment,3235,873
stim_treatment,964,424
stim_treatment,1861,750
stim_treatment,299,163
stim_treatment,1586,389
stim_treatment,7189,909
stim_treatment,1224,411
stim_treatment,2955,847
stim_treatment,3023,776
stim_treatment,1167,470
stim_treatment,904,450
stim_treatment,1043,413
stim_treatment,1457,560
stim_treatment,463,248
stim_treatment,3043,1201
stim_treatment,2525,755
stim_treatment,1384,587
stim_treatment,1520,595
stim_treatment,1167,535
stim_treatment,1020,458
stim_treatment,1575,513
stim_treatment,1980,755
stim_treatment,1233,572
stim_treatment,4309,919
stim_treatment,1132,487
stim_treatment,3652,982
stim_treatment,931,463
stim_treatment,1228,487
stim_treatment,1423,654
stim_treatment,1210,422
stim_treatment,1115,486
stim_treatment,2356,980
stim_treatment,439,245
stim_treatment,3904,932
stim_treatment,1458,579
stim_treatment,1291,562
stim_treatment,665,332
stim_treatment,566,325
stim_treatment,857,334
stim_treatment,1687,590
stim_treatment,2285,767
stim_treatment,1403,469
stim_treatment,1519,686
stim_treatment,662,288
stim_treatment,1145,572
stim_treatment,1416,639
stim_treatment,4654,1288
stim_treatment,1870,733
stim_treatment,2805,796
stim_treatment,1213,580
stim_treatment,1104,583
stim_treatment,1271,475
stim_treatment,898,463
stim_treatment,1278,567
stim_treatment,1543,598
stim_treatment,2000,737
stim_treatment,1872,579
stim_treatment,1311,557
stim_treatment,3110,938
stim_treatment,939,418
stim_treatment,1832,607
stim_treatment,5977,1543
stim_treatment,924,404
stim_treatment,1335,531
stim_treatment,3062,545
stim_treatment,3236,922
stim_treatment,1570,561
stim_treatment,3138,762
stim_treatment,915,417
stim_treatment,2033,670
stim_treatment,1838,529
stim_treatment,1251,564
stim_treatment,1045,383
stim_treatment,1482,535
stim_treatment,2324,783
stim_treatment,969,396
stim_treatment,2309,641
stim_treatment,1905,594
stim_treatment,2266,737
stim_treatment,2056,770
stim_treatment,3771,1341
stim_treatment,1172,461
stim_treatment,3011,1199
stim_treatment,5094,118
stim_treatment,4944,1436
stim_treatment,281,184
stim_treatment,521,318
stim_treatment,588,330
stim_treatment,776,393
stim_treatment,2823,793
stim_treatment,1761,606
stim_treatment,1331,547
stim_treatment,345,224
stim_treatment,948,374
stim_treatment,1436,554
stim_treatment,1440,605
stim_treatment,1581,552
stim_treatment,1515,453
stim_treatment,2365,870
stim_treatment,597,323
stim_treatment,1204,632
stim_treatment,1448,504
stim_treatment,764,370
stim_treatment,1378,602
stim_treatment,558,270
stim_treatment,1033,492
stim_treatment,983,523
stim_treatment,795,363
stim_treatment,1158,391
stim_treatment,2984,1095
stim_treatment,3178,940
stim_treatment,859,412
stim_treatment,1058,435
stim_treatment,2429,657
stim_treatment,1961,693
stim_treatment,1891,604
stim_treatment,1394,542
stim_treatment,3016,841
stim_treatment,838,448
stim_treatment,2211,872
stim_treatment,625,342
stim_treatment,1273,508
stim_treatment,1023,441
stim_treatment,784,365
stim_treatment,903,426
stim_treatment,535,324
stim_treatment,739,348
stim_treatment,590,329
stim_treatment,3486,1295
stim_treatment,1136,611
stim_treatment,2782,777
stim_treatment,1458,713
stim_treatment,2739,681
stim_treatment,1161,566
stim_treatment,2036,722
stim_treatment,1228,576
stim_treatment,5956,1640
stim_treatment,2690,729
stim_treatment,485,277
stim_treatment,876,340
stim_treatment,1851,594
stim_treatment,1229,503
stim_treatment,3501,1015
stim_treatment,1368,689
stim_treatment,3093,933
stim_treatment,2101,700
stim_treatment,744,351
stim_treatment,1525,638
stim_treatment,1389,575
stim_treatment,683,352
stim_treatment,3001,714
stim_treatment,943,418
stim_treatment,1343,579
stim_treatment,959,414
stim_treatment,908,401
stim_treatment,1003,455
stim_treatment,1826,647
stim_treatment,1515,687
stim_treatment,817,405
stim_treatment,2215,771
stim_treatment,2492,328
stim_treatment,2476,838
stim_treatment,1264,489
stim_treatment,3119,798
stim_treatment,526,265
stim_treatment,3314,1161
stim_treatment,1218,475
stim_treatment,1022,473
stim_treatment,1542,570
stim_treatment,498,275
stim_treatment,1701,588
stim_treatment,1186,515
stim_treatment,736,362
stim_treatment,1162,516
stim_treatment,1385,559
stim_treatment,1087,443
stim_treatment,2018,722
stim_treatment,1662,688
stim_treatment,1519,518
stim_treatment,1598,530
stim_treatment,2020,1046
stim_treatment,2747,899
stim_treatment,1260,448
stim_treatment,1257,449
stim_treatment,979,458
stim_treatment,708,296
stim_treatment,1576,579
stim_treatment,596,365
stim_treatment,1137,540
stim_treatment,2358,774
stim_treatment,1551,679
stim_treatment,580,284
stim_treatment,1006,539
stim_treatment,1403,621
stim_treatment,3597,1030
stim_treatment,1312,451
stim_treatment,1023,494
stim_treatment,1126,450
stim_treatment,316,143
stim_treatment,2265,706
stim_treatment,761,331
stim_treatment,1603,600
stim_treatment,1412,619
stim_treatment,1485,617
stim_treatment,5288,1300
stim_treatment,1377,567
stim_treatment,1358,571
stim_treatment,230,159
stim_treatment,872,444
stim_treatment,1216,581
stim_treatment,743,336
stim_treatment,3072,1209
stim_treatment,3042,890
stim_treatment,1797,555
stim_treatment,997,473
stim_treatment,4202,962
stim_treatment,472,257
stim_treatment,1371,664
stim_treatment,758,382
stim_treatment,1376,474
stim_treatment,2934,840
stim_treatment,1359,542
stim_treatment,1008,417
stim_treatment,465,258
stim_treatment,1571,539
stim_treatment,3377,919
stim_treatment,1224,524
stim_treatment,949,462
stim_treatment,515,283
stim_treatment,1885,651
stim_treatment,4265,1056
stim_treatment,3864,1023
stim_treatment,286,166
stim_treatment,1634,513
stim_treatment,2010,683
stim_treatment,433,246
stim_treatment,312,141
stim_treatment,948,473
stim_treatment,4570,1004
stim_treatment,5329,1378
stim_treatment,5494,1404
stim_treatment,1064,415
stim_treatment,786,377
stim_treatment,687,354
stim_treatment,770,337
stim_treatment,3159,1133
stim_treatment,2276,1014
stim_treatment,804,434
stim_treatment,1495,509
stim_treatment,897,495
stim_treatment,1620,530
stim_treatment,207,131
stim_treatment,617,305
stim_treatment,1171,386
stim_treatment,1227,523
stim_treatment,670,374
stim_treatment,1591,661
stim_treatment,1281,519
stim_treatment,1040,504
stim_treatment,1018,433
stim_treatment,3378,838
stim_treatment,1694,779
stim_treatment,613,306
stim_treatment,1528,577
stim_treatment,2932,730
stim_treatment,153,107
stim_treatment,2676,886
stim_treatment,1364,652
stim_treatment,1382,521
stim_treatment,2938,784
stim_treatment,144,103
stim_treatment,2020,725
stim_treatment,1550,569
stim_treatment,1505,665
stim_treatment,1979,821
stim_treatment,1158,524
stim_treatment,2557,827
stim_treatment,1636,547
stim_treatment,940,426
stim_treatment,1355,551
stim_treatment,756,324
stim_treatment,3227,1128
stim_treatment,955,511
stim_treatment,5194,1307
stim_treatment,542,284
stim_treatment,1958,619
stim_treatment,313,115
stim_treatment,327,195
stim_treatment,908,439
stim_treatment,934,423
stim_treatment,839,383
stim_treatment,753,374
stim_treatment,1465,638
stim_treatment,747,357
stim_treatment,958,468
stim_treatment,1030,499
stim_treatment,1323,513
stim_treatment,4609,1104
stim_treatment,540,267
stim_treatment,1339,507
stim_treatment,1059,490
stim_treatment,631,360
stim_treatment,423,224
stim_treatment,2447,928
stim_treatment,1396,585
stim_treatment,2385,831
stim_treatment,1512,601
stim_treatment,1528,502
stim_treatment,1012,471
stim_treatment,997,473
stim_treatment,1258,498
stim_treatment,1062,491
stim_treatment,265,117
stim_treatment,4577,1288
stim_treatment,701,355
stim_treatment,1693,751
stim_treatment,1639,603
stim_treatment,2286,741
stim_treatment,287,146
stim_treatment,4506,989
stim_treatment,3998,1258
stim_treatment,1714,592
stim_treatment,1663,755
stim_treatment,2052,679
stim_treatment,665,363
stim_treatment,962,567
stim_treatment,1101,503
stim_treatment,486,293
stim_treatment,2880,1170
stim_treatment,1541,533
stim_treatment,1134,434
stim_treatment,664,345
stim_treatment,2644,892
stim_treatment,1422,606
stim_treatment,1001,546
stim_treatment,1122,390
stim_treatment,2202,672
stim_treatment,756,321
stim_treatment,2500,927
stim_treatment,1356,543
stim_treatment,541,258
stim_treatment,1582,610
stim_treatment,525,240
stim_treatment,1116,542
stim_treatment,1527,599
stim_treatment,1324,609
stim_treatment,2333,837
stim_treatment,2863,767
stim_treatment,2048,780
stim_treatment,746,414
stim_treatment,977,390
stim_treatment,1170,510
stim_treatment,750,430
stim_treatment,413,250
stim_treatment,3447,879
stim_treatment,1333,522
stim_treatment,1785,616
stim_treatment,480,277
stim_treatment,2443,734
stim_treatment,487,255
stim_treatment,3931,953
stim_treatment,5297,1275
stim_treatment,1292,523
stim_treatment,961,480
stim_treatment,1246,458
stim_treatment,3375,837
stim_treatment,2268,832
stim_treatment,1858,626
stim_treatment,1646,518
stim_treatment,910,454
stim_treatment,1268,388
stim_treatment,1149,544
stim_treatment,920,429
stim_treatment,510,302
stim_treatment,1479,649
stim_treatment,767,440
stim_treatment,1442,555
stim_treatment,918,393
stim_treatment,440,289
stim_treatment,1322,560
stim_treatment,942,449
stim_treatment,2478,762
stim_treatment,1373,531
stim_treatment,2041,695
stim_treatment,1669,776
stim_treatment,1418,530
stim_treatment,3004,702
stim_treatment,1341,661
stim_treatment,2091,594
stim_treatment,1404,544
stim_treatment,1396,593
stim_treatment,2072,652
stim_treatment,827,398
stim_treatment,1320,530
stim_treatment,1438,566
stim_treatment,1260,549
stim_treatment,2663,809
stim_treatment,2834,818
stim_treatment,4801,966
stim_treatment,1566,735
stim_treatment,1225,488
stim_treatment,1993,718
stim_treatment,1071,472
stim_treatment,1079,472
stim_treatment,1302,504
stim_treatment,1024,460
stim_treatment,786,458
stim_treatment,1877,593
stim_treatment,769,307
stim_treatment,1001,524
stim_treatment,4026,1011
stim_treatment,1370,541
stim_treatment,1009,487
stim_treatment,994,476
stim_treatment,801,398
stim_treatment,6344,1000
stim_treatment,1307,579
stim_treatment,2748,1032
stim_treatment,2212,592
stim_treatment,3666,961
stim_treatment,1677,679
stim_treatment,3033,697
stim_treatment,913,436
stim_treatment,353,241
stim_treatment,718,348
stim_treatment,4621,1011
stim_treatment,1040,402
stim_treatment,1382,522
stim_treatment,1148,382
stim_treatment,5156,1293
stim_treatment,148,101
stim_treatment,4856,1164
stim_treatment,1606,569
stim_treatment,1000,384
stim_treatment,2720,705
stim_treatment,1158,463
stim_treatment,1186,557
stim_treatment,1218,645
stim_treatment,1196,466
stim_treatment,767,338
stim_treatment,1290,575
stim_treatment,1686,668
stim_treatment,1646,579
stim_treatment,1253,498
stim_treatment,1607,706
stim_treatment,955,354
stim_treatment,671,319
stim_treatment,2261,583
stim_treatment,1085,420
stim_treatment,3920,936
stim_treatment,2419,768
stim_treatment,1096,499
stim_treatment,1098,517
stim_treatment,1298,494
stim_treatment,2280,571
stim_treatment,1370,562
stim_treatment,2106,800
stim_treatment,1363,511
stim_treatment,1152,557
stim_treatment,712,449
stim_treatment,916,463
stim_treatment,892,384
stim_treatment,2136,604
stim_treatment,1046,452
stim_treatment,1753,723
stim_treatment,276,103
stim_treatment,1385,580
stim_treatment,954,484
stim_treatment,1225,481
stim_treatment,757,371
stim_treatment,344,193
stim_treatment,5531,1304
stim_treatment,787,379
stim_treatment,3503,1255
stim_treatment,862,401
stim_treatment,1046,474
stim_treatment,986,397
stim_treatment,829,387
stim_treatment,2463,696
stim_treatment,1238,461
stim_treatment,1385,571
stim_treatment,722,324
stim_treatment,3093,891
stim_treatment,846,420
stim_treatment,1276,532
stim_treatment,3359,873
stim_treatment,3067,877
stim_treatment,1755,693
stim_treatment,414,244
stim_treatment,504,286
stim_treatment,482,192
stim_treatment,4083,1108
stim_treatment,2866,750
stim_treatment,1517,620
stim_treatment,1254,610
stim_treatment,1103,478
stim_treatment,1529,670
stim_treatment,1261,548
stim_treatment,356,248
stim_treatment,4780,1577
stim_treatment,1102,463
stim_treatment,2909,828
stim_treatment,1236,508
stim_treatment,1152,382
stim_treatment,1164,444
stim_treatment,671,343
stim_treatment,3815,870
stim_treatment,1066,612
stim_treatment,1740,638
stim_treatment,1526,561
stim_treatment,1359,477
stim_treatment,1333,474
stim_treatment,1048,406
stim_treatment,1327,511
stim_treatment,2047,587
stim_treatment,3461,972
stim_treatment,2499,747
stim_treatment,2208,691
stim_treatment,3332,1141
stim_treatment,3424,907
stim_treatment,245,113
stim_treatment,1093,479
stim_treatment,947,450
stim_treatment,1745,842
stim_treatment,1505,561
stim_treatment,1479,651
stim_treatment,2061,800
stim_treatment,5969,1231
stim_treatment,3693,826
stim_treatment,321,181
stim_treatment,1475,563
stim_treatment,956,470
stim_treatment,1504,612
stim_treatment,1093,480
stim_treatment,967,428
stim_treatment,511,266
stim_treatment,3196,900
stim_treatment,1940,856
stim_treatment,1546,610
stim_treatment,1319,596
stim_treatment,2627,923
stim_treatment,1894,594
stim_treatment,810,362
stim_treatment,3316,963
stim_treatment,3244,916
stim_treatment,1157,453
stim_treatment,1941,610
stim_treatment,877,418
stim_treatment,4748,1315
stim_treatment,1796,580
stim_treatment,3066,915
stim_treatment,4871,1355
stim_treatment,4290,1013
stim_treatment,336,238
stim_treatment,1088,472
stim_treatment,2411,609
stim_treatment,3082,923
stim_treatment,2510,967
stim_treatment,471,300
stim_treatment,499,254
stim_treatment,669,412
stim_treatment,1741,631
stim_treatment,1652,584
stim_treatment,1291,417
stim_treatment,1677,599
stim_treatment,1765,571
stim_treatment,1453,547
stim_treatment,652,284
stim_treatment,1015,407
stim_treatment,1373,648
stim_treatment,1055,517
stim_treatment,398,210
stim_treatment,839,432
stim_treatment,3328,871
stim_treatment,1812,667
stim_treatment,4147,1177
stim_treatment,1743,637
stim_treatment,4297,561
stim_treatment,2198,666
stim_treatment,1079,435
stim_treatment,1864,606
stim_treatment,1492,540
stim_treatment,1422,591
stim_treatment,672,411
stim_treatment,1201,566
stim_treatment,212,133
stim_treatment,2520,741
stim_treatment,577,345
stim_treatment,652,327
stim_treatment,2916,761
stim_treatment,886,445
stim_treatment,1551,711
stim_treatment,2841,814
stim_treatment,2001,580
stim_treatment,840,436
stim_treatment,2621,863
stim_treatment,225,123
stim_treatment,1282,646
stim_treatment,1315,478
stim_treatment,1527,534
stim_treatment,2577,696
stim_treatment,1174,396
stim_treatment,1599,549
stim_treatment,2393,755
stim_treatment,570,381
stim_treatment,2503,787
stim_treatment,2326,621
stim_treatment,895,500
stim_treatment,1398,581
stim_treatment,1756,580
stim_treatment,2129,687
stim_treatment,1788,555
stim_treatment,299,140
stim_treatment,2341,801
stim_treatment,991,428
stim_treatment,1313,464
stim_treatment,1792,569
stim_treatment,1609,617
stim_treatment,2516,743
stim_treatment,1415,709
stim_treatment,3677,879
stim_treatment,979,488
stim_treatment,1213,415
stim_treatment,1225,513
stim_treatment,1071,452
stim_treatment,701,383
stim_treatment,1671,586
stim_treatment,1703,665
stim_treatment,517,236
stim_treatment,1779,755
stim_treatment,1674,613
stim_treatment,1257,555
stim_treatment,3030,790
stim_treatment,3198,953
stim_treatment,1505,575
stim_treatment,1277,539
stim_treatment,3613,932
stim_treatment,1311,519
stim_treatment,3235,960
stim_treatment,874,426
stim_treatment,1413,529
stim_treatment,1537,602
stim_treatment,2200,766
stim_treatment,1050,467
stim_treatment,1725,694
stim_treatment,1334,556
stim_treatment,906,447
stim_treatment,1085,414
stim_treatment,1690,672
stim_treatment,3318,800
stim_treatment,832,342
stim_treatment,1267,571
stim_treatment,1081,532
stim_treatment,2645,776
stim_treatment,752,330
stim_treatment,1196,523
stim_treatment,1419,634
stim_treatment,4184,990
stim_treatment,1723,673
stim_treatment,1184,355
stim_treatment,1144,499
stim_treatment,1259,552
stim_treatment,1792,621
stim_treatment,1268,637
stim_treatment,676,332
stim_treatment,534,340
stim_treatment,287,205
stim_treatment,781,386
stim_treatment,1419,647
stim_treatment,1792,754
stim_treatment,817,411
stim_treatment,3247,764
stim_treatment,4758,1303
stim_treatment,1781,853
stim_treatment,1595,578
stim_treatment,1223,529
stim_treatment,2268,725
stim_treatment,4379,1231
stim_treatment,766,315
stim_treatment,1125,464
stim_treatment,1507,567
stim_treatment,1231,499
stim_treatment,3300,956
stim_treatment,1587,707
stim_treatment,1257,585
stim_treatment,2369,871
stim_treatment,1048,441
stim_treatment,1964,620
stim_treatment,591,291
stim_treatment,458,337
stim_treatment,1140,485
stim_treatment,2871,892
stim_treatment,1497,534
stim_treatment,1478,786
stim_treatment,1511,474
stim_treatment,3457,1059
stim_treatment,2671,914
stim_treatment,1598,549
stim_treatment,3275,1029
stim_treatment,1079,551
stim_treatment,3149,885
stim_treatment,746,356
stim_treatment,1861,646
stim_treatment,1996,811
stim_treatment,2673,1011
stim_treatment,2192,833
stim_treatment,2097,820
stim_treatment,4830,1185
stim_treatment,1097,557
stim_treatment,3982,1313
stim_treatment,2176,564
stim_treatment,1065,500
stim_treatment,846,385
stim_treatment,1619,630
stim_treatment,1599,657
stim_treatment,144,101
stim_treatment,4072,1186
stim_treatment,1168,613
stim_treatment,606,355
stim_treatment,1264,488
stim_treatment,830,401
stim_treatment,1075,578
stim_treatment,2963,933
stim_treatment,1952,639
stim_treatment,1944,770
stim_treatment,3643,919
stim_treatment,2272,591
stim_treatment,1727,700
stim_treatment,925,384
stim_treatment,2062,562
stim_treatment,1452,562
stim_treatment,1587,559
stim_treatment,950,406
stim_treatment,860,531
stim_treatment,2174,578
stim_treatment,1154,487
stim_treatment,1838,736
stim_treatment,603,290
stim_treatment,922,394
stim_treatment,2849,738
stim_treatment,467,225
stim_treatment,1060,487
stim_treatment,168,109
stim_treatment,4349,1140
stim_treatment,863,471
stim_treatment,2018,810
stim_treatment,449,217
stim_treatment,4477,1349
stim_treatment,384,234
stim_treatment,843,510
stim_treatment,1471,559
stim_treatment,1006,452
stim_treatment,2550,677
stim_treatment,2910,626
stim_treatment,932,435
stim_treatment,594,300
stim_treatment,1060,393
stim_treatment,1778,577
stim_treatment,2668,738
stim_treatment,206,116
stim_treatment,868,475
stim_treatment,3403,1097
stim_treatment,1761,535
stim_treatment,2281,773
stim_treatment,1486,583
stim_treatment,3404,1002
stim_treatment,2381,703
stim_treatment,1366,615
stim_treatment,404,191
stim_treatment,814,435
stim_treatment,156,103
stim_treatment,5051,1424
stim_treatment,3098,1071
stim_treatment,2268,717
stim_treatment,1276,564
stim_treatment,3675,851
stim_treatment,1266,552
stim_treatment,1619,689
stim_treatment,4288,1191
stim_treatment,1588,640
stim_treatment,989,458
stim_treatment,633,384
stim_treatment,1248,485
stim_treatment,891,362
stim_treatment,958,381
stim_treatment,1271,493
stim_treatment,1256,533
stim_treatment,1381,542
stim_treatment,2945,755
stim_treatment,2632,912
stim_treatment,1229,459
stim_treatment,946,441
stim_treatment,2071,615
stim_treatment,3293,903
stim_treatment,779,396
stim_treatment,3891,1052
stim_treatment,1457,577
stim_treatment,1284,483
stim_treatment,1348,576
stim_treatment,1122,495
stim_treatment,1559,677
stim_treatment,1770,790
stim_treatment,2541,685
stim_treatment,1165,503
stim_treatment,455,264
stim_treatment,799,418
stim_treatment,4148,1152
stim_treatment,2981,864
stim_treatment,1531,471
stim_treatment,1359,565
stim_treatment,1972,703
stim_treatment,1584,544
stim_treatment,514,263
stim_treatment,1044,547
stim_treatment,1887,620
stim_treatment,2235,736
stim_treatment,414,226
stim_treatment,1199,496
stim_treatment,3168,880
stim_treatment,569,245
stim_treatment,1202,547
stim_treatment,1411,468
stim_treatment,4618,972
stim_treatment,972,421
stim_treatment,466,267
stim_treatment,1890,690
stim_treatment,1310,444
stim_treatment,1363,608
stim_treatment,4682,1404
stim_treatment,2061,830
stim_treatment,4345,1152
stim_treatment,1994,723
stim_treatment,1116,490
stim_treatment,2812,798
stim_treatment,1954,636
stim_treatment,2610,625
stim_treatment,1643,566
stim_treatment,2071,825
stim_treatment,553,262
stim_treatment,1898,682
stim_treatment,4104,970
stim_treatment,3999,981
stim_treatment,1200,532
stim_treatment,2067,459
stim_treatment,1071,532
stim_treatment,3931,1073
stim_treatment,1462,572
stim_treatment,3904,911
stim_treatment,1875,662
stim_treatment,418,295
stim_treatment,1070,487
stim_treatment,2602,845
stim_treatment,1119,511
stim_treatment,1209,472
stim_treatment,716,364
stim_treatment,1167,423
stim_treatment,1221,517
stim_treatment,1744,507
stim_treatment,954,478
stim_treatment,2699,726
stim_treatment,1106,517
stim_treatment,4781,1065
stim_treatment,2926,818
stim_treatment,1821,697
stim_treatment,1425,648
stim_treatment,1225,560
stim_treatment,1818,658
stim_treatment,2475,663
stim_treatment,874,433
stim_treatment,302,149
stim_treatment,3123,770
stim_treatment,814,388
stim_treatment,4223,981
stim_treatment,1881,642
stim_treatment,1442,532
stim_treatment,1788,619
stim_treatment,1035,387
stim_treatment,1417,638
stim_treatment,947,411
stim_treatment,879,371
stim_treatment,2715,796
stim_treatment,1068,486
stim_treatment,1048,470
stim_treatment,966,452
stim_treatment,1817,792
stim_treatment,2800,942
stim_treatment,1157,440
stim_treatment,418,228
stim_treatment,2098,873
stim_treatment,3481,1112
stim_treatment,918,448
stim_treatment,1457,563
stim_treatment,1412,506
stim_treatment,1284,560
stim_treatment,1984,670
stim_treatment,1143,523
stim_treatment,997,482
stim_treatment,1850,716
stim_treatment,1573,601
stim_treatment,696,358
stim_treatment,1569,573
stim_treatment,1313,567
stim_treatment,403,213
stim_treatment,2611,746
stim_treatment,2129,632
stim_treatment,3820,950
stim_treatment,1082,455
stim_treatment,303,105
stim_treatment,2643,1095
stim_treatment,1030,549
stim_treatment,1260,530
stim_treatment,1457,522
stim_treatment,4045,1178
stim_treatment,990,399
stim_treatment,2836,721
stim_treatment,2968,838
stim_treatment,3633,997
stim_treatment,816,361
stim_treatment,2877,779
stim_treatment,878,400
stim_treatment,1017,450
stim_treatment,1668,587
stim_treatment,1727,478
stim_treatment,2371,919
stim_treatment,1963,749
stim_treatment,2150,635
stim_treatment,890,467
stim_treatment,1188,515
stim_treatment,1712,584
stim_treatment,5169,1384
stim_treatment,3154,1000
stim_treatment,1281,519
stim_treatment,1578,722
stim_treatment,1910,813
stim_treatment,1459,677
stim_treatment,3754,1054
stim_treatment,476,311
stim_treatment,1676,652
stim_treatment,1569,584
stim_treatment,749,398
stim_treatment,3013,857
stim_treatment,944,487
stim_treatment,1048,486
stim_treatment,1601,462
stim_treatment,1410,592
stim_treatment,777,342
stim_treatment,1048,484
stim_treatment,1344,498
stim_treatment,1923,849
stim_treatment,1079,478
stim_treatment,924,424
stim_treatment,2148,782
stim_treatment,1578,593
stim_treatment,1444,548
stim_treatment,994,435
stim_treatment,1609,510
stim_treatment,987,448
stim_treatment,1783,797
stim_treatment,3063,775
stim_treatment,1090,500
stim_treatment,1156,469
stim_treatment,1899,502
stim_treatment,1487,582
stim_treatment,3528,1117
stim_treatment,4575,1175
stim_treatment,3102,937
stim_treatment,1132,481
stim_treatment,338,205
stim_treatment,1422,561
stim_treatment,1404,641
stim_treatment,2176,734
stim_treatment,1138,583
stim_treatment,999,484
stim_treatment,707,353
stim_treatment,2703,1176
stim_treatment,2645,822
stim_treatment,1205,584
stim_treatment,346,198
stim_treatment,418,240
stim_treatment,1399,594
stim_treatment,3016,987
stim_treatment,1318,551
stim_treatment,576,329
stim_treatment,546,251
stim_treatment,1365,547
stim_treatment,3769,1258
stim_treatment,1414,538
stim_treatment,2492,694
stim_treatment,2761,1009
stim_treatment,972,459
stim_treatment,992,358
stim_treatment,3189,976
stim_treatment,4912,1130
stim_treatment,1679,766
stim_treatment,4761,1181
stim_treatment,376,228
stim_treatment,675,330
stim_treatment,1350,644
stim_treatment,1710,565
stim_treatment,3084,994
stim_treatment,1140,544
stim_treatment,4077,1156
stim_treatment,808,426
stim_treatment,763,391
stim_treatment,1014,492
stim_treatment,1717,558
stim_treatment,1540,502
stim_treatment,1048,351
stim_treatment,1086,501
stim_treatment,932,460
stim_treatment,2066,514
stim_treatment,1664,730
stim_treatment,1787,454
stim_treatment,1358,506
stim_treatment,945,369
stim_treatment,714,317
stim_treatment,1549,544
stim_treatment,802,359
stim_treatment,207,126
stim_treatment,4421,946
stim_treatment,2407,1062
stim_treatment,1811,591
stim_treatment,1671,619
stim_treatment,1217,509
stim_treatment,1389,518
stim_treatment,362,228
stim_treatment,2933,997
stim_treatment,1354,553
stim_treatment,1485,539
stim_treatment,596,337
stim_treatment,1099,514
stim_treatment,1207,508
stim_treatment,866,343
stim_treatment,1779,617
stim_treatment,2141,704
stim_treatment,360,230
stim_treatment,722,299
stim_treatment,888,479
stim_treatment,437,262
stim_treatment,5026,1559
stim_treatment,834,380
stim_treatment,2019,697
stim_treatment,735,380
stim_treatment,1231,465
stim_treatment,2180,671
stim_treatment,526,262
stim_treatment,1490,575
stim_treatment,783,426
stim_treatment,1151,414
stim_treatment,1073,448
stim_treatment,806,366
stim_treatment,1518,494
stim_treatment,886,394
stim_treatment,1228,554
stim_treatment,1049,402
stim_treatment,1428,560
stim_treatment,1763,682
stim_treatment,880,397
stim_treatment,1288,471
stim_treatment,1049,638
stim_treatment,1106,439
stim_treatment,1052,539
stim_treatment,1801,593
stim_treatment,354,195
stim_treatment,3666,945
stim_treatment,2638,795
stim_treatment,552,322
stim_treatment,3165,876
stim_treatment,1120,501
stim_treatment,2008,796
stim_treatment,1534,597
stim_treatment,1101,445
stim_treatment,498,151
stim_treatment,2083,694
stim_treatment,1380,508
stim_treatment,1647,741
stim_treatment,1155,437
stim_treatment,1686,574
stim_treatment,1003,428
stim_treatment,966,457
stim_treatment,1533,644
stim_treatment,3519,1279
stim_treatment,4258,1010
stim_treatment,3263,826
stim_treatment,1583,631
stim_treatment,743,342
stim_treatment,1165,554
stim_treatment,3306,1037
stim_treatment,1891,732
stim_treatment,1753,697
stim_treatment,1305,513
stim_treatment,1045,521
stim_treatment,945,416
stim_treatment,623,325
stim_treatment,1576,595
stim_treatment,2561,996
stim_treatment,3153,857
stim_treatment,765,390
stim_treatment,4509,1130
stim_treatment,1096,541
stim_treatment,914,412
stim_treatment,2443,857
stim_treatment,2680,929
stim_treatment,1376,530
stim_treatment,3290,166
stim_treatment,744,409
stim_treatment,946,440
stim_treatment,1454,526
stim_treatment,760,380
stim_treatment,3444,952
stim_treatment,1249,564
stim_treatment,3893,1199
stim_treatment,2492,779
stim_treatment,5625,448
stim_treatment,3154,859
stim_treatment,1377,555
stim_treatment,2018,536
stim_treatment,1422,501
stim_treatment,1543,657
stim_treatment,894,430
stim_treatment,1816,638
stim_treatment,736,372
stim_treatment,947,516
stim_treatment,1569,544
stim_treatment,983,575
stim_treatment,1016,342
stim_treatment,1503,552
stim_treatment,755,369
stim_treatment,1341,571
stim_treatment,4324,843
stim_treatment,1532,796
stim_treatment,1012,482
stim_treatment,1060,503
stim_treatment,1196,500
stim_treatment,1505,517
stim_treatment,3770,856
stim_treatment,1470,608
stim_treatment,1369,513
stim_treatment,6057,1481
stim_treatment,2061,686
stim_treatment,1072,541
stim_treatment,1665,632
stim_treatment,812,379
stim_treatment,245,115
stim_treatment,873,451
stim_treatment,2880,719
stim_treatment,615,379
stim_treatment,1512,801
stim_treatment,539,279
stim_treatment,1112,505
stim_treatment,2493,796
stim_treatment,1219,451
stim_treatment,653,316
stim_treatment,547,295
stim_treatment,904,457
stim_treatment,1235,417
stim_treatment,3739,1112
stim_treatment,4246,1208
stim_treatment,1049,454
stim_treatment,1838,718
stim_treatment,3285,997
stim_treatment,3423,1088
stim_treatment,1930,776
stim_treatment,1209,511
stim_treatment,2023,691
stim_treatment,4176,1050
stim_treatment,1968,640
stim_treatment,1760,632
stim_treatment,1846,592
stim_treatment,2111,612
stim_treatment,1715,656
stim_treatment,1676,680
stim_treatment,1558,493
stim_treatment,1228,452
stim_treatment,1178,499
stim_treatment,2053,665
stim_treatment,873,405
stim_treatment,987,481
stim_treatment,1172,626
stim_treatment,833,378
stim_treatment,1227,493
stim_treatment,1608,578
stim_treatment,881,391
stim_treatment,2425,670
stim_treatment,565,250
stim_treatment,1394,479
stim_treatment,999,467
stim_treatment,1058,488
stim_treatment,3077,1056
stim_treatment,598,316
stim_treatment,454,258
stim_treatment,2941,735
stim_treatment,1048,466
stim_treatment,1078,493
stim_treatment,469,297
stim_treatment,3140,824
stim_treatment,1403,520
stim_treatment,434,214
stim_treatment,3044,838
stim_treatment,1147,373
stim_treatment,389,231
stim_treatment,1117,550
stim_treatment,1571,551
stim_treatment,1248,585
stim_treatment,1246,505
stim_treatment,4249,1492
stim_treatment,1011,483
stim_treatment,2483,797
stim_treatment,1671,692
stim_treatment,2360,728
stim_treatment,2023,953
stim_treatment,1194,454
stim_treatment,1367,497
stim_treatment,2459,872
stim_treatment,3277,929
stim_treatment,503,256
stim_treatment,921,461
stim_treatment,854,448
stim_treatment,2633,812
stim_treatment,1119,449
stim_treatment,2553,709
stim_treatment,992,439
stim_treatment,884,460
stim_treatment,1289,520
stim_treatment,5649,1475
stim_treatment,2282,649
stim_treatment,1065,493
stim_treatment,5085,1372
stim_treatment,1049,506
stim_treatment,1211,540
stim_treatment,827,406
stim_treatment,2342,575
stim_treatment,3943,1333
stim_treatment,975,328
stim_treatment,2088,868
stim_treatment,401,279
stim_treatment,4009,955
stim_treatment,697,432
stim_treatment,821,428
stim_treatment,1542,581
stim_treatment,407,233
stim_treatment,879,423
stim_treatment,2412,855
stim_treatment,1493,678
stim_treatment,1282,521
stim_treatment,1961,572
stim_treatment,1172,470
stim_treatment,537,264
stim_treatment,491,270
stim_treatment,4962,142
stim_treatment,1272,453
stim_treatment,1349,563
stim_treatment,1862,796
stim_treatment,1402,442
stim_treatment,3054,1179
stim_treatment,360,256
stim_treatment,437,238
stim_treatment,860,435
stim_treatment,3530,1154
stim_treatment,1245,417
stim_treatment,1158,516
stim_treatment,1011,451
stim_treatment,1319,514
stim_treatment,1688,493
stim_treatment,2421,643
stim_treatment,1718,785
stim_treatment,969,409
stim_treatment,4073,960
stim_treatment,1474,563
stim_treatment,2871,1096
stim_treatment,745,450
stim_treatment,443,240
stim_treatment,1486,599
stim_treatment,1196,476
stim_treatment,3129,947
stim_treatment,2412,892
stim_treatment,1455,577
stim_treatment,3014,819
stim_treatment,2348,903
stim_treatment,1646,576
stim_treatment,2495,823
stim_treatment,900,289
stim_treatment,1462,545
stim_treatment,202,121
stim_treatment,388,225
stim_treatment,968,503
stim_treatment,3228,966
stim_treatment,1197,524
stim_treatment,1561,725
stim_treatment,1109,515
stim_treatment,1586,633
stim_treatment,1757,726
stim_treatment,2736,652
stim_treatment,988,398
stim_treatment,3230,879
stim_treatment,779,384
stim_treatment,1149,541
stim_treatment,1083,407
stim_treatment,4379,1125
stim_treatment,2058,808
stim_treatment,1801,617
stim_treatment,2655,772
stim_treatment,2962,799
stim_treatment,1281,509
stim_treatment,1637,597
stim_treatment,1917,669
stim_treatment,2887,857
stim_treatment,1295,572
stim_treatment,585,380
stim_treatment,2982,971
stim_treatment,1218,611
stim_treatment,5192,1379
stim_treatment,2062,802
stim_treatment,784,302
stim_treatment,3404,856
stim_treatment,2155,812
stim_treatment,1244,498
stim_treatment,1220,438
stim_treatment,1272,568
stim_treatment,1131,514
stim_treatment,1112,470
stim_treatment,865,461
stim_treatment,1241,557
stim_treatment,1172,470
stim_treatment,3114,903
stim_treatment,4197,1152
stim_treatment,1469,591
stim_treatment,4380,1365
stim_treatment,243,160
stim_treatment,1144,484
stim_treatment,1176,511
stim_treatment,1302,580
stim_treatment,1056,468
stim_treatment,1700,749
stim_treatment,2180,756
stim_treatment,1351,531
stim_treatment,1019,439
stim_treatment,2165,864
stim_treatment,1101,456
stim_treatment,593,339
stim_treatment,1473,655
stim_treatment,810,370
stim_treatment,374,198
stim_treatment,2793,762
stim_treatment,1066,508
stim_treatment,1001,462
stim_treatment,1599,592
stim_treatment,726,419
stim_treatment,1523,771
stim_treatment,1111,506
stim_treatment,437,228
stim_treatment,549,321
stim_treatment,1920,609
stim_treatment,1858,708
stim_treatment,1360,481
stim_treatment,1233,468
stim_treatment,990,451
stim_treatment,1164,494
stim_treatment,4225,1255
stim_treatment,1026,437
stim_treatment,305,196
stim_treatment,1764,713
stim_treatment,1544,622
stim_treatment,1284,553
stim_treatment,164,104
stim_treatment,2270,794
stim_treatment,6672,1562
stim_treatment,1491,568
stim_treatment,1871,587
stim_treatment,1219,506
stim_treatment,180,115
stim_treatment,1263,477
stim_treatment,1269,595
stim_treatment,857,395
stim_treatment,2446,954
stim_treatment,2697,676
stim_treatment,1074,374
stim_treatment,1551,564
stim_treatment,1341,480
stim_treatment,723,391
stim_treatment,4137,1018
stim_treatment,1342,491
stim_treatment,1406,450
stim_treatment,951,417
stim_treatment,1290,510
stim_treatment,617,245
stim_treatment,1075,509
stim_treatment,3395,853
stim_treatment,1814,575
stim_treatment,1121,536
stim_treatment,960,419
stim_treatment,1481,579
stim_treatment,638,268
stim_treatment,891,364
stim_treatment,2616,761
stim_treatment,2666,900
stim_treatment,2339,961
stim_treatment,2345,911
stim_treatment,1999,664
stim_treatment,1460,717
stim_treatment,1603,753
stim_treatment,1735,641
stim_treatment,2584,1042
stim_treatment,1697,643
stim_treatment,2797,784
stim_treatment,5271,1104
stim_treatment,1320,631
stim_treatment,1117,519
stim_treatment,4171,1044
stim_treatment,1234,540
stim_treatment,667,320
stim_treatment,583,336
stim_treatment,750,385
stim_treatment,1324,465
stim_treatment,1123,503
stim_treatment,1796,662
stim_treatment,1230,479
stim_treatment,1395,500
stim_treatment,1366,555
stim_treatment,1252,517
stim_treatment,1023,371
stim_treatment,972,501
stim_treatment,2658,792
stim_treatment,1575,673
stim_treatment,1481,619
stim_treatment,184,104
stim_treatment,3913,1126
stim_treatment,5509,1505
stim_treatment,2594,711
stim_treatment,745,356
stim_treatment,6351,1690
stim_treatment,2189,878
stim_treatment,594,283
stim_treatment,4331,1246
stim_treatment,732,334
stim_treatment,3173,861
stim_treatment,470,128
stim_treatment,2015,644
stim_treatment,2216,904
stim_treatment,1042,526
stim_treatment,1236,504
stim_treatment,1036,509
stim_treatment,1253,651
stim_treatment,1194,458
stim_treatment,3503,1070
stim_treatment,1075,387
stim_treatment,1446,612
stim_treatment,5403,1382
stim_treatment,2623,767
stim_treatment,2002,500
stim_treatment,1064,513
stim_treatment,1048,466
stim_treatment,829,434
stim_treatment,2932,1092
stim_treatment,1284,687
stim_treatment,918,399
stim_treatment,1597,610
stim_treatment,1008,472
stim_treatment,1213,586
stim_treatment,1226,440
stim_treatment,1129,440
stim_treatment,1238,528
stim_treatment,1180,492
stim_treatment,1699,532
stim_treatment,1272,407
stim_treatment,2118,620
stim_treatment,721,431
stim_treatment,2641,745
stim_treatment,1193,585
stim_treatment,1380,582
stim_treatment,774,385
stim_treatment,1386,578
stim_treatment,1346,515
stim_treatment,1219,527
stim_treatment,846,397
stim_treatment,2315,891
stim_treatment,718,311
stim_treatment,5067,1242
stim_treatment,1248,434
stim_treatment,3129,763
stim_treatment,1205,444
stim_treatment,1035,445
stim_treatment,1377,571
stim_treatment,1063,453
stim_treatment,1014,464
stim_treatment,2115,843
stim_treatment,739,304
stim_treatment,2926,899
stim_treatment,1906,632
stim_treatment,1200,517
stim_treatment,1799,695
stim_treatment,4079,1093
stim_treatment,273,153
stim_treatment,2395,691
stim_treatment,1424,547
stim_treatment,1824,710
stim_treatment,751,396
stim_treatment,1656,682
stim_treatment,1362,565
stim_treatment,1828,778
stim_treatment,2600,821
stim_treatment,1054,435
stim_treatment,744,444
stim_treatment,1955,697
stim_treatment,919,510
stim_treatment,1071,507
stim_treatment,1951,1001
stim_treatment,1309,528
stim_treatment,1069,513
stim_treatment,2623,793
stim_treatment,1048,522
stim_treatment,2077,785
stim_treatment,1103,464
stim_treatment,1094,452
stim_treatment,1235,602
stim_treatment,791,405
stim_treatment,3385,477
stim_treatment,1055,437
stim_treatment,1244,486
stim_treatment,1203,472
stim_treatment,2472,720
stim_treatment,1295,588
stim_treatment,168,107
stim_treatment,1770,490
stim_treatment,872,445
stim_treatment,1929,657
stim_treatment,1247,625
stim_treatment,2517,773
stim_treatment,1262,601
stim_treatment,1171,491
stim_treatment,1087,495
stim_treatment,1159,496
stim_treatment,723,467
stim_treatment,2535,818
stim_treatment,1169,505
stim_treatment,1025,496
stim_treatment,2086,825
stim_treatment,795,342
stim_treatment,1559,628
stim_treatment,1353,516
stim_treatment,934,459
stim_treatment,2457,768
stim_treatment,1034,459
stim_treatment,949,381
stim_treatment,596,345
stim_treatment,1219,594
stim_treatment,1008,456
stim_treatment,4761,1169
stim_treatment,1539,650
stim_treatment,3350,1046
stim_treatment,1538,589
stim_treatment,1127,401
stim_treatment,2062,612
stim_treatment,2781,756
stim_treatment,2451,747
stim_treatment,2106,760
stim_treatment,1496,528
stim_treatment,1850,709
stim_treatment,2390,783
stim_treatment,1209,527
stim_treatment,5656,1264
stim_treatment,1449,555
stim_treatment,1063,425
stim_treatment,683,452
stim_treatment,1395,492
stim_treatment,1102,483
stim_treatment,2334,841
stim_treatment,2766,856
stim_treatment,620,295
stim_treatment,1641,545
stim_treatment,1233,518
stim_treatment,1084,469
stim_treatment,818,432
stim_treatment,1104,438
